Timestamp,Last,Volume,Bid,Ask,Spread,BidPrice1,BidQty1,BidPrice2,BidQty2,BidPrice3,BidQty3,BidPrice4,BidQty4,BidPrice5,BidQty5,BidPrice6,BidQty6,BidPrice7,BidQty7,BidPrice8,BidQty8,BidPrice9,BidQty9,BidPrice10,BidQty10,AskPrice1,AskQty1,AskPrice2,AskQty2,AskPrice3,AskQty3,AskPrice4,AskQty4,AskPrice5,AskQty5,AskPrice6,AskQty6,AskPrice7,AskQty7,AskPrice8,AskQty8,AskPrice9,AskQty9,AskPrice10,AskQty10,Aggressor,CurBarBuyVol,CurBarSellVol,CurBarTotalVol,CurBarDelta,CurBarMaxSeen,CurBarMinSeen,CurBarRange,CurBarBodyPct,CurBarOpen,CurBarHigh,CurBarLow,CurBarClose,PrevBarBuyVol,PrevBarSellVol,PrevBarTotalVol,PrevBarDelta,PrevBarMaxSeen,PrevBarMinSeen,PrevBarRange,PrevBarBodyPct,PrevBar30sAggDelta,PrevBar30sTradeCount,PrevBarAbsorbRatio,IntraAbsorbRatio,CumDelta5Bars,CumDelta10Bars,HTFEmaValue,HTFEmaSlope,HTFEmaDir,H2_HourlyVolBaseline,H2_PrevBarVolMultiple,ATRValue
20260619 110002 897,4167.40,1,4167.50,4167.70,0.20,4167.50,3,4167.40,3,4167.30,6,4167.20,7,4167.00,5,4166.90,3,4166.80,3,4166.70,8,4166.60,7,4166.50,15,4167.70,1,4167.80,2,4167.90,6,4168.00,2,4168.10,6,4168.20,5,4168.30,6,4168.40,5,4168.50,10,4168.60,11,Sell,9,13,22,-4.00,1.00,-4.00,0.60,100.0,4168.00,4168.00,4167.40,4167.40,46,42,88,4.00,4.00,-13.00,0.80,62.5,42,156,0.0000,0.0000,-20.00,-28.00,4174.90,-0.7673,DOWN,202.65,0.4342,2.2097
20260619 110002 897,4167.40,1,4167.50,4167.70,0.20,4167.50,3,4167.40,3,4167.30,6,4167.20,7,4167.00,5,4166.90,3,4166.80,3,4166.70,8,4166.60,7,4166.50,15,4167.70,1,4167.80,2,4167.90,6,4168.00,2,4168.10,6,4168.20,5,4168.30,6,4168.40,5,4168.50,10,4168.60,11,Sell,9,14,23,-5.00,1.00,-5.00,0.60,100.0,4168.00,4168.00,4167.40,4167.40,46,42,88,4.00,4.00,-13.00,0.80,62.5,42,156,0.0000,0.0000,-21.00,-29.00,4174.90,-0.7673,DOWN,202.65,0.4342,2.2097
20260619 110002 901,4167.50,1,4167.50,4167.70,0.20,4167.50,3,4167.40,3,4167.30,6,4167.20,7,4167.00,5,4166.90,3,4166.80,3,4166.70,8,4166.60,7,4166.50,15,4167.70,1,4167.80,2,4167.90,6,4168.00,2,4168.10,6,4168.20,5,4168.30,6,4168.40,5,4168.50,10,4168.60,11,Buy,10,14,24,-4.00,1.00,-5.00,0.60,83.3,4168.00,4168.00,4167.40,4167.50,46,42,88,4.00,4.00,-13.00,0.80,62.5,42,156,0.0000,0.2500,-20.00,-28.00,4174.91,-0.7641,DOWN,202.65,0.4342,2.2097
20260619 110002 911,4167.60,1,4167.50,4167.70,0.20,4167.50,3,4167.40,3,4167.30,6,4167.20,7,4167.00,5,4166.90,3,4166.80,3,4166.70,8,4166.60,7,4166.50,15,4167.70,1,4167.80,2,4167.90,6,4168.00,2,4168.10,6,4168.20,5,4168.30,6,4168.40,5,4168.50,10,4168.60,11,Buy,11,14,25,-3.00,1.00,-5.00,0.60,66.7,4168.00,4168.00,4167.40,4167.60,46,42,88,4.00,4.00,-13.00,0.80,62.5,42,156,0.0000,0.6667,-19.00,-27.00,4174.92,-0.7609,DOWN,202.65,0.4342,2.2097
20260619 110003 056,4168.00,1,4167.80,4168.00,0.20,4167.80,1,4167.70,5,4167.60,5,4167.50,4,4167.40,3,4167.30,8,4167.20,7,4167.10,7,4167.00,11,4166.90,8,4168.00,2,4168.10,3,4168.20,2,4168.30,8,4168.40,4,4168.50,4,4168.60,6,4168.70,6,4168.80,1,4168.90,3,Buy,12,14,26,-2.00,1.00,-5.00,0.60,0.0,4168.00,4168.00,4167.40,4168.00,46,42,88,4.00,4.00,-13.00,0.80,62.5,42,156,0.0000,1.5000,-18.00,-26.00,4174.96,-0.7482,DOWN,202.65,0.4342,2.2097
20260619 110003 061,4168.20,1,4167.80,4168.00,0.20,4167.80,1,4167.70,5,4167.60,5,4167.50,4,4167.40,3,4167.30,8,4167.20,7,4167.10,7,4167.00,11,4166.90,8,4168.00,2,4168.10,3,4168.20,2,4168.30,8,4168.40,4,4168.50,4,4168.60,6,4168.70,6,4168.80,1,4168.90,3,Sell,12,15,27,-3.00,1.00,-5.00,0.80,25.0,4168.00,4168.20,4167.40,4168.20,46,42,88,4.00,4.00,-13.00,0.80,62.5,42,156,0.0000,0.6667,-19.00,-27.00,4174.98,-0.7419,DOWN,202.65,0.4342,2.2097
20260619 110003 062,4168.30,1,4167.80,4168.00,0.20,4167.80,1,4167.70,5,4167.60,5,4167.50,4,4167.40,3,4167.30,8,4167.20,7,4167.10,7,4167.00,11,4166.90,8,4168.00,2,4168.10,3,4168.20,2,4168.30,8,4168.40,4,4168.50,4,4168.60,6,4168.70,6,4168.80,1,4168.90,3,Buy,13,15,28,-2.00,1.00,-5.00,0.90,33.3,4168.00,4168.30,4167.40,4168.30,46,42,88,4.00,4.00,-13.00,0.80,62.5,42,156,0.0000,1.5000,-18.00,-26.00,4174.99,-0.7387,DOWN,202.65,0.4342,2.2169
20260619 110003 062,4168.30,1,4167.80,4168.00,0.20,4167.80,1,4167.70,5,4167.60,5,4167.50,4,4167.40,3,4167.30,8,4167.20,7,4167.10,7,4167.00,11,4166.90,8,4168.00,2,4168.10,3,4168.20,2,4168.30,8,4168.40,4,4168.50,4,4168.60,6,4168.70,6,4168.80,1,4168.90,3,Buy,14,15,29,-1.00,1.00,-5.00,0.90,33.3,4168.00,4168.30,4167.40,4168.30,46,42,88,4.00,4.00,-13.00,0.80,62.5,42,156,0.0000,4.0000,-17.00,-25.00,4174.99,-0.7387,DOWN,202.65,0.4342,2.2169
20260619 110003 113,4168.10,1,4167.90,4168.20,0.30,4167.90,4,4167.80,4,4167.70,6,4167.60,5,4167.50,4,4167.40,3,4167.30,8,4167.20,7,4167.10,7,4167.00,11,4168.20,2,4168.30,6,4168.40,3,4168.50,5,4168.60,6,4168.70,6,4168.80,1,4168.90,3,4169.00,10,4169.10,11,Sell,14,16,30,-2.00,1.00,-5.00,0.90,11.1,4168.00,4168.30,4167.40,4168.10,46,42,88,4.00,4.00,-13.00,0.80,62.5,42,156,0.0000,1.5000,-18.00,-26.00,4174.97,-0.7451,DOWN,202.65,0.4342,2.2169
20260619 110003 130,4168.00,1,4167.90,4168.20,0.30,4167.90,4,4167.80,4,4167.70,6,4167.60,5,4167.50,4,4167.40,3,4167.30,8,4167.20,7,4167.10,7,4167.00,11,4168.20,2,4168.30,6,4168.40,3,4168.50,5,4168.60,6,4168.70,6,4168.80,1,4168.90,3,4169.00,10,4169.10,11,Buy,15,16,31,-1.00,1.00,-5.00,0.90,0.0,4168.00,4168.30,4167.40,4168.00,46,42,88,4.00,4.00,-13.00,0.80,62.5,42,156,0.0000,4.0000,-17.00,-25.00,4174.96,-0.7482,DOWN,202.65,0.4342,2.2169
20260619 110003 432,4168.30,1,4168.10,4168.30,0.20,4168.10,2,4168.00,3,4167.90,4,4167.80,4,4167.70,6,4167.60,5,4167.50,4,4167.40,3,4167.30,8,4167.20,12,4168.40,1,4168.50,4,4168.60,5,4168.70,6,4168.80,1,4168.90,3,4169.00,10,4169.10,11,4169.20,9,4169.30,11,Buy,16,16,32,0.00,1.00,-5.00,0.90,33.3,4168.00,4168.30,4167.40,4168.30,46,42,88,4.00,4.00,-13.00,0.80,62.5,42,156,0.0000,1.0000,-16.00,-24.00,4174.99,-0.7387,DOWN,202.65,0.4342,2.2169
20260619 110003 432,4168.30,1,4168.10,4168.30,0.20,4168.10,2,4168.00,3,4167.90,4,4167.80,4,4167.70,6,4167.60,5,4167.50,4,4167.40,3,4167.30,8,4167.20,12,4168.40,1,4168.50,4,4168.60,5,4168.70,6,4168.80,1,4168.90,3,4169.00,10,4169.10,11,4169.20,9,4169.30,11,Buy,17,16,33,1.00,1.00,-5.00,0.90,33.3,4168.00,4168.30,4167.40,4168.30,46,42,88,4.00,4.00,-13.00,0.80,62.5,42,156,0.0000,0.0000,-15.00,-23.00,4174.99,-0.7387,DOWN,202.65,0.4342,2.2169
20260619 110003 432,4168.40,1,4168.10,4168.30,0.20,4168.10,2,4168.00,3,4167.90,4,4167.80,4,4167.70,6,4167.60,5,4167.50,4,4167.40,3,4167.30,8,4167.20,12,4168.40,1,4168.50,4,4168.60,5,4168.70,6,4168.80,1,4168.90,3,4169.00,10,4169.10,11,4169.20,9,4169.30,11,Buy,18,16,34,2.00,2.00,-5.00,1.00,40.0,4168.00,4168.40,4167.40,4168.40,46,42,88,4.00,4.00,-13.00,0.80,62.5,42,156,0.0000,0.0000,-14.00,-22.00,4175.00,-0.7355,DOWN,202.65,0.4342,2.2240
20260619 110003 501,4168.20,1,4168.20,4168.40,0.20,4168.20,4,4168.10,4,4168.00,3,4167.90,4,4167.80,4,4167.70,6,4167.60,5,4167.50,5,4167.40,4,4167.30,13,4168.40,1,4168.50,4,4168.60,5,4168.70,6,4168.80,1,4168.90,3,4169.00,10,4169.10,11,4169.20,9,4169.30,11,Sell,18,17,35,1.00,2.00,-5.00,1.00,20.0,4168.00,4168.40,4167.40,4168.20,46,42,88,4.00,4.00,-13.00,0.80,62.5,42,156,0.0000,1.0000,-15.00,-23.00,4174.98,-0.7419,DOWN,202.65,0.4342,2.2240
20260619 110003 501,4168.20,1,4168.20,4168.40,0.20,4168.20,4,4168.10,4,4168.00,3,4167.90,4,4167.80,4,4167.70,6,4167.60,5,4167.50,5,4167.40,4,4167.30,13,4168.40,1,4168.50,4,4168.60,5,4168.70,6,4168.80,1,4168.90,3,4169.00,10,4169.10,11,4169.20,9,4169.30,11,Sell,18,18,36,0.00,2.00,-5.00,1.00,20.0,4168.00,4168.40,4167.40,4168.20,46,42,88,4.00,4.00,-13.00,0.80,62.5,42,156,0.0000,2.0000,-16.00,-24.00,4174.98,-0.7419,DOWN,202.65,0.4342,2.2240
20260619 110003 939,4168.10,1,4167.90,4168.10,0.20,4167.90,3,4167.80,4,4167.70,5,4167.60,5,4167.50,5,4167.40,4,4167.30,13,4167.20,12,4167.10,7,4167.00,11,4168.10,2,4168.20,4,4168.30,5,4168.40,5,4168.50,5,4168.60,5,4168.70,6,4168.80,1,4168.90,3,4169.00,10,Sell,18,19,37,-1.00,2.00,-5.00,1.00,10.0,4168.00,4168.40,4167.40,4168.10,46,42,88,4.00,4.00,-13.00,0.80,62.5,42,156,0.0000,4.0000,-17.00,-25.00,4174.97,-0.7451,DOWN,202.65,0.4342,2.2240
20260619 110003 939,4168.10,1,4167.90,4168.10,0.20,4167.90,3,4167.80,4,4167.70,5,4167.60,5,4167.50,5,4167.40,4,4167.30,13,4167.20,12,4167.10,7,4167.00,11,4168.10,2,4168.20,4,4168.30,5,4168.40,5,4168.50,5,4168.60,5,4168.70,6,4168.80,1,4168.90,3,4169.00,10,Sell,18,20,38,-2.00,2.00,-5.00,1.00,10.0,4168.00,4168.40,4167.40,4168.10,46,42,88,4.00,4.00,-13.00,0.80,62.5,42,156,0.0000,1.5000,-18.00,-26.00,4174.97,-0.7451,DOWN,202.65,0.4342,2.2240
20260619 110004 160,4168.10,1,4167.90,4168.20,0.30,4167.90,3,4167.80,4,4167.70,5,4167.60,5,4167.50,4,4167.40,4,4167.30,13,4167.20,12,4167.10,7,4167.00,11,4168.20,2,4168.30,6,4168.40,5,4168.50,5,4168.60,6,4168.70,6,4168.80,1,4168.90,3,4169.00,10,4169.10,11,Buy,19,20,39,-1.00,2.00,-5.00,1.00,10.0,4168.00,4168.40,4167.40,4168.10,46,42,88,4.00,4.00,-13.00,0.80,62.5,42,156,0.0000,4.0000,-17.00,-25.00,4174.97,-0.7451,DOWN,202.65,0.4342,2.2240
20260619 110004 554,4168.20,1,4168.00,4168.20,0.20,4168.00,2,4167.90,3,4167.80,4,4167.70,5,4167.60,5,4167.50,4,4167.40,4,4167.30,13,4167.20,12,4167.10,7,4168.20,2,4168.30,2,4168.40,6,4168.50,5,4168.60,6,4168.70,6,4168.80,1,4168.90,3,4169.00,10,4169.10,11,Buy,20,20,40,0.00,2.00,-5.00,1.00,20.0,4168.00,4168.40,4167.40,4168.20,46,42,88,4.00,4.00,-13.00,0.80,62.5,42,156,0.0000,2.0000,-16.00,-24.00,4174.98,-0.7419,DOWN,202.65,0.4342,2.2240
20260619 110006 146,4168.20,1,4168.10,4168.30,0.20,4168.10,1,4168.00,3,4167.90,3,4167.80,4,4167.70,5,4167.60,6,4167.50,5,4167.40,9,4167.30,12,4167.20,11,4168.30,2,4168.40,3,4168.50,4,4168.60,4,4168.70,6,4168.80,2,4168.90,3,4169.00,5,4169.10,11,4169.20,9,Sell,20,21,41,-1.00,2.00,-5.00,1.00,20.0,4168.00,4168.40,4167.40,4168.20,46,42,88,4.00,4.00,-13.00,0.80,62.5,42,156,0.0000,4.0000,-17.00,-25.00,4174.98,-0.7419,DOWN,202.65,0.4342,2.2240
20260619 110006 148,4168.10,1,4168.10,4168.30,0.20,4168.10,1,4168.00,3,4167.90,3,4167.80,4,4167.70,5,4167.60,6,4167.50,5,4167.40,9,4167.30,12,4167.20,11,4168.30,2,4168.40,3,4168.50,4,4168.60,4,4168.70,6,4168.80,2,4168.90,3,4169.00,5,4169.10,11,4169.20,9,Sell,20,22,42,-2.00,2.00,-5.00,1.00,10.0,4168.00,4168.40,4167.40,4168.10,46,42,88,4.00,4.00,-13.00,0.80,62.5,42,156,0.0000,1.5000,-18.00,-26.00,4174.97,-0.7451,DOWN,202.65,0.4342,2.2240
20260619 110006 543,4167.80,1,4167.70,4167.90,0.20,4167.70,1,4167.60,4,4167.50,4,4167.40,4,4167.30,7,4167.20,6,4167.10,2,4167.00,12,4166.90,8,4166.80,8,4167.90,2,4168.00,3,4168.10,4,4168.20,3,4168.30,6,4168.40,6,4168.50,4,4168.60,4,4168.70,13,4168.80,9,Sell,20,23,43,-3.00,2.00,-5.00,1.00,20.0,4168.00,4168.40,4167.40,4167.80,46,42,88,4.00,4.00,-13.00,0.80,62.5,42,156,0.0000,0.6667,-19.00,-27.00,4174.94,-0.7546,DOWN,202.65,0.4342,2.2240
20260619 110006 545,4167.80,1,4167.70,4167.90,0.20,4167.70,1,4167.60,4,4167.50,4,4167.40,4,4167.30,7,4167.20,6,4167.10,2,4167.00,12,4166.90,8,4166.80,8,4167.90,2,4168.00,3,4168.10,4,4168.20,3,4168.30,6,4168.40,6,4168.50,4,4168.60,4,4168.70,13,4168.80,9,Buy,21,23,44,-2.00,2.00,-5.00,1.00,20.0,4168.00,4168.40,4167.40,4167.80,46,42,88,4.00,4.00,-13.00,0.80,62.5,42,156,0.0000,1.5000,-18.00,-26.00,4174.94,-0.7546,DOWN,202.65,0.4342,2.2240
20260619 110008 648,4167.80,1,4167.70,4168.00,0.30,4167.70,2,4167.60,4,4167.50,4,4167.40,4,4167.30,5,4167.20,6,4167.10,2,4167.00,6,4166.90,8,4166.80,9,4168.00,4,4168.10,3,4168.20,4,4168.30,7,4168.40,6,4168.50,4,4168.60,10,4168.70,11,4168.80,7,4168.90,8,Sell,21,24,45,-3.00,2.00,-5.00,1.00,20.0,4168.00,4168.40,4167.40,4167.80,46,42,88,4.00,4.00,-13.00,0.80,62.5,42,156,0.0000,0.6667,-19.00,-27.00,4174.94,-0.7546,DOWN,202.65,0.4342,2.2240
20260619 110008 660,4167.80,1,4167.70,4168.00,0.30,4167.70,2,4167.60,4,4167.50,4,4167.40,4,4167.30,5,4167.20,6,4167.10,2,4167.00,6,4166.90,8,4166.80,9,4168.00,4,4168.10,3,4168.20,4,4168.30,7,4168.40,6,4168.50,4,4168.60,10,4168.70,11,4168.80,7,4168.90,8,Buy,22,24,46,-2.00,2.00,-5.00,1.00,20.0,4168.00,4168.40,4167.40,4167.80,46,42,88,4.00,4.00,-13.00,0.80,62.5,42,156,0.0000,1.5000,-18.00,-26.00,4174.94,-0.7546,DOWN,202.65,0.4342,2.2240
20260619 110008 660,4167.80,1,4167.70,4168.00,0.30,4167.70,2,4167.60,4,4167.50,4,4167.40,4,4167.30,5,4167.20,6,4167.10,2,4167.00,6,4166.90,8,4166.80,9,4168.00,4,4168.10,3,4168.20,4,4168.30,7,4168.40,6,4168.50,4,4168.60,10,4168.70,11,4168.80,7,4168.90,8,Buy,23,24,47,-1.00,2.00,-5.00,1.00,20.0,4168.00,4168.40,4167.40,4167.80,46,42,88,4.00,4.00,-13.00,0.80,62.5,42,156,0.0000,4.0000,-17.00,-25.00,4174.94,-0.7546,DOWN,202.65,0.4342,2.2240
20260619 110009 140,4167.90,1,4167.90,4168.00,0.10,4167.90,1,4167.80,4,4167.70,4,4167.60,5,4167.50,4,4167.40,4,4167.30,5,4167.20,6,4167.10,2,4167.00,6,4168.00,1,4168.10,2,4168.20,4,4168.30,6,4168.40,6,4168.50,4,4168.60,5,4168.70,6,4168.80,7,4168.90,8,Sell,23,25,48,-2.00,2.00,-5.00,1.00,10.0,4168.00,4168.40,4167.40,4167.90,46,42,88,4.00,4.00,-13.00,0.80,62.5,42,156,0.0000,1.5000,-18.00,-26.00,4174.95,-0.7514,DOWN,202.65,0.4342,2.2240
20260619 110010 619,4168.20,1,4168.10,4168.30,0.20,4168.10,2,4168.00,4,4167.90,4,4167.80,6,4167.70,4,4167.60,5,4167.50,4,4167.40,4,4167.30,7,4167.20,10,4168.30,1,4168.40,6,4168.50,3,4168.60,4,4168.70,6,4168.80,2,4168.90,3,4169.00,10,4169.10,9,4169.20,9,Buy,24,25,49,-1.00,2.00,-5.00,1.00,20.0,4168.00,4168.40,4167.40,4168.20,46,42,88,4.00,4.00,-13.00,0.80,62.5,42,156,0.0000,4.0000,-17.00,-25.00,4174.98,-0.7419,DOWN,202.65,0.4342,2.2240
20260619 110010 619,4168.20,1,4168.10,4168.30,0.20,4168.10,2,4168.00,4,4167.90,4,4167.80,6,4167.70,4,4167.60,5,4167.50,4,4167.40,4,4167.30,7,4167.20,10,4168.30,1,4168.40,6,4168.50,3,4168.60,4,4168.70,6,4168.80,2,4168.90,3,4169.00,10,4169.10,9,4169.20,9,Buy,25,25,50,0.00,2.00,-5.00,1.00,20.0,4168.00,4168.40,4167.40,4168.20,46,42,88,4.00,4.00,-13.00,0.80,62.5,42,156,0.0000,2.0000,-16.00,-24.00,4174.98,-0.7419,DOWN,202.65,0.4342,2.2240
20260619 110010 639,4168.20,1,4168.10,4168.30,0.20,4168.10,2,4168.00,4,4167.90,4,4167.80,6,4167.70,4,4167.60,5,4167.50,4,4167.40,4,4167.30,7,4167.20,10,4168.30,1,4168.40,6,4168.50,3,4168.60,4,4168.70,6,4168.80,2,4168.90,3,4169.00,10,4169.10,9,4169.20,9,Sell,25,26,51,-1.00,2.00,-5.00,1.00,20.0,4168.00,4168.40,4167.40,4168.20,46,42,88,4.00,4.00,-13.00,0.80,62.5,42,156,0.0000,4.0000,-17.00,-25.00,4174.98,-0.7419,DOWN,202.65,0.4342,2.2240
20260619 110011 076,4168.30,1,4168.40,4168.50,0.10,4168.30,4,4168.20,2,4168.10,4,4168.00,3,4167.90,4,4167.80,6,4167.70,4,4167.60,6,4167.50,9,4167.40,9,4168.60,3,4168.70,3,4168.80,2,4168.90,3,4169.00,5,4169.10,4,4169.20,4,4169.30,11,4169.40,9,4169.50,11,Buy,26,26,52,0.00,2.00,-5.00,1.00,30.0,4168.00,4168.40,4167.40,4168.30,46,42,88,4.00,4.00,-13.00,0.80,62.5,42,156,0.0000,2.0000,-16.00,-24.00,4174.99,-0.7387,DOWN,202.65,0.4342,2.2240
20260619 110011 098,4168.50,1,4168.40,4168.50,0.10,4168.30,4,4168.20,2,4168.10,4,4168.00,3,4167.90,4,4167.80,6,4167.70,4,4167.60,6,4167.50,9,4167.40,9,4168.60,3,4168.70,3,4168.80,2,4168.90,3,4169.00,5,4169.10,4,4169.20,4,4169.30,11,4169.40,9,4169.50,11,Buy,27,26,53,1.00,2.00,-5.00,1.10,45.5,4168.00,4168.50,4167.40,4168.50,46,42,88,4.00,4.00,-13.00,0.80,62.5,42,156,0.0000,1.0000,-15.00,-23.00,4175.00,-0.7324,DOWN,202.65,0.4342,2.2312
20260619 110011 590,4168.50,1,4168.40,4168.60,0.20,4168.40,3,4168.30,3,4168.20,2,4168.10,4,4168.00,3,4167.90,4,4167.80,6,4167.70,5,4167.60,6,4167.50,9,4168.60,1,4168.70,3,4168.80,2,4168.90,3,4169.00,5,4169.10,4,4169.20,4,4169.30,11,4169.40,9,4169.50,11,Buy,28,26,54,2.00,2.00,-5.00,1.10,45.5,4168.00,4168.50,4167.40,4168.50,46,42,88,4.00,4.00,-13.00,0.80,62.5,42,156,0.0000,0.0000,-14.00,-22.00,4175.00,-0.7324,DOWN,202.65,0.4342,2.2312
20260619 110012 608,4168.20,1,4168.20,4168.40,0.20,4168.30,1,4168.20,2,4168.10,4,4168.00,3,4167.90,4,4167.80,6,4167.70,5,4167.60,6,4167.50,9,4167.40,9,4168.50,2,4168.60,3,4168.70,3,4168.80,2,4168.90,3,4169.00,5,4169.10,4,4169.20,4,4169.30,11,4169.40,9,Sell,28,27,55,1.00,2.00,-5.00,1.10,18.2,4168.00,4168.50,4167.40,4168.20,46,42,88,4.00,4.00,-13.00,0.80,62.5,42,156,0.0000,1.0000,-15.00,-23.00,4174.98,-0.7419,DOWN,202.65,0.4342,2.2312
20260619 110012 854,4168.00,1,4167.90,4168.20,0.30,4168.00,2,4167.90,3,4167.80,6,4167.70,4,4167.60,5,4167.50,4,4167.40,10,4167.30,12,4167.20,10,4167.10,7,4168.20,1,4168.30,3,4168.40,5,4168.50,5,4168.60,4,4168.70,3,4168.80,2,4168.90,4,4169.00,5,4169.10,11,Sell,28,28,56,0.00,2.00,-5.00,1.10,0.0,4168.00,4168.50,4167.40,4168.00,46,42,88,4.00,4.00,-13.00,0.80,62.5,42,156,0.0000,2.0000,-16.00,-24.00,4174.96,-0.7482,DOWN,202.65,0.4342,2.2312
20260619 110013 165,4167.80,1,4167.70,4167.90,0.20,4167.70,2,4167.60,4,4167.50,3,4167.40,3,4167.30,7,4167.20,5,4167.10,7,4167.00,11,4166.90,8,4166.80,8,4167.90,3,4168.00,4,4168.10,5,4168.20,5,4168.30,4,4168.40,6,4168.50,5,4168.60,10,4168.70,10,4168.80,7,Sell,28,29,57,-1.00,2.00,-5.00,1.10,18.2,4168.00,4168.50,4167.40,4167.80,46,42,88,4.00,4.00,-13.00,0.80,62.5,42,156,0.0000,4.0000,-17.00,-25.00,4174.94,-0.7546,DOWN,202.65,0.4342,2.2312
20260619 110013 165,4167.80,1,4167.70,4167.90,0.20,4167.70,2,4167.60,4,4167.50,3,4167.40,3,4167.30,7,4167.20,5,4167.10,7,4167.00,11,4166.90,8,4166.80,8,4167.90,3,4168.00,4,4168.10,5,4168.20,5,4168.30,4,4168.40,6,4168.50,5,4168.60,10,4168.70,10,4168.80,7,Sell,28,30,58,-2.00,2.00,-5.00,1.10,18.2,4168.00,4168.50,4167.40,4167.80,46,42,88,4.00,4.00,-13.00,0.80,62.5,42,156,0.0000,1.5000,-18.00,-26.00,4174.94,-0.7546,DOWN,202.65,0.4342,2.2312
20260619 110013 696,4167.70,1,4167.20,4167.40,0.20,4167.20,3,4167.10,1,4167.00,5,4166.90,2,4166.80,3,4166.70,3,4166.60,7,4166.50,15,4166.40,13,4166.30,9,4167.40,2,4167.50,4,4167.60,5,4167.70,6,4167.80,6,4167.90,5,4168.00,4,4168.10,7,4168.20,6,4168.30,5,Sell,28,31,59,-3.00,2.00,-5.00,1.10,27.3,4168.00,4168.50,4167.40,4167.70,46,42,88,4.00,4.00,-13.00,0.80,62.5,42,156,0.0000,0.6667,-19.00,-27.00,4174.93,-0.7578,DOWN,202.65,0.4342,2.2312
20260619 110013 748,4167.20,1,4167.00,4167.20,0.20,4167.00,1,4166.90,1,4166.80,1,4166.70,3,4166.60,1,4166.50,10,4166.40,12,4166.30,9,4166.20,8,4166.10,12,4167.20,3,4167.30,5,4167.40,5,4167.50,5,4167.60,6,4167.70,7,4167.80,6,4167.90,5,4168.00,4,4168.10,12,Sell,28,32,60,-4.00,2.00,-5.00,1.30,61.5,4168.00,4168.50,4167.20,4167.20,46,42,88,4.00,4.00,-13.00,0.80,62.5,42,156,0.0000,0.2500,-20.00,-28.00,4174.88,-0.7736,DOWN,202.65,0.4342,2.2455
20260619 110013 748,4167.20,1,4167.00,4167.20,0.20,4167.00,1,4166.90,1,4166.80,1,4166.70,3,4166.60,1,4166.50,10,4166.40,12,4166.30,9,4166.20,8,4166.10,12,4167.20,3,4167.30,5,4167.40,5,4167.50,5,4167.60,6,4167.70,7,4167.80,6,4167.90,5,4168.00,4,4168.10,12,Sell,28,33,61,-5.00,2.00,-5.00,1.30,61.5,4168.00,4168.50,4167.20,4167.20,46,42,88,4.00,4.00,-13.00,0.80,62.5,42,156,0.0000,0.0000,-21.00,-29.00,4174.88,-0.7736,DOWN,202.65,0.4342,2.2455
20260619 110013 883,4167.10,1,4167.10,4167.30,0.20,4167.10,2,4167.00,3,4166.90,5,4166.80,4,4166.70,3,4166.60,1,4166.50,10,4166.40,7,4166.30,9,4166.20,8,4167.30,3,4167.40,4,4167.50,6,4167.60,6,4167.70,7,4167.80,6,4167.90,5,4168.00,9,4168.10,11,4168.20,10,Buy,29,33,62,-4.00,2.00,-5.00,1.40,64.3,4168.00,4168.50,4167.10,4167.10,46,42,88,4.00,4.00,-13.00,0.80,62.5,42,156,0.0000,0.2500,-20.00,-28.00,4174.87,-0.7768,DOWN,202.65,0.4342,2.2526
20260619 110016 602,4167.40,1,4167.20,4167.30,0.10,4167.10,1,4167.00,4,4166.90,5,4166.80,9,4166.70,2,4166.60,2,4166.50,10,4166.40,12,4166.30,9,4166.20,8,4167.30,3,4167.40,5,4167.50,5,4167.60,4,4167.70,7,4167.80,6,4167.90,5,4168.00,4,4168.10,6,4168.20,5,Sell,29,34,63,-5.00,2.00,-5.00,1.40,42.9,4168.00,4168.50,4167.10,4167.40,46,42,88,4.00,4.00,-13.00,0.80,62.5,42,156,0.0000,0.0000,-21.00,-29.00,4174.90,-0.7673,DOWN,202.65,0.4342,2.2526
20260619 110016 651,4167.20,1,4167.20,4167.30,0.10,4167.10,1,4167.00,4,4166.90,5,4166.80,9,4166.70,2,4166.60,2,4166.50,10,4166.40,12,4166.30,9,4166.20,8,4167.30,3,4167.40,5,4167.50,5,4167.60,4,4167.70,7,4167.80,6,4167.90,5,4168.00,4,4168.10,6,4168.20,5,Sell,29,35,64,-6.00,2.00,-6.00,1.40,57.1,4168.00,4168.50,4167.10,4167.20,46,42,88,4.00,4.00,-13.00,0.80,62.5,42,156,0.0000,0.0000,-22.00,-30.00,4174.88,-0.7736,DOWN,202.65,0.4342,2.2526
20260619 110020 094,4167.10,1,4167.00,4167.20,0.20,4167.00,2,4166.90,4,4166.80,9,4166.70,2,4166.60,1,4166.50,10,4166.40,7,4166.30,9,4166.20,8,4166.10,14,4167.20,1,4167.30,4,4167.40,4,4167.50,5,4167.60,6,4167.70,7,4167.80,6,4167.90,5,4168.00,6,4168.10,11,Sell,29,36,65,-7.00,2.00,-7.00,1.40,64.3,4168.00,4168.50,4167.10,4167.10,46,42,88,4.00,4.00,-13.00,0.80,62.5,42,156,0.0000,0.0000,-23.00,-31.00,4174.87,-0.7768,DOWN,202.65,0.4342,2.2526
20260619 110020 095,4167.10,1,4167.00,4167.20,0.20,4167.00,2,4166.90,4,4166.80,9,4166.70,2,4166.60,1,4166.50,10,4166.40,7,4166.30,9,4166.20,8,4166.10,14,4167.20,1,4167.30,4,4167.40,4,4167.50,5,4167.60,6,4167.70,7,4167.80,6,4167.90,5,4168.00,6,4168.10,11,Buy,30,36,66,-6.00,2.00,-7.00,1.40,64.3,4168.00,4168.50,4167.10,4167.10,46,42,88,4.00,4.00,-13.00,0.80,62.5,42,156,0.0000,0.1667,-22.00,-30.00,4174.87,-0.7768,DOWN,202.65,0.4342,2.2526
20260619 110021 053,4167.00,1,4166.90,4167.10,0.20,4166.90,4,4166.80,9,4166.70,2,4166.60,1,4166.50,10,4166.40,7,4166.30,4,4166.20,8,4166.10,14,4166.00,12,4167.10,1,4167.20,4,4167.30,5,4167.40,4,4167.50,5,4167.60,6,4167.70,7,4167.80,6,4167.90,5,4168.00,11,Sell,30,37,67,-7.00,2.00,-7.00,1.50,66.7,4168.00,4168.50,4167.00,4167.00,46,42,88,4.00,4.00,-13.00,0.80,62.5,42,156,0.0000,0.0000,-23.00,-31.00,4174.86,-0.7800,DOWN,202.65,0.4342,2.2597
20260619 110022 072,4166.90,1,4166.90,4167.10,0.20,4166.90,1,4166.80,9,4166.70,2,4166.60,1,4166.50,10,4166.40,7,4166.30,4,4166.20,8,4166.10,14,4166.00,12,4167.10,2,4167.20,4,4167.30,5,4167.40,4,4167.50,5,4167.60,6,4167.70,7,4167.80,6,4167.90,5,4168.00,11,Sell,30,38,68,-8.00,2.00,-8.00,1.60,68.8,4168.00,4168.50,4166.90,4166.90,46,42,88,4.00,4.00,-13.00,0.80,62.5,42,156,0.0000,0.0000,-24.00,-32.00,4174.85,-0.7832,DOWN,202.65,0.4342,2.2669
20260619 110023 140,4166.70,1,4166.10,4166.20,0.10,4166.60,1,4166.50,10,4166.40,13,4166.30,4,4166.20,3,4166.10,9,4166.00,12,4165.90,8,4165.80,11,4165.70,11,4167.00,3,4167.10,2,4167.20,4,4167.30,6,4167.40,5,4167.50,5,4167.60,6,4167.70,7,4167.80,6,4167.90,9,Sell,30,39,69,-9.00,2.00,-9.00,1.80,72.2,4168.00,4168.50,4166.70,4166.70,46,42,88,4.00,4.00,-13.00,0.80,62.5,42,156,0.0000,0.0000,-25.00,-33.00,4174.83,-0.7895,DOWN,202.65,0.4342,2.2812
20260619 110023 140,4166.70,1,4166.40,4166.60,0.20,4166.40,2,4166.30,4,4166.20,4,4166.10,6,4166.00,6,4165.90,3,4165.80,6,4165.70,7,4165.60,4,4165.50,12,4166.60,1,4166.70,2,4166.80,5,4166.90,7,4167.00,9,4167.10,6,4167.20,5,4167.30,11,4167.40,10,4167.50,9,Sell,30,40,70,-10.00,2.00,-10.00,1.80,72.2,4168.00,4168.50,4166.70,4166.70,46,42,88,4.00,4.00,-13.00,0.80,62.5,42,156,0.0000,0.0000,-26.00,-34.00,4174.83,-0.7895,DOWN,202.65,0.4342,2.2812
20260619 110023 141,4166.60,1,4166.40,4166.60,0.20,4166.40,2,4166.30,4,4166.20,4,4166.10,6,4166.00,6,4165.90,3,4165.80,6,4165.70,7,4165.60,4,4165.50,12,4166.60,1,4166.70,2,4166.80,5,4166.90,7,4167.00,9,4167.10,6,4167.20,5,4167.30,11,4167.40,10,4167.50,9,Sell,30,41,71,-11.00,2.00,-11.00,1.90,73.7,4168.00,4168.50,4166.60,4166.60,46,42,88,4.00,4.00,-13.00,0.80,62.5,42,156,0.0000,0.0000,-27.00,-35.00,4174.82,-0.7927,DOWN,202.65,0.4342,2.2883
20260619 110023 141,4166.50,1,4166.40,4166.60,0.20,4166.40,2,4166.30,4,4166.20,4,4166.10,6,4166.00,6,4165.90,3,4165.80,6,4165.70,7,4165.60,4,4165.50,12,4166.60,1,4166.70,2,4166.80,5,4166.90,7,4167.00,9,4167.10,6,4167.20,5,4167.30,11,4167.40,10,4167.50,9,Sell,30,42,72,-12.00,2.00,-12.00,2.00,75.0,4168.00,4168.50,4166.50,4166.50,46,42,88,4.00,4.00,-13.00,0.80,62.5,42,156,0.0000,0.0000,-28.00,-36.00,4174.81,-0.7959,DOWN,202.65,0.4342,2.2955
20260619 110023 141,4166.50,1,4166.40,4166.60,0.20,4166.40,2,4166.30,4,4166.20,4,4166.10,6,4166.00,6,4165.90,3,4165.80,6,4165.70,7,4165.60,4,4165.50,12,4166.60,1,4166.70,2,4166.80,5,4166.90,7,4167.00,9,4167.10,6,4167.20,5,4167.30,11,4167.40,10,4167.50,9,Sell,30,43,73,-13.00,2.00,-13.00,2.00,75.0,4168.00,4168.50,4166.50,4166.50,46,42,88,4.00,4.00,-13.00,0.80,62.5,42,156,0.0000,0.0000,-29.00,-37.00,4174.81,-0.7959,DOWN,202.65,0.4342,2.2955
20260619 110023 141,4166.50,1,4166.40,4166.60,0.20,4166.40,2,4166.30,4,4166.20,4,4166.10,6,4166.00,6,4165.90,3,4165.80,6,4165.70,7,4165.60,4,4165.50,12,4166.60,1,4166.70,2,4166.80,5,4166.90,7,4167.00,9,4167.10,6,4167.20,5,4167.30,11,4167.40,10,4167.50,9,Sell,30,44,74,-14.00,2.00,-14.00,2.00,75.0,4168.00,4168.50,4166.50,4166.50,46,42,88,4.00,4.00,-13.00,0.80,62.5,42,156,0.0000,0.0000,-30.00,-38.00,4174.81,-0.7959,DOWN,202.65,0.4342,2.2955
20260619 110023 144,4166.50,1,4166.40,4166.60,0.20,4166.40,2,4166.30,4,4166.20,4,4166.10,6,4166.00,6,4165.90,3,4165.80,6,4165.70,7,4165.60,4,4165.50,12,4166.60,1,4166.70,2,4166.80,5,4166.90,7,4167.00,9,4167.10,6,4167.20,5,4167.30,11,4167.40,10,4167.50,9,Sell,30,45,75,-15.00,2.00,-15.00,2.00,75.0,4168.00,4168.50,4166.50,4166.50,46,42,88,4.00,4.00,-13.00,0.80,62.5,42,156,0.0000,0.0000,-31.00,-39.00,4174.81,-0.7959,DOWN,202.65,0.4342,2.2955
20260619 110023 144,4166.50,1,4166.40,4166.60,0.20,4166.40,2,4166.30,4,4166.20,4,4166.10,6,4166.00,6,4165.90,3,4165.80,6,4165.70,7,4165.60,4,4165.50,12,4166.60,1,4166.70,2,4166.80,5,4166.90,7,4167.00,9,4167.10,6,4167.20,5,4167.30,11,4167.40,10,4167.50,9,Sell,30,46,76,-16.00,2.00,-16.00,2.00,75.0,4168.00,4168.50,4166.50,4166.50,46,42,88,4.00,4.00,-13.00,0.80,62.5,42,156,0.0000,0.0000,-32.00,-40.00,4174.81,-0.7959,DOWN,202.65,0.4342,2.2955
20260619 110023 150,4166.50,1,4166.40,4166.60,0.20,4166.40,2,4166.30,4,4166.20,4,4166.10,6,4166.00,6,4165.90,3,4165.80,6,4165.70,7,4165.60,4,4165.50,12,4166.60,1,4166.70,2,4166.80,5,4166.90,7,4167.00,9,4167.10,6,4167.20,5,4167.30,11,4167.40,10,4167.50,9,Sell,30,47,77,-17.00,2.00,-17.00,2.00,75.0,4168.00,4168.50,4166.50,4166.50,46,42,88,4.00,4.00,-13.00,0.80,62.5,42,156,0.0000,0.0000,-33.00,-41.00,4174.81,-0.7959,DOWN,202.65,0.4342,2.2955
20260619 110023 153,4166.50,1,4166.40,4166.60,0.20,4166.40,2,4166.30,4,4166.20,4,4166.10,6,4166.00,6,4165.90,3,4165.80,6,4165.70,7,4165.60,4,4165.50,12,4166.60,1,4166.70,2,4166.80,5,4166.90,7,4167.00,9,4167.10,6,4167.20,5,4167.30,11,4167.40,10,4167.50,9,Sell,30,48,78,-18.00,2.00,-18.00,2.00,75.0,4168.00,4168.50,4166.50,4166.50,46,42,88,4.00,4.00,-13.00,0.80,62.5,42,156,0.0000,0.0000,-34.00,-42.00,4174.81,-0.7959,DOWN,202.65,0.4342,2.2955
20260619 110023 153,4166.50,2,4166.40,4166.60,0.20,4166.40,2,4166.30,4,4166.20,4,4166.10,6,4166.00,6,4165.90,3,4165.80,6,4165.70,7,4165.60,4,4165.50,12,4166.60,1,4166.70,2,4166.80,5,4166.90,7,4167.00,9,4167.10,6,4167.20,5,4167.30,11,4167.40,10,4167.50,9,Sell,30,50,80,-20.00,2.00,-20.00,2.00,75.0,4168.00,4168.50,4166.50,4166.50,46,42,88,4.00,4.00,-13.00,0.80,62.5,42,156,0.0000,0.0000,-36.00,-44.00,4174.81,-0.7959,DOWN,202.65,0.4342,2.2955
20260619 110023 153,4166.40,1,4166.40,4166.60,0.20,4166.40,2,4166.30,4,4166.20,4,4166.10,6,4166.00,6,4165.90,3,4165.80,6,4165.70,7,4165.60,4,4165.50,12,4166.60,1,4166.70,2,4166.80,5,4166.90,7,4167.00,9,4167.10,6,4167.20,5,4167.30,11,4167.40,10,4167.50,9,Sell,30,51,81,-21.00,2.00,-21.00,2.10,76.2,4168.00,4168.50,4166.40,4166.40,46,42,88,4.00,4.00,-13.00,0.80,62.5,42,156,0.0000,0.0000,-37.00,-45.00,4174.80,-0.7990,DOWN,202.65,0.4342,2.3026
20260619 110023 153,4166.40,1,4166.40,4166.60,0.20,4166.40,2,4166.30,4,4166.20,4,4166.10,6,4166.00,6,4165.90,3,4165.80,6,4165.70,7,4165.60,4,4165.50,12,4166.60,1,4166.70,2,4166.80,5,4166.90,7,4167.00,9,4167.10,6,4167.20,5,4167.30,11,4167.40,10,4167.50,9,Sell,30,52,82,-22.00,2.00,-22.00,2.10,76.2,4168.00,4168.50,4166.40,4166.40,46,42,88,4.00,4.00,-13.00,0.80,62.5,42,156,0.0000,0.0000,-38.00,-46.00,4174.80,-0.7990,DOWN,202.65,0.4342,2.3026
20260619 110023 153,4166.40,1,4166.40,4166.60,0.20,4166.40,2,4166.30,4,4166.20,4,4166.10,6,4166.00,6,4165.90,3,4165.80,6,4165.70,7,4165.60,4,4165.50,12,4166.60,1,4166.70,2,4166.80,5,4166.90,7,4167.00,9,4167.10,6,4167.20,5,4167.30,11,4167.40,10,4167.50,9,Sell,30,53,83,-23.00,2.00,-23.00,2.10,76.2,4168.00,4168.50,4166.40,4166.40,46,42,88,4.00,4.00,-13.00,0.80,62.5,42,156,0.0000,0.0000,-39.00,-47.00,4174.80,-0.7990,DOWN,202.65,0.4342,2.3026
20260619 110023 153,4166.40,1,4166.40,4166.60,0.20,4166.40,2,4166.30,4,4166.20,4,4166.10,6,4166.00,6,4165.90,3,4165.80,6,4165.70,7,4165.60,4,4165.50,12,4166.60,1,4166.70,2,4166.80,5,4166.90,7,4167.00,9,4167.10,6,4167.20,5,4167.30,11,4167.40,10,4167.50,9,Sell,30,54,84,-24.00,2.00,-24.00,2.10,76.2,4168.00,4168.50,4166.40,4166.40,46,42,88,4.00,4.00,-13.00,0.80,62.5,42,156,0.0000,0.0000,-40.00,-48.00,4174.80,-0.7990,DOWN,202.65,0.4342,2.3026
20260619 110023 156,4166.50,1,4166.40,4166.60,0.20,4166.40,2,4166.30,4,4166.20,4,4166.10,6,4166.00,6,4165.90,3,4165.80,6,4165.70,7,4165.60,4,4165.50,12,4166.60,1,4166.70,2,4166.80,5,4166.90,7,4167.00,9,4167.10,6,4167.20,5,4167.30,11,4167.40,10,4167.50,9,Sell,30,55,85,-25.00,2.00,-25.00,2.10,71.4,4168.00,4168.50,4166.40,4166.50,46,42,88,4.00,4.00,-13.00,0.80,62.5,42,156,0.0000,0.0000,-41.00,-49.00,4174.81,-0.7959,DOWN,202.65,0.4342,2.3026
20260619 110023 158,4166.40,2,4166.40,4166.60,0.20,4166.40,2,4166.30,4,4166.20,4,4166.10,6,4166.00,6,4165.90,3,4165.80,6,4165.70,7,4165.60,4,4165.50,12,4166.60,1,4166.70,2,4166.80,5,4166.90,7,4167.00,9,4167.10,6,4167.20,5,4167.30,11,4167.40,10,4167.50,9,Sell,30,57,87,-27.00,2.00,-27.00,2.10,76.2,4168.00,4168.50,4166.40,4166.40,46,42,88,4.00,4.00,-13.00,0.80,62.5,42,156,0.0000,0.0000,-43.00,-51.00,4174.80,-0.7990,DOWN,202.65,0.4342,2.3026
20260619 110023 160,4166.40,1,4166.40,4166.60,0.20,4166.40,2,4166.30,4,4166.20,4,4166.10,6,4166.00,6,4165.90,3,4165.80,6,4165.70,7,4165.60,4,4165.50,12,4166.60,1,4166.70,2,4166.80,5,4166.90,7,4167.00,9,4167.10,6,4167.20,5,4167.30,11,4167.40,10,4167.50,9,Sell,30,58,88,-28.00,2.00,-28.00,2.10,76.2,4168.00,4168.50,4166.40,4166.40,46,42,88,4.00,4.00,-13.00,0.80,62.5,42,156,0.0000,0.0000,-44.00,-52.00,4174.80,-0.7990,DOWN,202.65,0.4342,2.3026
20260619 110023 160,4166.40,2,4166.40,4166.60,0.20,4166.40,2,4166.30,4,4166.20,4,4166.10,6,4166.00,6,4165.90,3,4165.80,6,4165.70,7,4165.60,4,4165.50,12,4166.60,1,4166.70,2,4166.80,5,4166.90,7,4167.00,9,4167.10,6,4167.20,5,4167.30,11,4167.40,10,4167.50,9,Sell,30,60,90,-30.00,2.00,-30.00,2.10,76.2,4168.00,4168.50,4166.40,4166.40,46,42,88,4.00,4.00,-13.00,0.80,62.5,42,156,0.0000,0.0000,-46.00,-54.00,4174.80,-0.7990,DOWN,202.65,0.4342,2.3026
20260619 110023 160,4166.40,1,4166.40,4166.60,0.20,4166.40,2,4166.30,4,4166.20,4,4166.10,6,4166.00,6,4165.90,3,4165.80,6,4165.70,7,4165.60,4,4165.50,12,4166.60,1,4166.70,2,4166.80,5,4166.90,7,4167.00,9,4167.10,6,4167.20,5,4167.30,11,4167.40,10,4167.50,9,Sell,30,61,91,-31.00,2.00,-31.00,2.10,76.2,4168.00,4168.50,4166.40,4166.40,46,42,88,4.00,4.00,-13.00,0.80,62.5,42,156,0.0000,0.0000,-47.00,-55.00,4174.80,-0.7990,DOWN,202.65,0.4342,2.3026
20260619 110023 161,4166.30,1,4166.40,4166.60,0.20,4166.40,2,4166.30,4,4166.20,4,4166.10,6,4166.00,6,4165.90,3,4165.80,6,4165.70,7,4165.60,4,4165.50,12,4166.60,1,4166.70,2,4166.80,5,4166.90,7,4167.00,9,4167.10,6,4167.20,5,4167.30,11,4167.40,10,4167.50,9,Sell,30,62,92,-32.00,2.00,-32.00,2.20,77.3,4168.00,4168.50,4166.30,4166.30,46,42,88,4.00,4.00,-13.00,0.80,62.5,42,156,0.0000,0.0000,-48.00,-56.00,4174.80,-0.8022,DOWN,202.65,0.4342,2.3097
20260619 110023 161,4166.30,1,4166.40,4166.60,0.20,4166.40,2,4166.30,4,4166.20,4,4166.10,6,4166.00,6,4165.90,3,4165.80,6,4165.70,7,4165.60,4,4165.50,12,4166.60,1,4166.70,2,4166.80,5,4166.90,7,4167.00,9,4167.10,6,4167.20,5,4167.30,11,4167.40,10,4167.50,9,Sell,30,63,93,-33.00,2.00,-33.00,2.20,77.3,4168.00,4168.50,4166.30,4166.30,46,42,88,4.00,4.00,-13.00,0.80,62.5,42,156,0.0000,0.0000,-49.00,-57.00,4174.80,-0.8022,DOWN,202.65,0.4342,2.3097
20260619 110023 161,4166.30,1,4166.40,4166.60,0.20,4166.40,2,4166.30,4,4166.20,4,4166.10,6,4166.00,6,4165.90,3,4165.80,6,4165.70,7,4165.60,4,4165.50,12,4166.60,1,4166.70,2,4166.80,5,4166.90,7,4167.00,9,4167.10,6,4167.20,5,4167.30,11,4167.40,10,4167.50,9,Sell,30,64,94,-34.00,2.00,-34.00,2.20,77.3,4168.00,4168.50,4166.30,4166.30,46,42,88,4.00,4.00,-13.00,0.80,62.5,42,156,0.0000,0.0000,-50.00,-58.00,4174.80,-0.8022,DOWN,202.65,0.4342,2.3097
20260619 110023 161,4166.20,1,4166.40,4166.60,0.20,4166.40,2,4166.30,4,4166.20,4,4166.10,6,4166.00,6,4165.90,3,4165.80,6,4165.70,7,4165.60,4,4165.50,12,4166.60,1,4166.70,2,4166.80,5,4166.90,7,4167.00,9,4167.10,6,4167.20,5,4167.30,11,4167.40,10,4167.50,9,Sell,30,65,95,-35.00,2.00,-35.00,2.30,78.3,4168.00,4168.50,4166.20,4166.20,46,42,88,4.00,4.00,-13.00,0.80,62.5,42,156,0.0000,0.0000,-51.00,-59.00,4174.79,-0.8054,DOWN,202.65,0.4342,2.3169
20260619 110023 161,4166.20,1,4166.40,4166.60,0.20,4166.40,2,4166.30,4,4166.20,4,4166.10,6,4166.00,6,4165.90,3,4165.80,6,4165.70,7,4165.60,4,4165.50,12,4166.60,1,4166.70,2,4166.80,5,4166.90,7,4167.00,9,4167.10,6,4167.20,5,4167.30,11,4167.40,10,4167.50,9,Sell,30,66,96,-36.00,2.00,-36.00,2.30,78.3,4168.00,4168.50,4166.20,4166.20,46,42,88,4.00,4.00,-13.00,0.80,62.5,42,156,0.0000,0.0000,-52.00,-60.00,4174.79,-0.8054,DOWN,202.65,0.4342,2.3169
20260619 110023 161,4166.10,1,4166.40,4166.60,0.20,4166.40,2,4166.30,4,4166.20,4,4166.10,6,4166.00,6,4165.90,3,4165.80,6,4165.70,7,4165.60,4,4165.50,12,4166.60,1,4166.70,2,4166.80,5,4166.90,7,4167.00,9,4167.10,6,4167.20,5,4167.30,11,4167.40,10,4167.50,9,Sell,30,67,97,-37.00,2.00,-37.00,2.40,79.2,4168.00,4168.50,4166.10,4166.10,46,42,88,4.00,4.00,-13.00,0.80,62.5,42,156,0.0000,0.0000,-53.00,-61.00,4174.78,-0.8086,DOWN,202.65,0.4342,2.3240
20260619 110023 161,4166.10,1,4166.40,4166.60,0.20,4166.40,2,4166.30,4,4166.20,4,4166.10,6,4166.00,6,4165.90,3,4165.80,6,4165.70,7,4165.60,4,4165.50,12,4166.60,1,4166.70,2,4166.80,5,4166.90,7,4167.00,9,4167.10,6,4167.20,5,4167.30,11,4167.40,10,4167.50,9,Sell,30,68,98,-38.00,2.00,-38.00,2.40,79.2,4168.00,4168.50,4166.10,4166.10,46,42,88,4.00,4.00,-13.00,0.80,62.5,42,156,0.0000,0.0000,-54.00,-62.00,4174.78,-0.8086,DOWN,202.65,0.4342,2.3240
20260619 110023 161,4166.10,1,4166.40,4166.60,0.20,4166.40,2,4166.30,4,4166.20,4,4166.10,6,4166.00,6,4165.90,3,4165.80,6,4165.70,7,4165.60,4,4165.50,12,4166.60,1,4166.70,2,4166.80,5,4166.90,7,4167.00,9,4167.10,6,4167.20,5,4167.30,11,4167.40,10,4167.50,9,Sell,30,69,99,-39.00,2.00,-39.00,2.40,79.2,4168.00,4168.50,4166.10,4166.10,46,42,88,4.00,4.00,-13.00,0.80,62.5,42,156,0.0000,0.0000,-55.00,-63.00,4174.78,-0.8086,DOWN,202.65,0.4342,2.3240
20260619 110023 164,4166.20,1,4166.40,4166.60,0.20,4166.40,2,4166.30,4,4166.20,4,4166.10,6,4166.00,6,4165.90,3,4165.80,6,4165.70,7,4165.60,4,4165.50,12,4166.60,1,4166.70,2,4166.80,5,4166.90,7,4167.00,9,4167.10,6,4167.20,5,4167.30,11,4167.40,10,4167.50,9,Buy,31,69,100,-38.00,2.00,-39.00,2.40,75.0,4168.00,4168.50,4166.10,4166.20,46,42,88,4.00,4.00,-13.00,0.80,62.5,42,156,0.0000,0.0263,-54.00,-62.00,4174.79,-0.8054,DOWN,202.65,0.4342,2.3240
20260619 110023 182,4166.50,1,4166.50,4166.70,0.20,4166.50,1,4166.40,4,4166.30,4,4166.20,4,4166.10,6,4166.00,6,4165.90,3,4165.80,11,4165.70,12,4165.60,9,4166.70,2,4166.80,3,4166.90,3,4167.00,6,4167.10,5,4167.20,5,4167.30,7,4167.40,6,4167.50,5,4167.60,11,Buy,32,69,101,-37.00,2.00,-39.00,2.40,62.5,4168.00,4168.50,4166.10,4166.50,46,42,88,4.00,4.00,-13.00,0.80,62.5,42,156,0.0000,0.0541,-53.00,-61.00,4174.81,-0.7959,DOWN,202.65,0.4342,2.3240
20260619 110023 182,4166.50,1,4166.50,4166.70,0.20,4166.50,1,4166.40,4,4166.30,4,4166.20,4,4166.10,6,4166.00,6,4165.90,3,4165.80,11,4165.70,12,4165.60,9,4166.70,2,4166.80,3,4166.90,3,4167.00,6,4167.10,5,4167.20,5,4167.30,7,4167.40,6,4167.50,5,4167.60,11,Buy,33,69,102,-36.00,2.00,-39.00,2.40,62.5,4168.00,4168.50,4166.10,4166.50,46,42,88,4.00,4.00,-13.00,0.80,62.5,42,156,0.0000,0.0833,-52.00,-60.00,4174.81,-0.7959,DOWN,202.65,0.4342,2.3240
20260619 110023 182,4166.50,1,4166.50,4166.70,0.20,4166.50,1,4166.40,4,4166.30,4,4166.20,4,4166.10,6,4166.00,6,4165.90,3,4165.80,11,4165.70,12,4165.60,9,4166.70,2,4166.80,3,4166.90,3,4167.00,6,4167.10,5,4167.20,5,4167.30,7,4167.40,6,4167.50,5,4167.60,11,Buy,34,69,103,-35.00,2.00,-39.00,2.40,62.5,4168.00,4168.50,4166.10,4166.50,46,42,88,4.00,4.00,-13.00,0.80,62.5,42,156,0.0000,0.1143,-51.00,-59.00,4174.81,-0.7959,DOWN,202.65,0.4342,2.3240
20260619 110023 182,4166.50,1,4166.50,4166.70,0.20,4166.50,1,4166.40,4,4166.30,4,4166.20,4,4166.10,6,4166.00,6,4165.90,3,4165.80,11,4165.70,12,4165.60,9,4166.70,2,4166.80,3,4166.90,3,4167.00,6,4167.10,5,4167.20,5,4167.30,7,4167.40,6,4167.50,5,4167.60,11,Buy,35,69,104,-34.00,2.00,-39.00,2.40,62.5,4168.00,4168.50,4166.10,4166.50,46,42,88,4.00,4.00,-13.00,0.80,62.5,42,156,0.0000,0.1471,-50.00,-58.00,4174.81,-0.7959,DOWN,202.65,0.4342,2.3240
20260619 110023 187,4166.40,1,4166.50,4166.70,0.20,4166.50,1,4166.40,4,4166.30,4,4166.20,4,4166.10,6,4166.00,6,4165.90,3,4165.80,11,4165.70,12,4165.60,9,4166.70,2,4166.80,3,4166.90,3,4167.00,6,4167.10,5,4167.20,5,4167.30,7,4167.40,6,4167.50,5,4167.60,11,Sell,35,70,105,-35.00,2.00,-39.00,2.40,66.7,4168.00,4168.50,4166.10,4166.40,46,42,88,4.00,4.00,-13.00,0.80,62.5,42,156,0.0000,0.1143,-51.00,-59.00,4174.80,-0.7990,DOWN,202.65,0.4342,2.3240
20260619 110023 187,4166.40,1,4166.50,4166.70,0.20,4166.50,1,4166.40,4,4166.30,4,4166.20,4,4166.10,6,4166.00,6,4165.90,3,4165.80,11,4165.70,12,4165.60,9,4166.70,2,4166.80,3,4166.90,3,4167.00,6,4167.10,5,4167.20,5,4167.30,7,4167.40,6,4167.50,5,4167.60,11,Sell,35,71,106,-36.00,2.00,-39.00,2.40,66.7,4168.00,4168.50,4166.10,4166.40,46,42,88,4.00,4.00,-13.00,0.80,62.5,42,156,0.0000,0.0833,-52.00,-60.00,4174.80,-0.7990,DOWN,202.65,0.4342,2.3240
20260619 110023 203,4166.60,1,4166.50,4166.70,0.20,4166.50,1,4166.40,4,4166.30,4,4166.20,4,4166.10,6,4166.00,6,4165.90,3,4165.80,11,4165.70,12,4165.60,9,4166.70,2,4166.80,3,4166.90,3,4167.00,6,4167.10,5,4167.20,5,4167.30,7,4167.40,6,4167.50,5,4167.60,11,Buy,36,71,107,-35.00,2.00,-39.00,2.40,58.3,4168.00,4168.50,4166.10,4166.60,46,42,88,4.00,4.00,-13.00,0.80,62.5,42,156,0.0000,0.1143,-51.00,-59.00,4174.82,-0.7927,DOWN,202.65,0.4342,2.3240
20260619 110023 203,4166.60,1,4166.50,4166.70,0.20,4166.50,1,4166.40,4,4166.30,4,4166.20,4,4166.10,6,4166.00,6,4165.90,3,4165.80,11,4165.70,12,4165.60,9,4166.70,2,4166.80,3,4166.90,3,4167.00,6,4167.10,5,4167.20,5,4167.30,7,4167.40,6,4167.50,5,4167.60,11,Buy,37,71,108,-34.00,2.00,-39.00,2.40,58.3,4168.00,4168.50,4166.10,4166.60,46,42,88,4.00,4.00,-13.00,0.80,62.5,42,156,0.0000,0.1471,-50.00,-58.00,4174.82,-0.7927,DOWN,202.65,0.4342,2.3240
20260619 110023 205,4166.50,1,4166.50,4166.70,0.20,4166.50,1,4166.40,4,4166.30,4,4166.20,4,4166.10,6,4166.00,6,4165.90,3,4165.80,11,4165.70,12,4165.60,9,4166.70,2,4166.80,3,4166.90,3,4167.00,6,4167.10,5,4167.20,5,4167.30,7,4167.40,6,4167.50,5,4167.60,11,Sell,37,72,109,-35.00,2.00,-39.00,2.40,62.5,4168.00,4168.50,4166.10,4166.50,46,42,88,4.00,4.00,-13.00,0.80,62.5,42,156,0.0000,0.1143,-51.00,-59.00,4174.81,-0.7959,DOWN,202.65,0.4342,2.3240
20260619 110023 205,4166.50,1,4166.50,4166.70,0.20,4166.50,1,4166.40,4,4166.30,4,4166.20,4,4166.10,6,4166.00,6,4165.90,3,4165.80,11,4165.70,12,4165.60,9,4166.70,2,4166.80,3,4166.90,3,4167.00,6,4167.10,5,4167.20,5,4167.30,7,4167.40,6,4167.50,5,4167.60,11,Sell,37,73,110,-36.00,2.00,-39.00,2.40,62.5,4168.00,4168.50,4166.10,4166.50,46,42,88,4.00,4.00,-13.00,0.80,62.5,42,156,0.0000,0.0833,-52.00,-60.00,4174.81,-0.7959,DOWN,202.65,0.4342,2.3240
20260619 110023 215,4166.50,1,4166.50,4166.70,0.20,4166.50,1,4166.40,4,4166.30,4,4166.20,4,4166.10,6,4166.00,6,4165.90,3,4165.80,11,4165.70,12,4165.60,9,4166.70,2,4166.80,3,4166.90,3,4167.00,6,4167.10,5,4167.20,5,4167.30,7,4167.40,6,4167.50,5,4167.60,11,Sell,37,74,111,-37.00,2.00,-39.00,2.40,62.5,4168.00,4168.50,4166.10,4166.50,46,42,88,4.00,4.00,-13.00,0.80,62.5,42,156,0.0000,0.0541,-53.00,-61.00,4174.81,-0.7959,DOWN,202.65,0.4342,2.3240
20260619 110023 219,4166.70,1,4166.50,4166.70,0.20,4166.50,1,4166.40,4,4166.30,4,4166.20,4,4166.10,6,4166.00,6,4165.90,3,4165.80,11,4165.70,12,4165.60,9,4166.70,2,4166.80,3,4166.90,3,4167.00,6,4167.10,5,4167.20,5,4167.30,7,4167.40,6,4167.50,5,4167.60,11,Buy,38,74,112,-36.00,2.00,-39.00,2.40,54.2,4168.00,4168.50,4166.10,4166.70,46,42,88,4.00,4.00,-13.00,0.80,62.5,42,156,0.0000,0.0833,-52.00,-60.00,4174.83,-0.7895,DOWN,202.65,0.4342,2.3240
20260619 110023 229,4166.80,1,4166.50,4166.70,0.20,4166.50,1,4166.40,4,4166.30,4,4166.20,4,4166.10,6,4166.00,6,4165.90,3,4165.80,11,4165.70,12,4165.60,9,4166.70,2,4166.80,3,4166.90,3,4167.00,6,4167.10,5,4167.20,5,4167.30,7,4167.40,6,4167.50,5,4167.60,11,Buy,39,74,113,-35.00,2.00,-39.00,2.40,50.0,4168.00,4168.50,4166.10,4166.80,46,42,88,4.00,4.00,-13.00,0.80,62.5,42,156,0.0000,0.1143,-51.00,-59.00,4174.84,-0.7863,DOWN,202.65,0.4342,2.3240
20260619 110023 275,4166.70,1,4166.50,4166.70,0.20,4166.50,2,4166.40,4,4166.30,4,4166.20,4,4166.10,6,4166.00,6,4165.90,3,4165.80,11,4165.70,12,4165.60,9,4166.70,1,4166.80,4,4166.90,3,4167.00,7,4167.10,5,4167.20,5,4167.30,7,4167.40,6,4167.50,5,4167.60,11,Buy,40,74,114,-34.00,2.00,-39.00,2.40,54.2,4168.00,4168.50,4166.10,4166.70,46,42,88,4.00,4.00,-13.00,0.80,62.5,42,156,0.0000,0.1471,-50.00,-58.00,4174.83,-0.7895,DOWN,202.65,0.4342,2.3240
20260619 110023 275,4166.70,1,4166.50,4166.70,0.20,4166.50,2,4166.40,4,4166.30,4,4166.20,4,4166.10,6,4166.00,6,4165.90,3,4165.80,11,4165.70,12,4165.60,9,4166.70,1,4166.80,4,4166.90,3,4167.00,7,4167.10,5,4167.20,5,4167.30,7,4167.40,6,4167.50,5,4167.60,11,Buy,41,74,115,-33.00,2.00,-39.00,2.40,54.2,4168.00,4168.50,4166.10,4166.70,46,42,88,4.00,4.00,-13.00,0.80,62.5,42,156,0.0000,0.1818,-49.00,-57.00,4174.83,-0.7895,DOWN,202.65,0.4342,2.3240
20260619 110023 275,4166.80,1,4166.50,4166.70,0.20,4166.50,2,4166.40,4,4166.30,4,4166.20,4,4166.10,6,4166.00,6,4165.90,3,4165.80,11,4165.70,12,4165.60,9,4166.70,1,4166.80,4,4166.90,3,4167.00,7,4167.10,5,4167.20,5,4167.30,7,4167.40,6,4167.50,5,4167.60,11,Buy,42,74,116,-32.00,2.00,-39.00,2.40,50.0,4168.00,4168.50,4166.10,4166.80,46,42,88,4.00,4.00,-13.00,0.80,62.5,42,156,0.0000,0.2188,-48.00,-56.00,4174.84,-0.7863,DOWN,202.65,0.4342,2.3240
20260619 110023 275,4166.80,1,4166.50,4166.70,0.20,4166.50,2,4166.40,4,4166.30,4,4166.20,4,4166.10,6,4166.00,6,4165.90,3,4165.80,11,4165.70,12,4165.60,9,4166.70,1,4166.80,4,4166.90,3,4167.00,7,4167.10,5,4167.20,5,4167.30,7,4167.40,6,4167.50,5,4167.60,11,Buy,43,74,117,-31.00,2.00,-39.00,2.40,50.0,4168.00,4168.50,4166.10,4166.80,46,42,88,4.00,4.00,-13.00,0.80,62.5,42,156,0.0000,0.2581,-47.00,-55.00,4174.84,-0.7863,DOWN,202.65,0.4342,2.3240
20260619 110023 280,4166.60,1,4166.50,4166.70,0.20,4166.50,2,4166.40,4,4166.30,4,4166.20,4,4166.10,6,4166.00,6,4165.90,3,4165.80,11,4165.70,12,4165.60,9,4166.70,1,4166.80,4,4166.90,3,4167.00,7,4167.10,5,4167.20,5,4167.30,7,4167.40,6,4167.50,5,4167.60,11,Sell,43,75,118,-32.00,2.00,-39.00,2.40,58.3,4168.00,4168.50,4166.10,4166.60,46,42,88,4.00,4.00,-13.00,0.80,62.5,42,156,0.0000,0.2188,-48.00,-56.00,4174.82,-0.7927,DOWN,202.65,0.4342,2.3240
20260619 110023 370,4166.70,1,4166.60,4166.90,0.30,4166.60,4,4166.50,4,4166.40,5,4166.30,4,4166.20,4,4166.10,6,4166.00,6,4165.90,3,4165.80,11,4165.70,12,4166.90,3,4167.00,6,4167.10,5,4167.20,5,4167.30,7,4167.40,6,4167.50,6,4167.60,11,4167.70,11,4167.80,10,Buy,44,75,119,-31.00,2.00,-39.00,2.40,54.2,4168.00,4168.50,4166.10,4166.70,46,42,88,4.00,4.00,-13.00,0.80,62.5,42,156,0.0000,0.2581,-47.00,-55.00,4174.83,-0.7895,DOWN,202.65,0.4342,2.3240
20260619 110023 549,4166.70,1,4166.60,4166.80,0.20,4166.60,1,4166.50,4,4166.40,4,4166.30,4,4166.20,4,4166.10,6,4166.00,6,4165.90,3,4165.80,11,4165.70,12,4166.80,2,4166.90,4,4167.00,7,4167.10,5,4167.20,6,4167.30,7,4167.40,6,4167.50,6,4167.60,11,4167.70,11,Sell,44,76,120,-32.00,2.00,-39.00,2.40,54.2,4168.00,4168.50,4166.10,4166.70,46,42,88,4.00,4.00,-13.00,0.80,62.5,42,156,0.0000,0.2188,-48.00,-56.00,4174.83,-0.7895,DOWN,202.65,0.4342,2.3240
20260619 110023 568,4166.60,1,4166.60,4166.80,0.20,4166.60,1,4166.50,4,4166.40,4,4166.30,4,4166.20,4,4166.10,6,4166.00,6,4165.90,3,4165.80,11,4165.70,12,4166.80,2,4166.90,4,4167.00,7,4167.10,5,4167.20,6,4167.30,7,4167.40,6,4167.50,6,4167.60,11,4167.70,11,Sell,44,77,121,-33.00,2.00,-39.00,2.40,58.3,4168.00,4168.50,4166.10,4166.60,46,42,88,4.00,4.00,-13.00,0.80,62.5,42,156,0.0000,0.1818,-49.00,-57.00,4174.82,-0.7927,DOWN,202.65,0.4342,2.3240
20260619 110023 839,4166.60,1,4166.50,4166.70,0.20,4166.50,4,4166.40,4,4166.30,4,4166.20,5,4166.10,6,4166.00,6,4165.90,3,4165.80,11,4165.70,12,4165.60,9,4166.70,2,4166.80,2,4166.90,4,4167.00,7,4167.10,5,4167.20,6,4167.30,7,4167.40,6,4167.50,6,4167.60,11,Sell,44,78,122,-34.00,2.00,-39.00,2.40,58.3,4168.00,4168.50,4166.10,4166.60,46,42,88,4.00,4.00,-13.00,0.80,62.5,42,156,0.0000,0.1471,-50.00,-58.00,4174.82,-0.7927,DOWN,202.65,0.4342,2.3240
20260619 110023 938,4166.70,1,4166.60,4166.90,0.30,4166.60,3,4166.50,4,4166.40,4,4166.30,4,4166.20,5,4166.10,6,4166.00,6,4165.90,3,4165.80,11,4165.70,12,4166.90,5,4167.00,6,4167.10,5,4167.20,6,4167.30,7,4167.40,6,4167.50,6,4167.60,11,4167.70,11,4167.80,10,Buy,45,78,123,-33.00,2.00,-39.00,2.40,54.2,4168.00,4168.50,4166.10,4166.70,46,42,88,4.00,4.00,-13.00,0.80,62.5,42,156,0.0000,0.1818,-49.00,-57.00,4174.83,-0.7895,DOWN,202.65,0.4342,2.3240
20260619 110023 938,4166.70,1,4166.60,4166.90,0.30,4166.60,3,4166.50,4,4166.40,4,4166.30,4,4166.20,5,4166.10,6,4166.00,6,4165.90,3,4165.80,11,4165.70,12,4166.90,5,4167.00,6,4167.10,5,4167.20,6,4167.30,7,4167.40,6,4167.50,6,4167.60,11,4167.70,11,4167.80,10,Buy,46,78,124,-32.00,2.00,-39.00,2.40,54.2,4168.00,4168.50,4166.10,4166.70,46,42,88,4.00,4.00,-13.00,0.80,62.5,42,156,0.0000,0.2188,-48.00,-56.00,4174.83,-0.7895,DOWN,202.65,0.4342,2.3240
20260619 110025 003,4166.60,1,4166.60,4166.80,0.20,4166.60,1,4166.50,3,4166.40,4,4166.30,4,4166.20,5,4166.10,6,4166.00,6,4165.90,3,4165.80,11,4165.70,12,4166.80,2,4166.90,4,4167.00,6,4167.10,5,4167.20,6,4167.30,7,4167.40,6,4167.50,6,4167.60,11,4167.70,11,Sell,46,79,125,-33.00,2.00,-39.00,2.40,58.3,4168.00,4168.50,4166.10,4166.60,46,42,88,4.00,4.00,-13.00,0.80,62.5,42,156,0.0000,0.1818,-49.00,-57.00,4174.82,-0.7927,DOWN,202.65,0.4342,2.3240
20260619 110025 003,4166.60,1,4166.60,4166.80,0.20,4166.60,1,4166.50,3,4166.40,4,4166.30,4,4166.20,5,4166.10,6,4166.00,6,4165.90,3,4165.80,11,4165.70,12,4166.80,2,4166.90,4,4167.00,6,4167.10,5,4167.20,6,4167.30,7,4167.40,6,4167.50,6,4167.60,11,4167.70,11,Sell,46,80,126,-34.00,2.00,-39.00,2.40,58.3,4168.00,4168.50,4166.10,4166.60,46,42,88,4.00,4.00,-13.00,0.80,62.5,42,156,0.0000,0.1471,-50.00,-58.00,4174.82,-0.7927,DOWN,202.65,0.4342,2.3240
20260619 110025 003,4166.50,1,4166.60,4166.80,0.20,4166.60,1,4166.50,3,4166.40,4,4166.30,4,4166.20,5,4166.10,6,4166.00,6,4165.90,3,4165.80,11,4165.70,12,4166.80,2,4166.90,4,4167.00,6,4167.10,5,4167.20,6,4167.30,7,4167.40,6,4167.50,6,4167.60,11,4167.70,11,Sell,46,81,127,-35.00,2.00,-39.00,2.40,62.5,4168.00,4168.50,4166.10,4166.50,46,42,88,4.00,4.00,-13.00,0.80,62.5,42,156,0.0000,0.1143,-51.00,-59.00,4174.81,-0.7959,DOWN,202.65,0.4342,2.3240
20260619 110025 003,4166.50,1,4166.60,4166.80,0.20,4166.60,1,4166.50,3,4166.40,4,4166.30,4,4166.20,5,4166.10,6,4166.00,6,4165.90,3,4165.80,11,4165.70,12,4166.80,2,4166.90,4,4167.00,6,4167.10,5,4167.20,6,4167.30,7,4167.40,6,4167.50,6,4167.60,11,4167.70,11,Sell,46,82,128,-36.00,2.00,-39.00,2.40,62.5,4168.00,4168.50,4166.10,4166.50,46,42,88,4.00,4.00,-13.00,0.80,62.5,42,156,0.0000,0.0833,-52.00,-60.00,4174.81,-0.7959,DOWN,202.65,0.4342,2.3240
20260619 110025 003,4166.50,1,4166.60,4166.80,0.20,4166.60,1,4166.50,3,4166.40,4,4166.30,4,4166.20,5,4166.10,6,4166.00,6,4165.90,3,4165.80,11,4165.70,12,4166.80,2,4166.90,4,4167.00,6,4167.10,5,4167.20,6,4167.30,7,4167.40,6,4167.50,6,4167.60,11,4167.70,11,Sell,46,83,129,-37.00,2.00,-39.00,2.40,62.5,4168.00,4168.50,4166.10,4166.50,46,42,88,4.00,4.00,-13.00,0.80,62.5,42,156,0.0000,0.0541,-53.00,-61.00,4174.81,-0.7959,DOWN,202.65,0.4342,2.3240
20260619 110025 451,4166.80,1,4166.90,4167.00,0.10,4166.80,2,4166.70,3,4166.60,3,4166.50,3,4166.40,5,4166.30,4,4166.20,5,4166.10,6,4166.00,6,4165.90,3,4166.90,2,4167.00,7,4167.10,5,4167.20,6,4167.30,7,4167.40,6,4167.50,6,4167.60,11,4167.70,11,4167.80,10,Buy,47,83,130,-36.00,2.00,-39.00,2.40,50.0,4168.00,4168.50,4166.10,4166.80,46,42,88,4.00,4.00,-13.00,0.80,62.5,42,156,0.0000,0.0833,-52.00,-60.00,4174.84,-0.7863,DOWN,202.65,0.4342,2.3240
20260619 110025 453,4166.90,1,4166.80,4167.00,0.20,4166.80,3,4166.70,4,4166.60,3,4166.50,3,4166.40,4,4166.30,4,4166.20,6,4166.10,7,4166.00,11,4165.90,8,4167.00,1,4167.10,2,4167.20,3,4167.30,5,4167.40,6,4167.50,6,4167.60,7,4167.70,7,4167.80,10,4167.90,8,Buy,48,83,131,-35.00,2.00,-39.00,2.40,45.8,4168.00,4168.50,4166.10,4166.90,46,42,88,4.00,4.00,-13.00,0.80,62.5,42,156,0.0000,0.1143,-51.00,-59.00,4174.85,-0.7832,DOWN,202.65,0.4342,2.3240
20260619 110025 458,4166.90,1,4166.80,4167.00,0.20,4166.80,3,4166.70,4,4166.60,3,4166.50,3,4166.40,4,4166.30,4,4166.20,6,4166.10,7,4166.00,11,4165.90,8,4167.00,1,4167.10,2,4167.20,3,4167.30,5,4167.40,6,4167.50,6,4167.60,7,4167.70,7,4167.80,10,4167.90,8,Sell,48,84,132,-36.00,2.00,-39.00,2.40,45.8,4168.00,4168.50,4166.10,4166.90,46,42,88,4.00,4.00,-13.00,0.80,62.5,42,156,0.0000,0.0833,-52.00,-60.00,4174.85,-0.7832,DOWN,202.65,0.4342,2.3240
20260619 110025 559,4167.00,1,4166.90,4167.10,0.20,4166.90,3,4166.80,4,4166.70,3,4166.60,3,4166.50,3,4166.40,4,4166.30,4,4166.20,6,4166.10,7,4166.00,11,4167.10,1,4167.20,3,4167.30,5,4167.40,6,4167.50,6,4167.60,7,4167.70,7,4167.80,10,4167.90,8,4168.00,11,Buy,49,84,133,-35.00,2.00,-39.00,2.40,41.7,4168.00,4168.50,4166.10,4167.00,46,42,88,4.00,4.00,-13.00,0.80,62.5,42,156,0.0000,0.1143,-51.00,-59.00,4174.86,-0.7800,DOWN,202.65,0.4342,2.3240
20260619 110026 872,4167.10,1,4167.10,4167.30,0.20,4166.90,2,4166.80,3,4166.70,3,4166.60,4,4166.50,3,4166.40,4,4166.30,4,4166.20,6,4166.10,7,4166.00,11,4167.10,1,4167.20,3,4167.30,5,4167.40,6,4167.50,6,4167.60,7,4167.70,7,4167.80,10,4167.90,8,4168.00,11,Buy,50,84,134,-34.00,2.00,-39.00,2.40,37.5,4168.00,4168.50,4166.10,4167.10,46,42,88,4.00,4.00,-13.00,0.80,62.5,42,156,0.0000,0.1471,-50.00,-58.00,4174.87,-0.7768,DOWN,202.65,0.4342,2.3240
20260619 110026 878,4167.30,1,4167.10,4167.30,0.20,4166.90,2,4166.80,3,4166.70,3,4166.60,4,4166.50,3,4166.40,4,4166.30,4,4166.20,6,4166.10,7,4166.00,11,4167.10,1,4167.20,3,4167.30,5,4167.40,6,4167.50,6,4167.60,7,4167.70,7,4167.80,10,4167.90,8,4168.00,11,Buy,51,84,135,-33.00,2.00,-39.00,2.40,29.2,4168.00,4168.50,4166.10,4167.30,46,42,88,4.00,4.00,-13.00,0.80,62.5,42,156,0.0000,0.1818,-49.00,-57.00,4174.89,-0.7705,DOWN,202.65,0.4342,2.3240
20260619 110027 221,4167.00,1,4167.00,4167.30,0.30,4167.00,2,4166.90,3,4166.80,3,4166.70,3,4166.60,4,4166.50,3,4166.40,4,4166.30,5,4166.20,11,4166.10,11,4167.30,3,4167.40,5,4167.50,4,4167.60,4,4167.70,7,4167.80,6,4167.90,9,4168.00,15,4168.10,10,4168.20,9,Sell,51,85,136,-34.00,2.00,-39.00,2.40,41.7,4168.00,4168.50,4166.10,4167.00,46,42,88,4.00,4.00,-13.00,0.80,62.5,42,156,0.0000,0.1471,-50.00,-58.00,4174.86,-0.7800,DOWN,202.65,0.4342,2.3240
20260619 110027 246,4167.00,1,4167.00,4167.20,0.20,4167.00,1,4166.90,3,4166.80,3,4166.70,3,4166.60,4,4166.50,3,4166.40,5,4166.30,5,4166.20,11,4166.10,11,4167.20,2,4167.30,3,4167.40,5,4167.50,4,4167.60,4,4167.70,7,4167.80,6,4167.90,9,4168.00,15,4168.10,10,Sell,51,86,137,-35.00,2.00,-39.00,2.40,41.7,4168.00,4168.50,4166.10,4167.00,46,42,88,4.00,4.00,-13.00,0.80,62.5,42,156,0.0000,0.1143,-51.00,-59.00,4174.86,-0.7800,DOWN,202.65,0.4342,2.3240
20260619 110028 728,4167.30,1,4167.20,4167.40,0.20,4167.20,4,4167.10,2,4167.00,5,4166.90,5,4166.80,4,4166.70,4,4166.60,12,4166.50,4,4166.40,5,4166.30,10,4167.40,1,4167.50,4,4167.60,4,4167.70,6,4167.80,6,4167.90,4,4168.00,7,4168.10,11,4168.20,9,4168.30,9,Buy,52,86,138,-34.00,2.00,-39.00,2.40,29.2,4168.00,4168.50,4166.10,4167.30,46,42,88,4.00,4.00,-13.00,0.80,62.5,42,156,0.0000,0.1471,-50.00,-58.00,4174.89,-0.7705,DOWN,202.65,0.4342,2.3240
20260619 110028 767,4167.20,1,4167.20,4167.40,0.20,4167.20,4,4167.10,2,4167.00,5,4166.90,5,4166.80,4,4166.70,4,4166.60,12,4166.50,4,4166.40,5,4166.30,10,4167.40,1,4167.50,4,4167.60,4,4167.70,6,4167.80,6,4167.90,4,4168.00,7,4168.10,11,4168.20,9,4168.30,9,Sell,52,87,139,-35.00,2.00,-39.00,2.40,33.3,4168.00,4168.50,4166.10,4167.20,46,42,88,4.00,4.00,-13.00,0.80,62.5,42,156,0.0000,0.1143,-51.00,-59.00,4174.88,-0.7736,DOWN,202.65,0.4342,2.3240
20260619 110028 899,4167.20,1,4167.00,4167.40,0.40,4167.00,5,4166.90,5,4166.80,4,4166.70,4,4166.60,12,4166.50,4,4166.40,5,4166.30,10,4166.20,10,4166.10,11,4167.40,3,4167.50,4,4167.60,4,4167.70,6,4167.80,6,4167.90,4,4168.00,7,4168.10,11,4168.20,9,4168.30,9,Sell,52,88,140,-36.00,2.00,-39.00,2.40,33.3,4168.00,4168.50,4166.10,4167.20,46,42,88,4.00,4.00,-13.00,0.80,62.5,42,156,0.0000,0.0833,-52.00,-60.00,4174.88,-0.7736,DOWN,202.65,0.4342,2.3240
20260619 110028 899,4167.20,1,4167.00,4167.40,0.40,4167.00,5,4166.90,5,4166.80,4,4166.70,4,4166.60,12,4166.50,4,4166.40,5,4166.30,10,4166.20,10,4166.10,11,4167.40,3,4167.50,4,4167.60,4,4167.70,6,4167.80,6,4167.90,4,4168.00,7,4168.10,11,4168.20,9,4168.30,9,Sell,52,89,141,-37.00,2.00,-39.00,2.40,33.3,4168.00,4168.50,4166.10,4167.20,46,42,88,4.00,4.00,-13.00,0.80,62.5,42,156,0.0000,0.0541,-53.00,-61.00,4174.88,-0.7736,DOWN,202.65,0.4342,2.3240
20260619 110029 479,4167.40,1,4167.20,4167.40,0.20,4167.20,1,4167.10,2,4167.00,10,4166.90,5,4166.80,3,4166.70,5,4166.60,13,4166.50,9,4166.40,9,4166.30,10,4167.40,5,4167.50,4,4167.60,9,4167.70,7,4167.80,3,4167.90,4,4168.00,6,4168.10,5,4168.20,10,4168.30,9,Buy,53,89,142,-36.00,2.00,-39.00,2.40,25.0,4168.00,4168.50,4166.10,4167.40,46,42,88,4.00,4.00,-13.00,0.80,62.5,42,156,0.0000,0.0833,-52.00,-60.00,4174.90,-0.7673,DOWN,202.65,0.4342,2.3240
20260619 110029 479,4167.50,1,4167.20,4167.40,0.20,4167.20,1,4167.10,2,4167.00,10,4166.90,5,4166.80,3,4166.70,5,4166.60,13,4166.50,9,4166.40,9,4166.30,10,4167.40,5,4167.50,4,4167.60,9,4167.70,7,4167.80,3,4167.90,4,4168.00,6,4168.10,5,4168.20,10,4168.30,9,Buy,54,89,143,-35.00,2.00,-39.00,2.40,20.8,4168.00,4168.50,4166.10,4167.50,46,42,88,4.00,4.00,-13.00,0.80,62.5,42,156,0.0000,0.1143,-51.00,-59.00,4174.91,-0.7641,DOWN,202.65,0.4342,2.3240
20260619 110029 479,4167.50,1,4167.20,4167.40,0.20,4167.20,1,4167.10,2,4167.00,10,4166.90,5,4166.80,3,4166.70,5,4166.60,13,4166.50,9,4166.40,9,4166.30,10,4167.40,5,4167.50,4,4167.60,9,4167.70,7,4167.80,3,4167.90,4,4168.00,6,4168.10,5,4168.20,10,4168.30,9,Buy,55,89,144,-34.00,2.00,-39.00,2.40,20.8,4168.00,4168.50,4166.10,4167.50,46,42,88,4.00,4.00,-13.00,0.80,62.5,42,156,0.0000,0.1471,-50.00,-58.00,4174.91,-0.7641,DOWN,202.65,0.4342,2.3240
20260619 110029 479,4167.50,1,4167.20,4167.40,0.20,4167.20,1,4167.10,2,4167.00,10,4166.90,5,4166.80,3,4166.70,5,4166.60,13,4166.50,9,4166.40,9,4166.30,10,4167.40,5,4167.50,4,4167.60,9,4167.70,7,4167.80,3,4167.90,4,4168.00,6,4168.10,5,4168.20,10,4168.30,9,Buy,56,89,145,-33.00,2.00,-39.00,2.40,20.8,4168.00,4168.50,4166.10,4167.50,46,42,88,4.00,4.00,-13.00,0.80,62.5,42,156,0.0000,0.1818,-49.00,-57.00,4174.91,-0.7641,DOWN,202.65,0.4342,2.3240
20260619 110029 481,4167.40,1,4167.20,4167.40,0.20,4167.20,1,4167.10,2,4167.00,10,4166.90,5,4166.80,3,4166.70,5,4166.60,13,4166.50,9,4166.40,9,4166.30,10,4167.40,5,4167.50,4,4167.60,9,4167.70,7,4167.80,3,4167.90,4,4168.00,6,4168.10,5,4168.20,10,4168.30,9,Sell,56,90,146,-34.00,2.00,-39.00,2.40,25.0,4168.00,4168.50,4166.10,4167.40,46,42,88,4.00,4.00,-13.00,0.80,62.5,42,156,0.0000,0.1471,-50.00,-58.00,4174.90,-0.7673,DOWN,202.65,0.4342,2.3240
20260619 110029 481,4167.40,1,4167.20,4167.40,0.20,4167.20,1,4167.10,2,4167.00,10,4166.90,5,4166.80,3,4166.70,5,4166.60,13,4166.50,9,4166.40,9,4166.30,10,4167.40,5,4167.50,4,4167.60,9,4167.70,7,4167.80,3,4167.90,4,4168.00,6,4168.10,5,4168.20,10,4168.30,9,Sell,56,91,147,-35.00,2.00,-39.00,2.40,25.0,4168.00,4168.50,4166.10,4167.40,46,42,88,4.00,4.00,-13.00,0.80,62.5,42,156,0.0000,0.1143,-51.00,-59.00,4174.90,-0.7673,DOWN,202.65,0.4342,2.3240
20260619 110029 485,4167.30,1,4167.20,4167.40,0.20,4167.20,1,4167.10,2,4167.00,10,4166.90,5,4166.80,3,4166.70,5,4166.60,13,4166.50,9,4166.40,9,4166.30,10,4167.40,5,4167.50,4,4167.60,9,4167.70,7,4167.80,3,4167.90,4,4168.00,6,4168.10,5,4168.20,10,4168.30,9,Buy,57,91,148,-34.00,2.00,-39.00,2.40,29.2,4168.00,4168.50,4166.10,4167.30,46,42,88,4.00,4.00,-13.00,0.80,62.5,42,156,0.0000,0.1471,-50.00,-58.00,4174.89,-0.7705,DOWN,202.65,0.4342,2.3240
20260619 110029 485,4167.30,1,4167.20,4167.40,0.20,4167.20,1,4167.10,2,4167.00,10,4166.90,5,4166.80,3,4166.70,5,4166.60,13,4166.50,9,4166.40,9,4166.30,10,4167.40,5,4167.50,4,4167.60,9,4167.70,7,4167.80,3,4167.90,4,4168.00,6,4168.10,5,4168.20,10,4168.30,9,Buy,58,91,149,-33.00,2.00,-39.00,2.40,29.2,4168.00,4168.50,4166.10,4167.30,46,42,88,4.00,4.00,-13.00,0.80,62.5,42,156,0.0000,0.1818,-49.00,-57.00,4174.89,-0.7705,DOWN,202.65,0.4342,2.3240
20260619 110030 142,4167.20,1,4167.20,4167.40,0.20,4167.20,1,4167.10,2,4167.00,10,4166.90,5,4166.80,3,4166.70,5,4166.60,13,4166.50,9,4166.40,9,4166.30,10,4167.40,2,4167.50,4,4167.60,9,4167.70,7,4167.80,3,4167.90,4,4168.00,6,4168.10,5,4168.20,10,4168.30,9,Sell,58,92,150,-34.00,2.00,-39.00,2.40,33.3,4168.00,4168.50,4166.10,4167.20,46,42,88,4.00,4.00,-13.00,0.80,62.5,42,156,0.0000,0.1471,-50.00,-58.00,4174.88,-0.7736,DOWN,202.65,0.4342,2.3240
20260619 110030 580,4167.20,1,4167.20,4167.40,0.20,4167.20,2,4167.10,2,4167.00,10,4166.90,5,4166.80,3,4166.70,5,4166.60,13,4166.50,9,4166.40,9,4166.30,10,4167.40,1,4167.50,4,4167.60,9,4167.70,7,4167.80,3,4167.90,4,4168.00,6,4168.10,5,4168.20,10,4168.30,9,Sell,58,93,151,-35.00,2.00,-39.00,2.40,33.3,4168.00,4168.50,4166.10,4167.20,46,42,88,4.00,4.00,-13.00,0.80,62.5,42,156,0.0000,0.1143,-51.00,-59.00,4174.88,-0.7736,DOWN,202.65,0.4342,2.3240
20260619 110030 625,4167.10,1,4167.10,4167.40,0.30,4167.10,4,4167.00,3,4166.90,2,4166.80,4,4166.70,4,4166.60,12,4166.50,4,4166.40,9,4166.30,10,4166.20,10,4167.40,2,4167.50,4,4167.60,8,4167.70,7,4167.80,3,4167.90,4,4168.00,6,4168.10,11,4168.20,10,4168.30,9,Sell,58,94,152,-36.00,2.00,-39.00,2.40,37.5,4168.00,4168.50,4166.10,4167.10,46,42,88,4.00,4.00,-13.00,0.80,62.5,42,156,0.0000,0.0833,-52.00,-60.00,4174.87,-0.7768,DOWN,202.65,0.4342,2.3240
20260619 110030 625,4167.00,5,4167.10,4167.40,0.30,4167.10,4,4167.00,3,4166.90,2,4166.80,4,4166.70,4,4166.60,12,4166.50,4,4166.40,9,4166.30,10,4166.20,10,4167.40,2,4167.50,4,4167.60,8,4167.70,7,4167.80,3,4167.90,4,4168.00,6,4168.10,11,4168.20,10,4168.30,9,Sell,58,99,157,-41.00,2.00,-41.00,2.40,41.7,4168.00,4168.50,4166.10,4167.00,46,42,88,4.00,4.00,-13.00,0.80,62.5,42,156,0.0000,0.0000,-57.00,-65.00,4174.86,-0.7800,DOWN,202.65,0.4342,2.3240
20260619 110030 628,4167.10,1,4167.10,4167.40,0.30,4167.10,4,4167.00,3,4166.90,2,4166.80,4,4166.70,4,4166.60,12,4166.50,4,4166.40,9,4166.30,10,4166.20,10,4167.40,2,4167.50,4,4167.60,8,4167.70,7,4167.80,3,4167.90,4,4168.00,6,4168.10,11,4168.20,10,4168.30,9,Buy,59,99,158,-40.00,2.00,-41.00,2.40,37.5,4168.00,4168.50,4166.10,4167.10,46,42,88,4.00,4.00,-13.00,0.80,62.5,42,156,0.0000,0.0250,-56.00,-64.00,4174.87,-0.7768,DOWN,202.65,0.4342,2.3240
20260619 110030 721,4167.10,1,4167.10,4167.30,0.20,4167.10,4,4167.00,3,4166.90,2,4166.80,4,4166.70,4,4166.60,12,4166.50,4,4166.40,9,4166.30,10,4166.20,10,4167.40,3,4167.50,4,4167.60,8,4167.70,7,4167.80,3,4167.90,4,4168.00,6,4168.10,11,4168.20,10,4168.30,9,Sell,59,100,159,-41.00,2.00,-41.00,2.40,37.5,4168.00,4168.50,4166.10,4167.10,46,42,88,4.00,4.00,-13.00,0.80,62.5,42,156,0.0000,0.0000,-57.00,-65.00,4174.87,-0.7768,DOWN,202.65,0.4342,2.3240
20260619 110030 724,4167.10,1,4167.10,4167.30,0.20,4167.10,4,4167.00,3,4166.90,2,4166.80,4,4166.70,4,4166.60,12,4166.50,4,4166.40,9,4166.30,10,4166.20,10,4167.40,3,4167.50,4,4167.60,8,4167.70,7,4167.80,3,4167.90,4,4168.00,6,4168.10,11,4168.20,10,4168.30,9,Sell,59,101,160,-42.00,2.00,-42.00,2.40,37.5,4168.00,4168.50,4166.10,4167.10,46,42,88,4.00,4.00,-13.00,0.80,62.5,42,156,0.0000,0.0000,-58.00,-66.00,4174.87,-0.7768,DOWN,202.65,0.4342,2.3240
20260619 110031 962,4166.60,4,4166.20,4166.30,0.10,4166.20,2,4166.10,5,4166.00,6,4165.90,3,4165.80,6,4165.70,12,4165.60,9,4165.50,12,4165.40,11,4165.30,10,4166.30,1,4166.40,3,4166.50,2,4166.60,2,4166.70,1,4166.80,3,4166.90,5,4167.00,5,4167.10,4,4167.20,5,Sell,59,105,164,-46.00,2.00,-46.00,2.40,58.3,4168.00,4168.50,4166.10,4166.60,46,42,88,4.00,4.00,-13.00,0.80,62.5,42,156,0.0000,0.0000,-62.00,-70.00,4174.82,-0.7927,DOWN,202.65,0.4342,2.3240
20260619 110031 962,4166.60,4,4166.20,4166.30,0.10,4166.20,2,4166.10,5,4166.00,6,4165.90,3,4165.80,6,4165.70,12,4165.60,9,4165.50,12,4165.40,11,4165.30,10,4166.30,1,4166.40,3,4166.50,2,4166.60,2,4166.70,1,4166.80,3,4166.90,5,4167.00,5,4167.10,4,4167.20,5,Sell,59,109,168,-50.00,2.00,-50.00,2.40,58.3,4168.00,4168.50,4166.10,4166.60,46,42,88,4.00,4.00,-13.00,0.80,62.5,42,156,0.0000,0.0000,-66.00,-74.00,4174.82,-0.7927,DOWN,202.65,0.4342,2.3240
20260619 110031 967,4166.60,1,4166.20,4166.30,0.10,4166.20,2,4166.10,5,4166.00,6,4165.90,3,4165.80,6,4165.70,12,4165.60,9,4165.50,12,4165.40,11,4165.30,10,4166.30,1,4166.40,3,4166.50,2,4166.60,2,4166.70,1,4166.80,3,4166.90,5,4167.00,5,4167.10,4,4167.20,5,Buy,60,109,169,-49.00,2.00,-50.00,2.40,58.3,4168.00,4168.50,4166.10,4166.60,46,42,88,4.00,4.00,-13.00,0.80,62.5,42,156,0.0000,0.0204,-65.00,-73.00,4174.82,-0.7927,DOWN,202.65,0.4342,2.3240
20260619 110031 968,4166.70,1,4166.20,4166.30,0.10,4166.20,2,4166.10,5,4166.00,6,4165.90,3,4165.80,6,4165.70,12,4165.60,9,4165.50,12,4165.40,11,4165.30,10,4166.30,1,4166.40,3,4166.50,2,4166.60,2,4166.70,1,4166.80,3,4166.90,5,4167.00,5,4167.10,4,4167.20,5,Buy,61,109,170,-48.00,2.00,-50.00,2.40,54.2,4168.00,4168.50,4166.10,4166.70,46,42,88,4.00,4.00,-13.00,0.80,62.5,42,156,0.0000,0.0417,-64.00,-72.00,4174.83,-0.7895,DOWN,202.65,0.4342,2.3240
20260619 110031 972,4166.60,1,4166.20,4166.30,0.10,4166.20,2,4166.10,5,4166.00,6,4165.90,3,4165.80,6,4165.70,12,4165.60,9,4165.50,12,4165.40,11,4165.30,10,4166.30,1,4166.40,3,4166.50,2,4166.60,2,4166.70,1,4166.80,3,4166.90,5,4167.00,5,4167.10,4,4167.20,5,Buy,62,109,171,-47.00,2.00,-50.00,2.40,58.3,4168.00,4168.50,4166.10,4166.60,46,42,88,4.00,4.00,-13.00,0.80,62.5,42,156,0.0000,0.0638,-63.00,-71.00,4174.82,-0.7927,DOWN,202.65,0.4342,2.3240
20260619 110031 972,4166.60,1,4166.20,4166.30,0.10,4166.20,2,4166.10,5,4166.00,6,4165.90,3,4165.80,6,4165.70,12,4165.60,9,4165.50,12,4165.40,11,4165.30,10,4166.30,1,4166.40,3,4166.50,2,4166.60,2,4166.70,1,4166.80,3,4166.90,5,4167.00,5,4167.10,4,4167.20,5,Buy,63,109,172,-46.00,2.00,-50.00,2.40,58.3,4168.00,4168.50,4166.10,4166.60,46,42,88,4.00,4.00,-13.00,0.80,62.5,42,156,0.0000,0.0870,-62.00,-70.00,4174.82,-0.7927,DOWN,202.65,0.4342,2.3240
20260619 110031 983,4166.50,1,4166.20,4166.30,0.10,4166.20,2,4166.10,5,4166.00,6,4165.90,3,4165.80,6,4165.70,12,4165.60,9,4165.50,12,4165.40,11,4165.30,10,4166.30,1,4166.40,3,4166.50,2,4166.60,2,4166.70,1,4166.80,3,4166.90,5,4167.00,5,4167.10,4,4167.20,5,Buy,64,109,173,-45.00,2.00,-50.00,2.40,62.5,4168.00,4168.50,4166.10,4166.50,46,42,88,4.00,4.00,-13.00,0.80,62.5,42,156,0.0000,0.1111,-61.00,-69.00,4174.81,-0.7959,DOWN,202.65,0.4342,2.3240
20260619 110032 079,4166.10,1,4166.10,4166.40,0.30,4166.10,3,4166.00,5,4165.90,2,4165.80,6,4165.70,12,4165.60,4,4165.50,7,4165.40,6,4165.30,5,4165.20,16,4166.40,4,4166.50,4,4166.60,3,4166.70,2,4166.80,4,4166.90,6,4167.00,5,4167.10,10,4167.20,10,4167.30,12,Sell,64,110,174,-46.00,2.00,-50.00,2.40,79.2,4168.00,4168.50,4166.10,4166.10,46,42,88,4.00,4.00,-13.00,0.80,62.5,42,156,0.0000,0.0870,-62.00,-70.00,4174.78,-0.8086,DOWN,202.65,0.4342,2.3240
20260619 110032 079,4166.10,1,4166.10,4166.40,0.30,4166.10,3,4166.00,5,4165.90,2,4165.80,6,4165.70,12,4165.60,4,4165.50,7,4165.40,6,4165.30,5,4165.20,16,4166.40,4,4166.50,4,4166.60,3,4166.70,2,4166.80,4,4166.90,6,4167.00,5,4167.10,10,4167.20,10,4167.30,12,Sell,64,111,175,-47.00,2.00,-50.00,2.40,79.2,4168.00,4168.50,4166.10,4166.10,46,42,88,4.00,4.00,-13.00,0.80,62.5,42,156,0.0000,0.0638,-63.00,-71.00,4174.78,-0.8086,DOWN,202.65,0.4342,2.3240
20260619 110032 115,4166.20,1,4166.10,4166.40,0.30,4166.10,3,4166.00,5,4165.90,2,4165.80,6,4165.70,12,4165.60,4,4165.50,7,4165.40,6,4165.30,5,4165.20,16,4166.40,4,4166.50,4,4166.60,3,4166.70,2,4166.80,4,4166.90,6,4167.00,5,4167.10,10,4167.20,10,4167.30,12,Buy,65,111,176,-46.00,2.00,-50.00,2.40,75.0,4168.00,4168.50,4166.10,4166.20,46,42,88,4.00,4.00,-13.00,0.80,62.5,42,156,0.0000,0.0870,-62.00,-70.00,4174.79,-0.8054,DOWN,202.65,0.4342,2.3240
20260619 110032 320,4166.20,1,4166.10,4166.20,0.10,4166.10,3,4166.00,5,4165.90,2,4165.80,6,4165.70,12,4165.60,4,4165.50,7,4165.40,6,4165.30,5,4165.20,16,4166.30,1,4166.40,5,4166.50,5,4166.60,3,4166.70,2,4166.80,4,4166.90,6,4167.00,5,4167.10,10,4167.20,10,Buy,66,111,177,-45.00,2.00,-50.00,2.40,75.0,4168.00,4168.50,4166.10,4166.20,46,42,88,4.00,4.00,-13.00,0.80,62.5,42,156,0.0000,0.1111,-61.00,-69.00,4174.79,-0.8054,DOWN,202.65,0.4342,2.3240
20260619 110032 320,4166.20,1,4166.10,4166.20,0.10,4166.10,3,4166.00,5,4165.90,2,4165.80,6,4165.70,12,4165.60,4,4165.50,7,4165.40,6,4165.30,5,4165.20,16,4166.30,1,4166.40,5,4166.50,5,4166.60,3,4166.70,2,4166.80,4,4166.90,6,4167.00,5,4167.10,10,4167.20,10,Buy,67,111,178,-44.00,2.00,-50.00,2.40,75.0,4168.00,4168.50,4166.10,4166.20,46,42,88,4.00,4.00,-13.00,0.80,62.5,42,156,0.0000,0.1364,-60.00,-68.00,4174.79,-0.8054,DOWN,202.65,0.4342,2.3240
20260619 110032 584,4166.20,1,4166.10,4166.40,0.30,4166.10,4,4166.00,5,4165.90,2,4165.80,6,4165.70,12,4165.60,4,4165.50,7,4165.40,6,4165.30,10,4165.20,16,4166.40,3,4166.50,5,4166.60,4,4166.70,2,4166.80,4,4166.90,6,4167.00,5,4167.10,10,4167.20,10,4167.30,12,Buy,68,111,179,-43.00,2.00,-50.00,2.40,75.0,4168.00,4168.50,4166.10,4166.20,46,42,88,4.00,4.00,-13.00,0.80,62.5,42,156,0.0000,0.1628,-59.00,-67.00,4174.79,-0.8054,DOWN,202.65,0.4342,2.3240
20260619 110032 963,4166.10,1,4166.10,4166.40,0.30,4166.10,4,4166.00,6,4165.80,5,4165.70,7,4165.60,4,4165.50,7,4165.40,6,4165.30,10,4165.20,16,4165.10,10,4166.40,3,4166.50,3,4166.60,5,4166.70,3,4166.80,4,4166.90,6,4167.00,5,4167.10,10,4167.20,10,4167.30,12,Sell,68,112,180,-44.00,2.00,-50.00,2.40,79.2,4168.00,4168.50,4166.10,4166.10,46,42,88,4.00,4.00,-13.00,0.80,62.5,42,156,0.0000,0.1364,-60.00,-68.00,4174.78,-0.8086,DOWN,202.65,0.4342,2.3240
20260619 110032 963,4166.10,2,4166.10,4166.40,0.30,4166.10,4,4166.00,6,4165.80,5,4165.70,7,4165.60,4,4165.50,7,4165.40,6,4165.30,10,4165.20,16,4165.10,10,4166.40,3,4166.50,3,4166.60,5,4166.70,3,4166.80,4,4166.90,6,4167.00,5,4167.10,10,4167.20,10,4167.30,12,Sell,68,114,182,-46.00,2.00,-50.00,2.40,79.2,4168.00,4168.50,4166.10,4166.10,46,42,88,4.00,4.00,-13.00,0.80,62.5,42,156,0.0000,0.0870,-62.00,-70.00,4174.78,-0.8086,DOWN,202.65,0.4342,2.3240
20260619 110032 982,4166.20,1,4166.30,4166.40,0.10,4166.10,2,4166.00,6,4165.80,5,4165.70,7,4165.60,4,4165.50,7,4165.40,6,4165.30,10,4165.20,16,4165.10,10,4166.40,5,4166.50,4,4166.60,5,4166.70,3,4166.80,4,4166.90,6,4167.00,5,4167.10,10,4167.20,10,4167.30,12,Buy,69,114,183,-45.00,2.00,-50.00,2.40,75.0,4168.00,4168.50,4166.10,4166.20,46,42,88,4.00,4.00,-13.00,0.80,62.5,42,156,0.0000,0.1111,-61.00,-69.00,4174.79,-0.8054,DOWN,202.65,0.4342,2.3240
20260619 110032 982,4166.20,1,4166.30,4166.40,0.10,4166.10,2,4166.00,6,4165.80,5,4165.70,7,4165.60,4,4165.50,7,4165.40,6,4165.30,10,4165.20,16,4165.10,10,4166.40,5,4166.50,4,4166.60,5,4166.70,3,4166.80,4,4166.90,6,4167.00,5,4167.10,10,4167.20,10,4167.30,12,Buy,70,114,184,-44.00,2.00,-50.00,2.40,75.0,4168.00,4168.50,4166.10,4166.20,46,42,88,4.00,4.00,-13.00,0.80,62.5,42,156,0.0000,0.1364,-60.00,-68.00,4174.79,-0.8054,DOWN,202.65,0.4342,2.3240
20260619 110032 982,4166.20,1,4166.30,4166.40,0.10,4166.10,2,4166.00,6,4165.80,5,4165.70,7,4165.60,4,4165.50,7,4165.40,6,4165.30,10,4165.20,16,4165.10,10,4166.40,5,4166.50,4,4166.60,5,4166.70,3,4166.80,4,4166.90,6,4167.00,5,4167.10,10,4167.20,10,4167.30,12,Buy,71,114,185,-43.00,2.00,-50.00,2.40,75.0,4168.00,4168.50,4166.10,4166.20,46,42,88,4.00,4.00,-13.00,0.80,62.5,42,156,0.0000,0.1628,-59.00,-67.00,4174.79,-0.8054,DOWN,202.65,0.4342,2.3240
20260619 110032 982,4166.20,1,4166.30,4166.40,0.10,4166.10,2,4166.00,6,4165.80,5,4165.70,7,4165.60,4,4165.50,7,4165.40,6,4165.30,10,4165.20,16,4165.10,10,4166.40,5,4166.50,4,4166.60,5,4166.70,3,4166.80,4,4166.90,6,4167.00,5,4167.10,10,4167.20,10,4167.30,12,Buy,72,114,186,-42.00,2.00,-50.00,2.40,75.0,4168.00,4168.50,4166.10,4166.20,46,42,88,4.00,4.00,-13.00,0.80,62.5,42,156,0.0000,0.1905,-58.00,-66.00,4174.79,-0.8054,DOWN,202.65,0.4342,2.3240
20260619 110033 027,4166.20,1,4166.30,4166.40,0.10,4166.10,2,4166.00,6,4165.80,5,4165.70,7,4165.60,4,4165.50,7,4165.40,6,4165.30,10,4165.20,16,4165.10,10,4166.40,5,4166.50,4,4166.60,5,4166.70,3,4166.80,4,4166.90,6,4167.00,5,4167.10,10,4167.20,10,4167.30,12,Buy,73,114,187,-41.00,2.00,-50.00,2.40,75.0,4168.00,4168.50,4166.10,4166.20,46,42,88,4.00,4.00,-13.00,0.80,62.5,42,156,0.0000,0.2195,-57.00,-65.00,4174.79,-0.8054,DOWN,202.65,0.4342,2.3240
20260619 110033 027,4166.20,1,4166.30,4166.40,0.10,4166.10,2,4166.00,6,4165.80,5,4165.70,7,4165.60,4,4165.50,7,4165.40,6,4165.30,10,4165.20,16,4165.10,10,4166.40,5,4166.50,4,4166.60,5,4166.70,3,4166.80,4,4166.90,6,4167.00,5,4167.10,10,4167.20,10,4167.30,12,Buy,74,114,188,-40.00,2.00,-50.00,2.40,75.0,4168.00,4168.50,4166.10,4166.20,46,42,88,4.00,4.00,-13.00,0.80,62.5,42,156,0.0000,0.2500,-56.00,-64.00,4174.79,-0.8054,DOWN,202.65,0.4342,2.3240
20260619 110033 029,4166.30,1,4166.30,4166.40,0.10,4166.10,2,4166.00,6,4165.80,5,4165.70,7,4165.60,4,4165.50,7,4165.40,6,4165.30,10,4165.20,16,4165.10,10,4166.40,5,4166.50,4,4166.60,5,4166.70,3,4166.80,4,4166.90,6,4167.00,5,4167.10,10,4167.20,10,4167.30,12,Sell,74,115,189,-41.00,2.00,-50.00,2.40,70.8,4168.00,4168.50,4166.10,4166.30,46,42,88,4.00,4.00,-13.00,0.80,62.5,42,156,0.0000,0.2195,-57.00,-65.00,4174.80,-0.8022,DOWN,202.65,0.4342,2.3240
20260619 110033 051,4166.30,1,4166.20,4166.40,0.20,4166.20,3,4166.10,3,4166.00,6,4165.80,5,4165.70,7,4165.60,4,4165.50,7,4165.40,6,4165.30,10,4165.20,16,4166.40,2,4166.50,3,4166.60,5,4166.70,3,4166.80,4,4166.90,6,4167.00,5,4167.10,10,4167.20,10,4167.30,12,Buy,75,115,190,-40.00,2.00,-50.00,2.40,70.8,4168.00,4168.50,4166.10,4166.30,46,42,88,4.00,4.00,-13.00,0.80,62.5,42,156,0.0000,0.2500,-56.00,-64.00,4174.80,-0.8022,DOWN,202.65,0.4342,2.3240
20260619 110033 051,4166.30,1,4166.20,4166.40,0.20,4166.20,3,4166.10,3,4166.00,6,4165.80,5,4165.70,7,4165.60,4,4165.50,7,4165.40,6,4165.30,10,4165.20,16,4166.40,2,4166.50,3,4166.60,5,4166.70,3,4166.80,4,4166.90,6,4167.00,5,4167.10,10,4167.20,10,4167.30,12,Buy,76,115,191,-39.00,2.00,-50.00,2.40,70.8,4168.00,4168.50,4166.10,4166.30,46,42,88,4.00,4.00,-13.00,0.80,62.5,42,156,0.0000,0.2821,-55.00,-63.00,4174.80,-0.8022,DOWN,202.65,0.4342,2.3240
20260619 110034 013,4166.30,1,4166.30,4166.50,0.20,4166.30,1,4166.20,2,4166.10,3,4166.00,6,4165.80,5,4165.70,7,4165.60,4,4165.50,7,4165.40,6,4165.30,10,4166.50,4,4166.60,3,4166.70,3,4166.80,5,4166.90,6,4167.00,5,4167.10,10,4167.20,10,4167.30,12,4167.40,10,Buy,77,115,192,-38.00,2.00,-50.00,2.40,70.8,4168.00,4168.50,4166.10,4166.30,46,42,88,4.00,4.00,-13.00,0.80,62.5,42,156,0.0000,0.3158,-54.00,-62.00,4174.80,-0.8022,DOWN,202.65,0.4342,2.3240
20260619 110034 204,4166.30,1,4166.30,4166.50,0.20,4166.20,1,4166.10,3,4166.00,6,4165.80,5,4165.70,7,4165.60,4,4165.50,7,4165.40,6,4165.30,10,4165.20,16,4166.50,4,4166.60,3,4166.70,3,4166.80,5,4166.90,6,4167.00,5,4167.10,10,4167.20,10,4167.30,12,4167.40,10,Sell,77,116,193,-39.00,2.00,-50.00,2.40,70.8,4168.00,4168.50,4166.10,4166.30,46,42,88,4.00,4.00,-13.00,0.80,62.5,42,156,0.0000,0.2821,-55.00,-63.00,4174.80,-0.8022,DOWN,202.65,0.4342,2.3240
20260619 110034 204,4166.20,1,4166.30,4166.50,0.20,4166.20,1,4166.10,3,4166.00,6,4165.80,5,4165.70,7,4165.60,4,4165.50,7,4165.40,6,4165.30,10,4165.20,16,4166.50,4,4166.60,3,4166.70,3,4166.80,5,4166.90,6,4167.00,5,4167.10,10,4167.20,10,4167.30,12,4167.40,10,Sell,77,117,194,-40.00,2.00,-50.00,2.40,75.0,4168.00,4168.50,4166.10,4166.20,46,42,88,4.00,4.00,-13.00,0.80,62.5,42,156,0.0000,0.2500,-56.00,-64.00,4174.79,-0.8054,DOWN,202.65,0.4342,2.3240
20260619 110034 285,4166.50,1,4166.20,4166.50,0.30,4166.20,2,4166.10,3,4166.00,6,4165.80,5,4165.70,7,4165.60,4,4165.50,7,4165.40,6,4165.30,10,4165.20,16,4166.50,3,4166.60,3,4166.70,3,4166.80,5,4166.90,6,4167.00,5,4167.10,10,4167.20,10,4167.30,12,4167.40,10,Buy,78,117,195,-39.00,2.00,-50.00,2.40,62.5,4168.00,4168.50,4166.10,4166.50,46,42,88,4.00,4.00,-13.00,0.80,62.5,42,156,0.0000,0.2821,-55.00,-63.00,4174.81,-0.7959,DOWN,202.65,0.4342,2.3240
20260619 110036 062,4166.20,1,4165.70,4165.90,0.20,4166.00,5,4165.90,1,4165.80,5,4165.70,7,4165.60,4,4165.50,7,4165.40,6,4165.30,5,4165.20,16,4165.10,10,4166.10,1,4166.20,2,4166.30,3,4166.40,5,4166.50,4,4166.60,4,4166.70,3,4166.80,5,4166.90,6,4167.00,5,Buy,79,117,196,-38.00,2.00,-50.00,2.40,75.0,4168.00,4168.50,4166.10,4166.20,46,42,88,4.00,4.00,-13.00,0.80,62.5,42,156,0.0000,0.3158,-54.00,-62.00,4174.79,-0.8054,DOWN,202.65,0.4342,2.3240
20260619 110036 095,4166.00,1,4165.70,4165.90,0.20,4166.00,5,4165.90,1,4165.80,5,4165.70,7,4165.60,4,4165.50,7,4165.40,6,4165.30,5,4165.20,16,4165.10,10,4166.10,1,4166.20,2,4166.30,3,4166.40,5,4166.50,4,4166.60,4,4166.70,3,4166.80,5,4166.90,6,4167.00,5,Sell,79,118,197,-39.00,2.00,-50.00,2.50,80.0,4168.00,4168.50,4166.00,4166.00,46,42,88,4.00,4.00,-13.00,0.80,62.5,42,156,0.0000,0.2821,-55.00,-63.00,4174.77,-0.8117,DOWN,202.65,0.4342,2.3312
20260619 110036 095,4166.00,1,4165.70,4165.90,0.20,4166.00,5,4165.90,1,4165.80,5,4165.70,7,4165.60,4,4165.50,7,4165.40,6,4165.30,5,4165.20,16,4165.10,10,4166.10,1,4166.20,2,4166.30,3,4166.40,5,4166.50,4,4166.60,4,4166.70,3,4166.80,5,4166.90,6,4167.00,5,Sell,79,119,198,-40.00,2.00,-50.00,2.50,80.0,4168.00,4168.50,4166.00,4166.00,46,42,88,4.00,4.00,-13.00,0.80,62.5,42,156,0.0000,0.2500,-56.00,-64.00,4174.77,-0.8117,DOWN,202.65,0.4342,2.3312
20260619 110036 095,4166.00,1,4165.70,4165.90,0.20,4166.00,5,4165.90,1,4165.80,5,4165.70,7,4165.60,4,4165.50,7,4165.40,6,4165.30,5,4165.20,16,4165.10,10,4166.10,1,4166.20,2,4166.30,3,4166.40,5,4166.50,4,4166.60,4,4166.70,3,4166.80,5,4166.90,6,4167.00,5,Sell,79,120,199,-41.00,2.00,-50.00,2.50,80.0,4168.00,4168.50,4166.00,4166.00,46,42,88,4.00,4.00,-13.00,0.80,62.5,42,156,0.0000,0.2195,-57.00,-65.00,4174.77,-0.8117,DOWN,202.65,0.4342,2.3312
20260619 110036 095,4166.00,1,4165.70,4165.90,0.20,4166.00,5,4165.90,1,4165.80,5,4165.70,7,4165.60,4,4165.50,7,4165.40,6,4165.30,5,4165.20,16,4165.10,10,4166.10,1,4166.20,2,4166.30,3,4166.40,5,4166.50,4,4166.60,4,4166.70,3,4166.80,5,4166.90,6,4167.00,5,Sell,79,121,200,-42.00,2.00,-50.00,2.50,80.0,4168.00,4168.50,4166.00,4166.00,46,42,88,4.00,4.00,-13.00,0.80,62.5,42,156,0.0000,0.1905,-58.00,-66.00,4174.77,-0.8117,DOWN,202.65,0.4342,2.3312
20260619 110036 095,4166.00,1,4165.70,4165.90,0.20,4166.00,5,4165.90,1,4165.80,5,4165.70,7,4165.60,4,4165.50,7,4165.40,6,4165.30,5,4165.20,16,4165.10,10,4166.10,1,4166.20,2,4166.30,3,4166.40,5,4166.50,4,4166.60,4,4166.70,3,4166.80,5,4166.90,6,4167.00,5,Sell,79,122,201,-43.00,2.00,-50.00,2.50,80.0,4168.00,4168.50,4166.00,4166.00,46,42,88,4.00,4.00,-13.00,0.80,62.5,42,156,0.0000,0.1628,-59.00,-67.00,4174.77,-0.8117,DOWN,202.65,0.4342,2.3312
20260619 110036 095,4165.80,1,4165.70,4165.90,0.20,4166.00,5,4165.90,1,4165.80,5,4165.70,7,4165.60,4,4165.50,7,4165.40,6,4165.30,5,4165.20,16,4165.10,10,4166.10,1,4166.20,2,4166.30,3,4166.40,5,4166.50,4,4166.60,4,4166.70,3,4166.80,5,4166.90,6,4167.00,5,Sell,79,123,202,-44.00,2.00,-50.00,2.70,81.5,4168.00,4168.50,4165.80,4165.80,46,42,88,4.00,4.00,-13.00,0.80,62.5,42,156,0.0000,0.1364,-60.00,-68.00,4174.75,-0.8181,DOWN,202.65,0.4342,2.3455
20260619 110036 095,4165.80,1,4165.70,4165.90,0.20,4166.00,5,4165.90,1,4165.80,5,4165.70,7,4165.60,4,4165.50,7,4165.40,6,4165.30,5,4165.20,16,4165.10,10,4166.10,1,4166.20,2,4166.30,3,4166.40,5,4166.50,4,4166.60,4,4166.70,3,4166.80,5,4166.90,6,4167.00,5,Sell,79,124,203,-45.00,2.00,-50.00,2.70,81.5,4168.00,4168.50,4165.80,4165.80,46,42,88,4.00,4.00,-13.00,0.80,62.5,42,156,0.0000,0.1111,-61.00,-69.00,4174.75,-0.8181,DOWN,202.65,0.4342,2.3455
20260619 110036 095,4165.80,1,4165.70,4165.90,0.20,4166.00,5,4165.90,1,4165.80,5,4165.70,7,4165.60,4,4165.50,7,4165.40,6,4165.30,5,4165.20,16,4165.10,10,4166.10,1,4166.20,2,4166.30,3,4166.40,5,4166.50,4,4166.60,4,4166.70,3,4166.80,5,4166.90,6,4167.00,5,Sell,79,125,204,-46.00,2.00,-50.00,2.70,81.5,4168.00,4168.50,4165.80,4165.80,46,42,88,4.00,4.00,-13.00,0.80,62.5,42,156,0.0000,0.0870,-62.00,-70.00,4174.75,-0.8181,DOWN,202.65,0.4342,2.3455
20260619 110036 095,4165.80,1,4165.70,4165.90,0.20,4166.00,5,4165.90,1,4165.80,5,4165.70,7,4165.60,4,4165.50,7,4165.40,6,4165.30,5,4165.20,16,4165.10,10,4166.10,1,4166.20,2,4166.30,3,4166.40,5,4166.50,4,4166.60,4,4166.70,3,4166.80,5,4166.90,6,4167.00,5,Sell,79,126,205,-47.00,2.00,-50.00,2.70,81.5,4168.00,4168.50,4165.80,4165.80,46,42,88,4.00,4.00,-13.00,0.80,62.5,42,156,0.0000,0.0638,-63.00,-71.00,4174.75,-0.8181,DOWN,202.65,0.4342,2.3455
20260619 110036 095,4165.80,1,4165.70,4165.90,0.20,4166.00,5,4165.90,1,4165.80,5,4165.70,7,4165.60,4,4165.50,7,4165.40,6,4165.30,5,4165.20,16,4165.10,10,4166.10,1,4166.20,2,4166.30,3,4166.40,5,4166.50,4,4166.60,4,4166.70,3,4166.80,5,4166.90,6,4167.00,5,Sell,79,127,206,-48.00,2.00,-50.00,2.70,81.5,4168.00,4168.50,4165.80,4165.80,46,42,88,4.00,4.00,-13.00,0.80,62.5,42,156,0.0000,0.0417,-64.00,-72.00,4174.75,-0.8181,DOWN,202.65,0.4342,2.3455
20260619 110036 095,4165.70,2,4165.70,4165.90,0.20,4166.00,5,4165.90,1,4165.80,5,4165.70,7,4165.60,4,4165.50,7,4165.40,6,4165.30,5,4165.20,16,4165.10,10,4166.10,1,4166.20,2,4166.30,3,4166.40,5,4166.50,4,4166.60,4,4166.70,3,4166.80,5,4166.90,6,4167.00,5,Sell,79,129,208,-50.00,2.00,-50.00,2.80,82.1,4168.00,4168.50,4165.70,4165.70,46,42,88,4.00,4.00,-13.00,0.80,62.5,42,156,0.0000,0.0000,-66.00,-74.00,4174.74,-0.8213,DOWN,202.65,0.4342,2.3526
20260619 110036 095,4165.70,1,4165.70,4165.90,0.20,4166.00,5,4165.90,1,4165.80,5,4165.70,7,4165.60,4,4165.50,7,4165.40,6,4165.30,5,4165.20,16,4165.10,10,4166.10,1,4166.20,2,4166.30,3,4166.40,5,4166.50,4,4166.60,4,4166.70,3,4166.80,5,4166.90,6,4167.00,5,Sell,79,130,209,-51.00,2.00,-51.00,2.80,82.1,4168.00,4168.50,4165.70,4165.70,46,42,88,4.00,4.00,-13.00,0.80,62.5,42,156,0.0000,0.0000,-67.00,-75.00,4174.74,-0.8213,DOWN,202.65,0.4342,2.3526
20260619 110036 095,4165.70,1,4165.70,4165.90,0.20,4166.00,5,4165.90,1,4165.80,5,4165.70,7,4165.60,4,4165.50,7,4165.40,6,4165.30,5,4165.20,16,4165.10,10,4166.10,1,4166.20,2,4166.30,3,4166.40,5,4166.50,4,4166.60,4,4166.70,3,4166.80,5,4166.90,6,4167.00,5,Sell,79,131,210,-52.00,2.00,-52.00,2.80,82.1,4168.00,4168.50,4165.70,4165.70,46,42,88,4.00,4.00,-13.00,0.80,62.5,42,156,0.0000,0.0000,-68.00,-76.00,4174.74,-0.8213,DOWN,202.65,0.4342,2.3526
20260619 110036 095,4165.70,1,4165.70,4165.90,0.20,4166.00,5,4165.90,1,4165.80,5,4165.70,7,4165.60,4,4165.50,7,4165.40,6,4165.30,5,4165.20,16,4165.10,10,4166.10,1,4166.20,2,4166.30,3,4166.40,5,4166.50,4,4166.60,4,4166.70,3,4166.80,5,4166.90,6,4167.00,5,Sell,79,132,211,-53.00,2.00,-53.00,2.80,82.1,4168.00,4168.50,4165.70,4165.70,46,42,88,4.00,4.00,-13.00,0.80,62.5,42,156,0.0000,0.0000,-69.00,-77.00,4174.74,-0.8213,DOWN,202.65,0.4342,2.3526
20260619 110036 095,4165.70,1,4165.70,4165.90,0.20,4166.00,5,4165.90,1,4165.80,5,4165.70,7,4165.60,4,4165.50,7,4165.40,6,4165.30,5,4165.20,16,4165.10,10,4166.10,1,4166.20,2,4166.30,3,4166.40,5,4166.50,4,4166.60,4,4166.70,3,4166.80,5,4166.90,6,4167.00,5,Sell,79,133,212,-54.00,2.00,-54.00,2.80,82.1,4168.00,4168.50,4165.70,4165.70,46,42,88,4.00,4.00,-13.00,0.80,62.5,42,156,0.0000,0.0000,-70.00,-78.00,4174.74,-0.8213,DOWN,202.65,0.4342,2.3526
20260619 110036 095,4165.70,1,4165.70,4165.90,0.20,4166.00,5,4165.90,1,4165.80,5,4165.70,7,4165.60,4,4165.50,7,4165.40,6,4165.30,5,4165.20,16,4165.10,10,4166.10,1,4166.20,2,4166.30,3,4166.40,5,4166.50,4,4166.60,4,4166.70,3,4166.80,5,4166.90,6,4167.00,5,Sell,79,134,213,-55.00,2.00,-55.00,2.80,82.1,4168.00,4168.50,4165.70,4165.70,46,42,88,4.00,4.00,-13.00,0.80,62.5,42,156,0.0000,0.0000,-71.00,-79.00,4174.74,-0.8213,DOWN,202.65,0.4342,2.3526
20260619 110036 114,4165.70,1,4165.70,4165.90,0.20,4166.00,5,4165.90,1,4165.80,5,4165.70,7,4165.60,4,4165.50,7,4165.40,6,4165.30,5,4165.20,16,4165.10,10,4166.10,1,4166.20,2,4166.30,3,4166.40,5,4166.50,4,4166.60,4,4166.70,3,4166.80,5,4166.90,6,4167.00,5,Sell,79,135,214,-56.00,2.00,-56.00,2.80,82.1,4168.00,4168.50,4165.70,4165.70,46,42,88,4.00,4.00,-13.00,0.80,62.5,42,156,0.0000,0.0000,-72.00,-80.00,4174.74,-0.8213,DOWN,202.65,0.4342,2.3526
20260619 110036 259,4165.80,1,4165.80,4166.00,0.20,4165.80,2,4165.70,3,4165.60,4,4165.50,7,4165.40,6,4165.30,5,4165.20,11,4165.10,5,4165.00,14,4164.90,13,4166.00,1,4166.10,3,4166.20,1,4166.30,3,4166.40,5,4166.50,4,4166.60,4,4166.70,3,4166.80,5,4166.90,13,Sell,79,136,215,-57.00,2.00,-57.00,2.80,78.6,4168.00,4168.50,4165.70,4165.80,46,42,88,4.00,4.00,-13.00,0.80,62.5,42,156,0.0000,0.0000,-73.00,-81.00,4174.75,-0.8181,DOWN,202.65,0.4342,2.3526
20260619 110038 250,4166.00,1,4165.70,4166.00,0.30,4165.70,4,4165.60,4,4165.50,7,4165.40,6,4165.30,6,4165.20,11,4165.10,5,4165.00,9,4164.90,13,4164.80,13,4166.00,2,4166.10,3,4166.20,3,4166.30,3,4166.40,6,4166.50,4,4166.60,4,4166.70,3,4166.80,13,4166.90,13,Buy,80,136,216,-56.00,2.00,-57.00,2.80,71.4,4168.00,4168.50,4165.70,4166.00,46,42,88,4.00,4.00,-13.00,0.80,62.5,42,156,0.0000,0.0179,-72.00,-80.00,4174.77,-0.8117,DOWN,202.65,0.4342,2.3526
20260619 110038 250,4166.00,1,4165.70,4166.00,0.30,4165.70,4,4165.60,4,4165.50,7,4165.40,6,4165.30,6,4165.20,11,4165.10,5,4165.00,9,4164.90,13,4164.80,13,4166.00,2,4166.10,3,4166.20,3,4166.30,3,4166.40,6,4166.50,4,4166.60,4,4166.70,3,4166.80,13,4166.90,13,Buy,81,136,217,-55.00,2.00,-57.00,2.80,71.4,4168.00,4168.50,4165.70,4166.00,46,42,88,4.00,4.00,-13.00,0.80,62.5,42,156,0.0000,0.0364,-71.00,-79.00,4174.77,-0.8117,DOWN,202.65,0.4342,2.3526
20260619 110038 670,4166.00,1,4165.90,4166.20,0.30,4165.90,4,4165.80,4,4165.70,4,4165.60,4,4165.50,7,4165.40,7,4165.30,6,4165.20,11,4165.10,5,4165.00,14,4166.20,2,4166.30,3,4166.40,6,4166.50,4,4166.60,4,4166.70,3,4166.80,13,4166.90,13,4167.00,12,4167.10,11,Buy,82,136,218,-54.00,2.00,-57.00,2.80,71.4,4168.00,4168.50,4165.70,4166.00,46,42,88,4.00,4.00,-13.00,0.80,62.5,42,156,0.0000,0.0556,-70.00,-78.00,4174.77,-0.8117,DOWN,202.65,0.4342,2.3526
20260619 110038 724,4166.20,1,4166.20,4166.50,0.30,4166.20,4,4166.10,3,4166.00,3,4165.90,4,4165.80,6,4165.70,4,4165.60,5,4165.50,7,4165.40,7,4165.30,11,4166.50,2,4166.60,2,4166.70,3,4166.80,5,4166.90,5,4167.00,4,4167.10,5,4167.20,11,4167.30,11,4167.40,11,Buy,83,136,219,-53.00,2.00,-57.00,2.80,64.3,4168.00,4168.50,4165.70,4166.20,46,42,88,4.00,4.00,-13.00,0.80,62.5,42,156,0.0000,0.0755,-69.00,-77.00,4174.79,-0.8054,DOWN,202.65,0.4342,2.3526
20260619 110038 726,4166.30,1,4166.20,4166.50,0.30,4166.20,4,4166.10,3,4166.00,3,4165.90,4,4165.80,6,4165.70,4,4165.60,5,4165.50,7,4165.40,7,4165.30,11,4166.50,2,4166.60,2,4166.70,3,4166.80,5,4166.90,5,4167.00,4,4167.10,5,4167.20,11,4167.30,11,4167.40,11,Buy,84,136,220,-52.00,2.00,-57.00,2.80,60.7,4168.00,4168.50,4165.70,4166.30,46,42,88,4.00,4.00,-13.00,0.80,62.5,42,156,0.0000,0.0962,-68.00,-76.00,4174.80,-0.8022,DOWN,202.65,0.4342,2.3526
20260619 110039 466,4166.10,1,4166.10,4166.20,0.10,4166.10,1,4166.00,2,4165.90,3,4165.80,6,4165.70,4,4165.60,5,4165.50,7,4165.40,12,4165.30,11,4165.20,16,4166.20,1,4166.30,2,4166.40,4,4166.50,5,4166.60,2,4166.70,2,4166.80,5,4166.90,5,4167.00,4,4167.10,11,Sell,84,137,221,-53.00,2.00,-57.00,2.80,67.9,4168.00,4168.50,4165.70,4166.10,46,42,88,4.00,4.00,-13.00,0.80,62.5,42,156,0.0000,0.0755,-69.00,-77.00,4174.78,-0.8086,DOWN,202.65,0.4342,2.3526
20260619 110039 728,4166.00,1,4166.00,4166.20,0.20,4166.00,1,4165.90,3,4165.80,6,4165.70,4,4165.60,4,4165.50,7,4165.40,12,4165.30,11,4165.20,16,4165.10,10,4166.20,1,4166.30,2,4166.40,5,4166.50,5,4166.60,3,4166.70,2,4166.80,5,4166.90,5,4167.00,4,4167.10,11,Sell,84,138,222,-54.00,2.00,-57.00,2.80,71.4,4168.00,4168.50,4165.70,4166.00,46,42,88,4.00,4.00,-13.00,0.80,62.5,42,156,0.0000,0.0556,-70.00,-78.00,4174.77,-0.8117,DOWN,202.65,0.4342,2.3526
20260619 110039 796,4166.20,1,4166.00,4166.20,0.20,4166.00,3,4165.90,3,4165.80,6,4165.70,4,4165.60,4,4165.50,7,4165.40,12,4165.30,11,4165.20,16,4165.10,10,4166.20,1,4166.30,3,4166.40,6,4166.50,6,4166.60,3,4166.70,2,4166.80,5,4166.90,5,4167.00,5,4167.10,11,Buy,85,138,223,-53.00,2.00,-57.00,2.80,64.3,4168.00,4168.50,4165.70,4166.20,46,42,88,4.00,4.00,-13.00,0.80,62.5,42,156,0.0000,0.0755,-69.00,-77.00,4174.79,-0.8054,DOWN,202.65,0.4342,2.3526
20260619 110040 198,4166.00,1,4165.90,4166.20,0.30,4165.90,3,4165.80,6,4165.70,4,4165.60,4,4165.50,7,4165.40,12,4165.30,11,4165.20,16,4165.10,10,4165.00,14,4166.20,2,4166.30,2,4166.40,5,4166.50,6,4166.60,3,4166.70,2,4166.80,5,4166.90,5,4167.00,5,4167.10,11,Sell,85,139,224,-54.00,2.00,-57.00,2.80,71.4,4168.00,4168.50,4165.70,4166.00,46,42,88,4.00,4.00,-13.00,0.80,62.5,42,156,0.0000,0.0556,-70.00,-78.00,4174.77,-0.8117,DOWN,202.65,0.4342,2.3526
20260619 110040 198,4166.00,1,4165.90,4166.20,0.30,4165.90,3,4165.80,6,4165.70,4,4165.60,4,4165.50,7,4165.40,12,4165.30,11,4165.20,16,4165.10,10,4165.00,14,4166.20,2,4166.30,2,4166.40,5,4166.50,6,4166.60,3,4166.70,2,4166.80,5,4166.90,5,4167.00,5,4167.10,11,Sell,85,140,225,-55.00,2.00,-57.00,2.80,71.4,4168.00,4168.50,4165.70,4166.00,46,42,88,4.00,4.00,-13.00,0.80,62.5,42,156,0.0000,0.0364,-71.00,-79.00,4174.77,-0.8117,DOWN,202.65,0.4342,2.3526
20260619 110040 198,4166.00,1,4165.90,4166.20,0.30,4165.90,3,4165.80,6,4165.70,4,4165.60,4,4165.50,7,4165.40,12,4165.30,11,4165.20,16,4165.10,10,4165.00,14,4166.20,2,4166.30,2,4166.40,5,4166.50,6,4166.60,3,4166.70,2,4166.80,5,4166.90,5,4167.00,5,4167.10,11,Sell,85,141,226,-56.00,2.00,-57.00,2.80,71.4,4168.00,4168.50,4165.70,4166.00,46,42,88,4.00,4.00,-13.00,0.80,62.5,42,156,0.0000,0.0179,-72.00,-80.00,4174.77,-0.8117,DOWN,202.65,0.4342,2.3526
20260619 110040 576,4166.10,1,4166.00,4166.30,0.30,4166.00,3,4165.90,2,4165.80,6,4165.70,4,4165.60,4,4165.50,7,4165.40,12,4165.30,11,4165.20,16,4165.10,10,4166.30,4,4166.40,7,4166.50,6,4166.60,3,4166.70,3,4166.80,5,4166.90,5,4167.00,5,4167.10,11,4167.20,11,Sell,85,142,227,-57.00,2.00,-57.00,2.80,67.9,4168.00,4168.50,4165.70,4166.10,46,42,88,4.00,4.00,-13.00,0.80,62.5,42,156,0.0000,0.0000,-73.00,-81.00,4174.78,-0.8086,DOWN,202.65,0.4342,2.3526
20260619 110041 850,4166.00,1,4166.00,4166.20,0.20,4166.00,2,4165.90,2,4165.80,6,4165.70,4,4165.60,5,4165.50,7,4165.40,12,4165.30,11,4165.20,16,4165.10,10,4166.20,3,4166.30,4,4166.40,6,4166.50,5,4166.60,3,4166.70,3,4166.80,5,4166.90,5,4167.00,5,4167.10,11,Sell,85,143,228,-58.00,2.00,-58.00,2.80,71.4,4168.00,4168.50,4165.70,4166.00,46,42,88,4.00,4.00,-13.00,0.80,62.5,42,156,0.0000,0.0000,-74.00,-82.00,4174.77,-0.8117,DOWN,202.65,0.4342,2.3526
20260619 110042 303,4166.20,1,4166.10,4166.20,0.10,4166.10,2,4166.00,2,4165.90,2,4165.80,6,4165.70,4,4165.60,4,4165.50,7,4165.40,7,4165.30,11,4165.20,16,4166.30,5,4166.40,6,4166.50,6,4166.60,4,4166.70,3,4166.80,4,4166.90,5,4167.00,5,4167.10,11,4167.20,11,Buy,86,143,229,-57.00,2.00,-58.00,2.80,64.3,4168.00,4168.50,4165.70,4166.20,46,42,88,4.00,4.00,-13.00,0.80,62.5,42,156,0.0000,0.0175,-73.00,-81.00,4174.79,-0.8054,DOWN,202.65,0.4342,2.3526
20260619 110042 592,4166.00,1,4166.00,4166.20,0.20,4166.00,2,4165.90,2,4165.80,6,4165.70,4,4165.60,4,4165.50,7,4165.40,7,4165.30,11,4165.20,16,4165.10,10,4166.20,5,4166.30,4,4166.40,5,4166.50,5,4166.60,4,4166.70,3,4166.80,4,4166.90,5,4167.00,5,4167.10,11,Sell,86,144,230,-58.00,2.00,-58.00,2.80,71.4,4168.00,4168.50,4165.70,4166.00,46,42,88,4.00,4.00,-13.00,0.80,62.5,42,156,0.0000,0.0000,-74.00,-82.00,4174.77,-0.8117,DOWN,202.65,0.4342,2.3526
20260619 110043 518,4166.00,1,4165.80,4166.00,0.20,4165.80,4,4165.70,4,4165.60,4,4165.50,7,4165.40,7,4165.30,6,4165.20,16,4165.10,10,4165.00,15,4164.90,13,4166.00,2,4166.10,6,4166.20,6,4166.30,5,4166.40,5,4166.50,5,4166.60,1,4166.70,3,4166.80,4,4166.90,11,Sell,86,145,231,-59.00,2.00,-59.00,2.80,71.4,4168.00,4168.50,4165.70,4166.00,46,42,88,4.00,4.00,-13.00,0.80,62.5,42,156,0.0000,0.0000,-75.00,-83.00,4174.77,-0.8117,DOWN,202.65,0.4342,2.3526
20260619 110043 518,4166.00,1,4165.80,4166.00,0.20,4165.80,4,4165.70,4,4165.60,4,4165.50,7,4165.40,7,4165.30,6,4165.20,16,4165.10,10,4165.00,15,4164.90,13,4166.00,2,4166.10,6,4166.20,6,4166.30,5,4166.40,5,4166.50,5,4166.60,1,4166.70,3,4166.80,4,4166.90,11,Sell,86,146,232,-60.00,2.00,-60.00,2.80,71.4,4168.00,4168.50,4165.70,4166.00,46,42,88,4.00,4.00,-13.00,0.80,62.5,42,156,0.0000,0.0000,-76.00,-84.00,4174.77,-0.8117,DOWN,202.65,0.4342,2.3526
20260619 110044 212,4165.90,1,4165.70,4165.90,0.20,4165.70,2,4165.60,3,4165.50,7,4165.40,6,4165.30,6,4165.20,11,4165.10,5,4165.00,10,4164.90,13,4164.80,13,4165.90,2,4166.00,4,4166.10,3,4166.20,6,4166.30,5,4166.40,6,4166.50,6,4166.60,8,4166.70,9,4166.80,10,Sell,86,147,233,-61.00,2.00,-61.00,2.80,75.0,4168.00,4168.50,4165.70,4165.90,46,42,88,4.00,4.00,-13.00,0.80,62.5,42,156,0.0000,0.0000,-77.00,-85.00,4174.76,-0.8149,DOWN,202.65,0.4342,2.3526
20260619 110044 243,4165.80,1,4165.90,4166.10,0.20,4165.90,1,4165.80,3,4165.70,3,4165.60,4,4165.50,6,4165.40,5,4165.30,5,4165.20,11,4165.10,5,4165.00,10,4166.10,2,4166.20,6,4166.30,7,4166.40,6,4166.50,6,4166.60,1,4166.70,2,4166.80,9,4166.90,11,4167.00,11,Sell,86,148,234,-62.00,2.00,-62.00,2.80,78.6,4168.00,4168.50,4165.70,4165.80,46,42,88,4.00,4.00,-13.00,0.80,62.5,42,156,0.0000,0.0000,-78.00,-86.00,4174.75,-0.8181,DOWN,202.65,0.4342,2.3526
20260619 110044 292,4165.60,1,4165.90,4166.10,0.20,4165.90,1,4165.80,3,4165.70,3,4165.60,4,4165.50,6,4165.40,5,4165.30,5,4165.20,11,4165.10,5,4165.00,10,4166.10,2,4166.20,6,4166.30,7,4166.40,6,4166.50,6,4166.60,1,4166.70,2,4166.80,9,4166.90,11,4167.00,11,Sell,86,149,235,-63.00,2.00,-63.00,2.90,82.8,4168.00,4168.50,4165.60,4165.60,46,42,88,4.00,4.00,-13.00,0.80,62.5,42,156,0.0000,0.0000,-79.00,-87.00,4174.73,-0.8244,DOWN,202.65,0.4342,2.3597
20260619 110044 296,4165.60,1,4165.90,4166.10,0.20,4165.90,1,4165.80,3,4165.70,3,4165.60,4,4165.50,6,4165.40,5,4165.30,5,4165.20,11,4165.10,5,4165.00,10,4166.10,2,4166.20,6,4166.30,7,4166.40,6,4166.50,6,4166.60,1,4166.70,2,4166.80,9,4166.90,11,4167.00,11,Buy,87,149,236,-62.00,2.00,-63.00,2.90,82.8,4168.00,4168.50,4165.60,4165.60,46,42,88,4.00,4.00,-13.00,0.80,62.5,42,156,0.0000,0.0161,-78.00,-86.00,4174.73,-0.8244,DOWN,202.65,0.4342,2.3597
20260619 110044 298,4165.70,1,4165.90,4166.10,0.20,4165.90,1,4165.80,3,4165.70,3,4165.60,4,4165.50,6,4165.40,5,4165.30,5,4165.20,11,4165.10,5,4165.00,10,4166.10,2,4166.20,6,4166.30,7,4166.40,6,4166.50,6,4166.60,1,4166.70,2,4166.80,9,4166.90,11,4167.00,11,Buy,88,149,237,-61.00,2.00,-63.00,2.90,79.3,4168.00,4168.50,4165.60,4165.70,46,42,88,4.00,4.00,-13.00,0.80,62.5,42,156,0.0000,0.0328,-77.00,-85.00,4174.74,-0.8213,DOWN,202.65,0.4342,2.3597
20260619 110044 299,4165.70,1,4165.90,4166.10,0.20,4165.90,1,4165.80,3,4165.70,3,4165.60,4,4165.50,6,4165.40,5,4165.30,5,4165.20,11,4165.10,5,4165.00,10,4166.10,2,4166.20,6,4166.30,7,4166.40,6,4166.50,6,4166.60,1,4166.70,2,4166.80,9,4166.90,11,4167.00,11,Buy,89,149,238,-60.00,2.00,-63.00,2.90,79.3,4168.00,4168.50,4165.60,4165.70,46,42,88,4.00,4.00,-13.00,0.80,62.5,42,156,0.0000,0.0500,-76.00,-84.00,4174.74,-0.8213,DOWN,202.65,0.4342,2.3597
20260619 110044 299,4165.80,1,4165.90,4166.10,0.20,4165.90,1,4165.80,3,4165.70,3,4165.60,4,4165.50,6,4165.40,5,4165.30,5,4165.20,11,4165.10,5,4165.00,10,4166.10,2,4166.20,6,4166.30,7,4166.40,6,4166.50,6,4166.60,1,4166.70,2,4166.80,9,4166.90,11,4167.00,11,Buy,90,149,239,-59.00,2.00,-63.00,2.90,75.9,4168.00,4168.50,4165.60,4165.80,46,42,88,4.00,4.00,-13.00,0.80,62.5,42,156,0.0000,0.0678,-75.00,-83.00,4174.75,-0.8181,DOWN,202.65,0.4342,2.3597
20260619 110044 299,4165.80,1,4165.90,4166.10,0.20,4165.90,1,4165.80,3,4165.70,3,4165.60,4,4165.50,6,4165.40,5,4165.30,5,4165.20,11,4165.10,5,4165.00,10,4166.10,2,4166.20,6,4166.30,7,4166.40,6,4166.50,6,4166.60,1,4166.70,2,4166.80,9,4166.90,11,4167.00,11,Buy,91,149,240,-58.00,2.00,-63.00,2.90,75.9,4168.00,4168.50,4165.60,4165.80,46,42,88,4.00,4.00,-13.00,0.80,62.5,42,156,0.0000,0.0862,-74.00,-82.00,4174.75,-0.8181,DOWN,202.65,0.4342,2.3597
20260619 110044 299,4165.80,1,4165.90,4166.10,0.20,4165.90,1,4165.80,3,4165.70,3,4165.60,4,4165.50,6,4165.40,5,4165.30,5,4165.20,11,4165.10,5,4165.00,10,4166.10,2,4166.20,6,4166.30,7,4166.40,6,4166.50,6,4166.60,1,4166.70,2,4166.80,9,4166.90,11,4167.00,11,Buy,92,149,241,-57.00,2.00,-63.00,2.90,75.9,4168.00,4168.50,4165.60,4165.80,46,42,88,4.00,4.00,-13.00,0.80,62.5,42,156,0.0000,0.1053,-73.00,-81.00,4174.75,-0.8181,DOWN,202.65,0.4342,2.3597
20260619 110044 300,4165.90,1,4165.90,4166.10,0.20,4165.90,1,4165.80,3,4165.70,3,4165.60,4,4165.50,6,4165.40,5,4165.30,5,4165.20,11,4165.10,5,4165.00,10,4166.10,2,4166.20,6,4166.30,7,4166.40,6,4166.50,6,4166.60,1,4166.70,2,4166.80,9,4166.90,11,4167.00,11,Buy,93,149,242,-56.00,2.00,-63.00,2.90,72.4,4168.00,4168.50,4165.60,4165.90,46,42,88,4.00,4.00,-13.00,0.80,62.5,42,156,0.0000,0.1250,-72.00,-80.00,4174.76,-0.8149,DOWN,202.65,0.4342,2.3597
20260619 110044 300,4165.90,1,4165.90,4166.10,0.20,4165.90,1,4165.80,3,4165.70,3,4165.60,4,4165.50,6,4165.40,5,4165.30,5,4165.20,11,4165.10,5,4165.00,10,4166.10,2,4166.20,6,4166.30,7,4166.40,6,4166.50,6,4166.60,1,4166.70,2,4166.80,9,4166.90,11,4167.00,11,Buy,94,149,243,-55.00,2.00,-63.00,2.90,72.4,4168.00,4168.50,4165.60,4165.90,46,42,88,4.00,4.00,-13.00,0.80,62.5,42,156,0.0000,0.1455,-71.00,-79.00,4174.76,-0.8149,DOWN,202.65,0.4342,2.3597
20260619 110044 300,4165.90,1,4165.90,4166.10,0.20,4165.90,1,4165.80,3,4165.70,3,4165.60,4,4165.50,6,4165.40,5,4165.30,5,4165.20,11,4165.10,5,4165.00,10,4166.10,2,4166.20,6,4166.30,7,4166.40,6,4166.50,6,4166.60,1,4166.70,2,4166.80,9,4166.90,11,4167.00,11,Buy,95,149,244,-54.00,2.00,-63.00,2.90,72.4,4168.00,4168.50,4165.60,4165.90,46,42,88,4.00,4.00,-13.00,0.80,62.5,42,156,0.0000,0.1667,-70.00,-78.00,4174.76,-0.8149,DOWN,202.65,0.4342,2.3597
20260619 110044 300,4165.90,1,4165.90,4166.10,0.20,4165.90,1,4165.80,3,4165.70,3,4165.60,4,4165.50,6,4165.40,5,4165.30,5,4165.20,11,4165.10,5,4165.00,10,4166.10,2,4166.20,6,4166.30,7,4166.40,6,4166.50,6,4166.60,1,4166.70,2,4166.80,9,4166.90,11,4167.00,11,Buy,96,149,245,-53.00,2.00,-63.00,2.90,72.4,4168.00,4168.50,4165.60,4165.90,46,42,88,4.00,4.00,-13.00,0.80,62.5,42,156,0.0000,0.1887,-69.00,-77.00,4174.76,-0.8149,DOWN,202.65,0.4342,2.3597
20260619 110044 300,4165.90,1,4165.90,4166.10,0.20,4165.90,1,4165.80,3,4165.70,3,4165.60,4,4165.50,6,4165.40,5,4165.30,5,4165.20,11,4165.10,5,4165.00,10,4166.10,2,4166.20,6,4166.30,7,4166.40,6,4166.50,6,4166.60,1,4166.70,2,4166.80,9,4166.90,11,4167.00,11,Buy,97,149,246,-52.00,2.00,-63.00,2.90,72.4,4168.00,4168.50,4165.60,4165.90,46,42,88,4.00,4.00,-13.00,0.80,62.5,42,156,0.0000,0.2115,-68.00,-76.00,4174.76,-0.8149,DOWN,202.65,0.4342,2.3597
20260619 110044 644,4165.80,1,4165.60,4165.90,0.30,4165.60,1,4165.50,5,4165.40,4,4165.30,5,4165.20,11,4165.10,5,4165.00,10,4164.90,13,4164.80,13,4164.70,8,4165.90,6,4166.00,3,4166.10,3,4166.20,6,4166.30,4,4166.40,6,4166.50,6,4166.60,7,4166.70,8,4166.80,9,Sell,97,150,247,-53.00,2.00,-63.00,2.90,75.9,4168.00,4168.50,4165.60,4165.80,46,42,88,4.00,4.00,-13.00,0.80,62.5,42,156,0.0000,0.1887,-69.00,-77.00,4174.75,-0.8181,DOWN,202.65,0.4342,2.3597
20260619 110044 646,4165.70,1,4165.60,4165.90,0.30,4165.60,1,4165.50,5,4165.40,4,4165.30,5,4165.20,11,4165.10,5,4165.00,10,4164.90,13,4164.80,13,4164.70,8,4165.90,6,4166.00,3,4166.10,3,4166.20,6,4166.30,4,4166.40,6,4166.50,6,4166.60,7,4166.70,8,4166.80,9,Sell,97,151,248,-54.00,2.00,-63.00,2.90,79.3,4168.00,4168.50,4165.60,4165.70,46,42,88,4.00,4.00,-13.00,0.80,62.5,42,156,0.0000,0.1667,-70.00,-78.00,4174.74,-0.8213,DOWN,202.65,0.4342,2.3597
20260619 110044 753,4165.50,2,4165.40,4165.50,0.10,4165.40,2,4165.30,2,4165.20,11,4165.10,4,4165.00,10,4164.90,8,4164.80,8,4164.70,4,4164.60,9,4164.50,19,4165.50,2,4165.60,6,4165.70,6,4165.80,6,4165.90,6,4166.00,5,4166.10,5,4166.20,6,4166.30,6,4166.40,12,Sell,97,153,250,-56.00,2.00,-63.00,3.00,83.3,4168.00,4168.50,4165.50,4165.50,46,42,88,4.00,4.00,-13.00,0.80,62.5,42,156,0.0000,0.1250,-72.00,-80.00,4174.72,-0.8276,DOWN,202.65,0.4342,2.3669
20260619 110044 754,4165.50,1,4165.40,4165.50,0.10,4165.40,2,4165.30,2,4165.20,11,4165.10,4,4165.00,10,4164.90,8,4164.80,8,4164.70,4,4164.60,9,4164.50,19,4165.50,2,4165.60,6,4165.70,6,4165.80,6,4165.90,6,4166.00,5,4166.10,5,4166.20,6,4166.30,6,4166.40,12,Sell,97,154,251,-57.00,2.00,-63.00,3.00,83.3,4168.00,4168.50,4165.50,4165.50,46,42,88,4.00,4.00,-13.00,0.80,62.5,42,156,0.0000,0.1053,-73.00,-81.00,4174.72,-0.8276,DOWN,202.65,0.4342,2.3669
20260619 110044 754,4165.50,2,4165.40,4165.50,0.10,4165.40,2,4165.30,2,4165.20,11,4165.10,4,4165.00,10,4164.90,8,4164.80,8,4164.70,4,4164.60,9,4164.50,19,4165.50,2,4165.60,6,4165.70,6,4165.80,6,4165.90,6,4166.00,5,4166.10,5,4166.20,6,4166.30,6,4166.40,12,Sell,97,156,253,-59.00,2.00,-63.00,3.00,83.3,4168.00,4168.50,4165.50,4165.50,46,42,88,4.00,4.00,-13.00,0.80,62.5,42,156,0.0000,0.0678,-75.00,-83.00,4174.72,-0.8276,DOWN,202.65,0.4342,2.3669
20260619 110044 767,4165.40,1,4165.40,4165.50,0.10,4165.40,2,4165.30,2,4165.20,11,4165.10,4,4165.00,10,4164.90,8,4164.80,8,4164.70,4,4164.60,9,4164.50,19,4165.50,2,4165.60,6,4165.70,6,4165.80,6,4165.90,6,4166.00,5,4166.10,5,4166.20,6,4166.30,6,4166.40,12,Sell,97,157,254,-60.00,2.00,-63.00,3.10,83.9,4168.00,4168.50,4165.40,4165.40,46,42,88,4.00,4.00,-13.00,0.80,62.5,42,156,0.0000,0.0500,-76.00,-84.00,4174.71,-0.8308,DOWN,202.65,0.4342,2.3740
20260619 110044 768,4165.50,1,4165.40,4165.50,0.10,4165.40,2,4165.30,2,4165.20,11,4165.10,4,4165.00,10,4164.90,8,4164.80,8,4164.70,4,4164.60,9,4164.50,19,4165.50,2,4165.60,6,4165.70,6,4165.80,6,4165.90,6,4166.00,5,4166.10,5,4166.20,6,4166.30,6,4166.40,12,Buy,98,157,255,-59.00,2.00,-63.00,3.10,80.6,4168.00,4168.50,4165.40,4165.50,46,42,88,4.00,4.00,-13.00,0.80,62.5,42,156,0.0000,0.0678,-75.00,-83.00,4174.72,-0.8276,DOWN,202.65,0.4342,2.3740
20260619 110044 984,4165.50,1,4165.50,4165.80,0.30,4165.50,1,4165.40,4,4165.30,3,4165.20,10,4165.10,5,4165.00,10,4164.90,8,4164.80,8,4164.70,9,4164.60,9,4165.80,4,4165.90,5,4166.00,5,4166.10,5,4166.20,6,4166.30,6,4166.40,12,4166.50,11,4166.60,7,4166.70,8,Buy,99,157,256,-58.00,2.00,-63.00,3.10,80.6,4168.00,4168.50,4165.40,4165.50,46,42,88,4.00,4.00,-13.00,0.80,62.5,42,156,0.0000,0.0862,-74.00,-82.00,4174.72,-0.8276,DOWN,202.65,0.4342,2.3740
20260619 110044 985,4165.60,1,4165.50,4165.80,0.30,4165.50,1,4165.40,4,4165.30,3,4165.20,10,4165.10,5,4165.00,10,4164.90,8,4164.80,8,4164.70,9,4164.60,9,4165.80,4,4165.90,5,4166.00,5,4166.10,5,4166.20,6,4166.30,6,4166.40,12,4166.50,11,4166.60,7,4166.70,8,Buy,100,157,257,-57.00,2.00,-63.00,3.10,77.4,4168.00,4168.50,4165.40,4165.60,46,42,88,4.00,4.00,-13.00,0.80,62.5,42,156,0.0000,0.1053,-73.00,-81.00,4174.73,-0.8244,DOWN,202.65,0.4342,2.3740
20260619 110044 985,4165.60,1,4165.50,4165.80,0.30,4165.50,1,4165.40,4,4165.30,3,4165.20,10,4165.10,5,4165.00,10,4164.90,8,4164.80,8,4164.70,9,4164.60,9,4165.80,4,4165.90,5,4166.00,5,4166.10,5,4166.20,6,4166.30,6,4166.40,12,4166.50,11,4166.60,7,4166.70,8,Buy,101,157,258,-56.00,2.00,-63.00,3.10,77.4,4168.00,4168.50,4165.40,4165.60,46,42,88,4.00,4.00,-13.00,0.80,62.5,42,156,0.0000,0.1250,-72.00,-80.00,4174.73,-0.8244,DOWN,202.65,0.4342,2.3740
20260619 110045 547,4165.70,1,4165.40,4165.70,0.30,4165.50,2,4165.40,4,4165.30,3,4165.20,10,4165.10,5,4165.00,10,4164.90,8,4164.80,8,4164.70,9,4164.60,9,4165.70,3,4165.80,5,4165.90,6,4166.00,5,4166.10,5,4166.20,6,4166.30,6,4166.40,12,4166.50,11,4166.60,7,Buy,102,157,259,-55.00,2.00,-63.00,3.10,74.2,4168.00,4168.50,4165.40,4165.70,46,42,88,4.00,4.00,-13.00,0.80,62.5,42,156,0.0000,0.1455,-71.00,-79.00,4174.74,-0.8213,DOWN,202.65,0.4342,2.3740
20260619 110045 547,4165.70,1,4165.40,4165.70,0.30,4165.50,2,4165.40,4,4165.30,3,4165.20,10,4165.10,5,4165.00,10,4164.90,8,4164.80,8,4164.70,9,4164.60,9,4165.70,3,4165.80,5,4165.90,6,4166.00,5,4166.10,5,4166.20,6,4166.30,6,4166.40,12,4166.50,11,4166.60,7,Buy,103,157,260,-54.00,2.00,-63.00,3.10,74.2,4168.00,4168.50,4165.40,4165.70,46,42,88,4.00,4.00,-13.00,0.80,62.5,42,156,0.0000,0.1667,-70.00,-78.00,4174.74,-0.8213,DOWN,202.65,0.4342,2.3740
20260619 110045 547,4165.70,1,4165.40,4165.70,0.30,4165.50,2,4165.40,4,4165.30,3,4165.20,10,4165.10,5,4165.00,10,4164.90,8,4164.80,8,4164.70,9,4164.60,9,4165.70,3,4165.80,5,4165.90,6,4166.00,5,4166.10,5,4166.20,6,4166.30,6,4166.40,12,4166.50,11,4166.60,7,Buy,104,157,261,-53.00,2.00,-63.00,3.10,74.2,4168.00,4168.50,4165.40,4165.70,46,42,88,4.00,4.00,-13.00,0.80,62.5,42,156,0.0000,0.1887,-69.00,-77.00,4174.74,-0.8213,DOWN,202.65,0.4342,2.3740
20260619 110045 782,4165.70,1,4165.50,4165.70,0.20,4165.50,2,4165.40,4,4165.30,4,4165.20,10,4165.10,5,4165.00,10,4164.90,8,4164.80,8,4164.70,9,4164.60,9,4165.70,1,4165.80,5,4165.90,6,4166.00,5,4166.10,5,4166.20,6,4166.30,6,4166.40,12,4166.50,11,4166.60,7,Buy,105,157,262,-52.00,2.00,-63.00,3.10,74.2,4168.00,4168.50,4165.40,4165.70,46,42,88,4.00,4.00,-13.00,0.80,62.5,42,156,0.0000,0.2115,-68.00,-76.00,4174.74,-0.8213,DOWN,202.65,0.4342,2.3740
20260619 110046 398,4165.50,1,4165.40,4165.60,0.20,4165.40,2,4165.30,3,4165.20,10,4165.10,5,4165.00,10,4164.90,8,4164.80,8,4164.70,9,4164.60,9,4164.50,19,4165.60,1,4165.70,4,4165.80,5,4165.90,6,4166.00,5,4166.10,5,4166.20,6,4166.30,6,4166.40,12,4166.50,11,Sell,105,158,263,-53.00,2.00,-63.00,3.10,80.6,4168.00,4168.50,4165.40,4165.50,46,42,88,4.00,4.00,-13.00,0.80,62.5,42,156,0.0000,0.1887,-69.00,-77.00,4174.72,-0.8276,DOWN,202.65,0.4342,2.3740
20260619 110046 398,4165.40,1,4165.40,4165.60,0.20,4165.40,2,4165.30,3,4165.20,10,4165.10,5,4165.00,10,4164.90,8,4164.80,8,4164.70,9,4164.60,9,4164.50,19,4165.60,1,4165.70,4,4165.80,5,4165.90,6,4166.00,5,4166.10,5,4166.20,6,4166.30,6,4166.40,12,4166.50,11,Sell,105,159,264,-54.00,2.00,-63.00,3.10,83.9,4168.00,4168.50,4165.40,4165.40,46,42,88,4.00,4.00,-13.00,0.80,62.5,42,156,0.0000,0.1667,-70.00,-78.00,4174.71,-0.8308,DOWN,202.65,0.4342,2.3740
20260619 110046 398,4165.40,1,4165.40,4165.60,0.20,4165.40,2,4165.30,3,4165.20,10,4165.10,5,4165.00,10,4164.90,8,4164.80,8,4164.70,9,4164.60,9,4164.50,19,4165.60,1,4165.70,4,4165.80,5,4165.90,6,4166.00,5,4166.10,5,4166.20,6,4166.30,6,4166.40,12,4166.50,11,Sell,105,160,265,-55.00,2.00,-63.00,3.10,83.9,4168.00,4168.50,4165.40,4165.40,46,42,88,4.00,4.00,-13.00,0.80,62.5,42,156,0.0000,0.1455,-71.00,-79.00,4174.71,-0.8308,DOWN,202.65,0.4342,2.3740
20260619 110046 579,4165.50,1,4165.40,4165.50,0.10,4165.40,1,4165.30,3,4165.20,10,4165.10,4,4165.00,10,4164.90,8,4164.80,8,4164.70,4,4164.60,9,4164.50,19,4165.50,3,4165.60,5,4165.70,5,4165.80,6,4165.90,6,4166.00,6,4166.10,5,4166.20,7,4166.30,6,4166.40,12,Buy,106,160,266,-54.00,2.00,-63.00,3.10,80.6,4168.00,4168.50,4165.40,4165.50,46,42,88,4.00,4.00,-13.00,0.80,62.5,42,156,0.0000,0.1667,-70.00,-78.00,4174.72,-0.8276,DOWN,202.65,0.4342,2.3740
20260619 110046 625,4165.40,1,4165.30,4165.40,0.10,4165.30,1,4165.20,9,4165.10,4,4165.00,10,4164.90,8,4164.80,8,4164.70,4,4164.60,9,4164.50,19,4164.40,16,4165.40,1,4165.50,4,4165.60,5,4165.70,5,4165.80,6,4165.90,6,4166.00,6,4166.10,6,4166.20,7,4166.30,12,Sell,106,161,267,-55.00,2.00,-63.00,3.10,83.9,4168.00,4168.50,4165.40,4165.40,46,42,88,4.00,4.00,-13.00,0.80,62.5,42,156,0.0000,0.1455,-71.00,-79.00,4174.71,-0.8308,DOWN,202.65,0.4342,2.3740
20260619 110046 625,4165.30,1,4165.30,4165.40,0.10,4165.30,1,4165.20,9,4165.10,4,4165.00,10,4164.90,8,4164.80,8,4164.70,4,4164.60,9,4164.50,19,4164.40,16,4165.40,1,4165.50,4,4165.60,5,4165.70,6,4165.80,6,4165.90,6,4166.00,6,4166.10,6,4166.20,7,4166.30,12,Sell,106,162,268,-56.00,2.00,-63.00,3.20,84.4,4168.00,4168.50,4165.30,4165.30,46,42,88,4.00,4.00,-13.00,0.80,62.5,42,156,0.0000,0.1250,-72.00,-80.00,4174.70,-0.8340,DOWN,202.65,0.4342,2.3812
20260619 110046 783,4165.30,1,4165.20,4165.40,0.20,4165.20,2,4165.10,5,4165.00,10,4164.90,8,4164.80,8,4164.70,4,4164.60,9,4164.50,19,4164.40,16,4164.30,12,4165.40,4,4165.50,4,4165.60,4,4165.70,6,4165.80,6,4165.90,6,4166.00,6,4166.10,6,4166.20,13,4166.30,10,Sell,106,163,269,-57.00,2.00,-63.00,3.20,84.4,4168.00,4168.50,4165.30,4165.30,46,42,88,4.00,4.00,-13.00,0.80,62.5,42,156,0.0000,0.1053,-73.00,-81.00,4174.70,-0.8340,DOWN,202.65,0.4342,2.3812
20260619 110046 785,4165.40,1,4165.20,4165.40,0.20,4165.20,2,4165.10,5,4165.00,10,4164.90,8,4164.80,8,4164.70,4,4164.60,9,4164.50,19,4164.40,16,4164.30,12,4165.40,4,4165.50,4,4165.60,4,4165.70,6,4165.80,6,4165.90,6,4166.00,6,4166.10,6,4166.20,13,4166.30,10,Buy,107,163,270,-56.00,2.00,-63.00,3.20,81.3,4168.00,4168.50,4165.30,4165.40,46,42,88,4.00,4.00,-13.00,0.80,62.5,42,156,0.0000,0.1250,-72.00,-80.00,4174.71,-0.8308,DOWN,202.65,0.4342,2.3812
20260619 110046 819,4165.40,1,4165.20,4165.40,0.20,4165.20,2,4165.10,5,4165.00,10,4164.90,8,4164.80,8,4164.70,4,4164.60,9,4164.50,19,4164.40,16,4164.30,12,4165.40,4,4165.50,4,4165.60,4,4165.70,6,4165.80,6,4165.90,6,4166.00,6,4166.10,6,4166.20,13,4166.30,10,Buy,108,163,271,-55.00,2.00,-63.00,3.20,81.3,4168.00,4168.50,4165.30,4165.40,46,42,88,4.00,4.00,-13.00,0.80,62.5,42,156,0.0000,0.1455,-71.00,-79.00,4174.71,-0.8308,DOWN,202.65,0.4342,2.3812
20260619 110046 836,4165.30,1,4165.20,4165.40,0.20,4165.20,2,4165.10,5,4165.00,10,4164.90,8,4164.80,8,4164.70,4,4164.60,9,4164.50,19,4164.40,16,4164.30,12,4165.40,4,4165.50,4,4165.60,5,4165.70,6,4165.80,6,4165.90,6,4166.00,6,4166.10,6,4166.20,13,4166.30,10,Sell,108,164,272,-56.00,2.00,-63.00,3.20,84.4,4168.00,4168.50,4165.30,4165.30,46,42,88,4.00,4.00,-13.00,0.80,62.5,42,156,0.0000,0.1250,-72.00,-80.00,4174.70,-0.8340,DOWN,202.65,0.4342,2.3812
20260619 110047 182,4165.50,1,4165.30,4165.50,0.20,4165.40,1,4165.30,3,4165.20,4,4165.10,5,4165.00,10,4164.90,8,4164.80,8,4164.70,4,4164.60,9,4164.50,19,4165.60,4,4165.70,6,4165.80,7,4165.90,6,4166.00,6,4166.10,6,4166.20,13,4166.30,10,4166.40,11,4166.50,11,Buy,109,164,273,-55.00,2.00,-63.00,3.20,78.1,4168.00,4168.50,4165.30,4165.50,46,42,88,4.00,4.00,-13.00,0.80,62.5,42,156,0.0000,0.1455,-71.00,-79.00,4174.72,-0.8276,DOWN,202.65,0.4342,2.3812
20260619 110047 182,4165.50,1,4165.30,4165.50,0.20,4165.40,1,4165.30,3,4165.20,4,4165.10,5,4165.00,10,4164.90,8,4164.80,8,4164.70,4,4164.60,9,4164.50,19,4165.60,4,4165.70,6,4165.80,7,4165.90,6,4166.00,6,4166.10,6,4166.20,13,4166.30,10,4166.40,11,4166.50,11,Buy,110,164,274,-54.00,2.00,-63.00,3.20,78.1,4168.00,4168.50,4165.30,4165.50,46,42,88,4.00,4.00,-13.00,0.80,62.5,42,156,0.0000,0.1667,-70.00,-78.00,4174.72,-0.8276,DOWN,202.65,0.4342,2.3812
20260619 110047 182,4165.50,1,4165.30,4165.50,0.20,4165.40,1,4165.30,3,4165.20,4,4165.10,5,4165.00,10,4164.90,8,4164.80,8,4164.70,4,4164.60,9,4164.50,19,4165.60,4,4165.70,6,4165.80,7,4165.90,6,4166.00,6,4166.10,6,4166.20,13,4166.30,10,4166.40,11,4166.50,11,Buy,111,164,275,-53.00,2.00,-63.00,3.20,78.1,4168.00,4168.50,4165.30,4165.50,46,42,88,4.00,4.00,-13.00,0.80,62.5,42,156,0.0000,0.1887,-69.00,-77.00,4174.72,-0.8276,DOWN,202.65,0.4342,2.3812
20260619 110047 340,4165.40,1,4165.40,4165.60,0.20,4165.40,1,4165.30,2,4165.20,4,4165.10,5,4165.00,10,4164.90,8,4164.80,8,4164.70,4,4164.60,9,4164.50,19,4165.60,5,4165.70,5,4165.80,7,4165.90,6,4166.00,6,4166.10,6,4166.20,13,4166.30,10,4166.40,11,4166.50,11,Sell,111,165,276,-54.00,2.00,-63.00,3.20,81.3,4168.00,4168.50,4165.30,4165.40,46,42,88,4.00,4.00,-13.00,0.80,62.5,42,156,0.0000,0.1667,-70.00,-78.00,4174.71,-0.8308,DOWN,202.65,0.4342,2.3812
20260619 110047 341,4165.40,3,4165.40,4165.60,0.20,4165.40,1,4165.30,2,4165.20,4,4165.10,5,4165.00,10,4164.90,8,4164.80,8,4164.70,4,4164.60,9,4164.50,19,4165.60,5,4165.70,5,4165.80,7,4165.90,6,4166.00,6,4166.10,6,4166.20,13,4166.30,10,4166.40,11,4166.50,11,Buy,114,165,279,-51.00,2.00,-63.00,3.20,81.3,4168.00,4168.50,4165.30,4165.40,46,42,88,4.00,4.00,-13.00,0.80,62.5,42,156,0.0000,0.2353,-67.00,-75.00,4174.71,-0.8308,DOWN,202.65,0.4342,2.3812
20260619 110047 341,4165.40,1,4165.40,4165.60,0.20,4165.40,1,4165.30,2,4165.20,4,4165.10,5,4165.00,10,4164.90,8,4164.80,8,4164.70,4,4164.60,9,4164.50,19,4165.60,5,4165.70,5,4165.80,7,4165.90,6,4166.00,6,4166.10,6,4166.20,13,4166.30,10,4166.40,11,4166.50,11,Buy,115,165,280,-50.00,2.00,-63.00,3.20,81.3,4168.00,4168.50,4165.30,4165.40,46,42,88,4.00,4.00,-13.00,0.80,62.5,42,156,0.0000,0.2600,-66.00,-74.00,4174.71,-0.8308,DOWN,202.65,0.4342,2.3812
20260619 110049 065,4165.50,1,4165.30,4165.70,0.40,4165.30,1,4165.20,4,4165.10,5,4165.00,10,4164.90,8,4164.80,8,4164.70,4,4164.60,9,4164.50,19,4164.40,16,4165.80,8,4165.90,6,4166.00,6,4166.10,6,4166.20,13,4166.30,10,4166.40,11,4166.50,11,4166.60,7,4166.70,8,Buy,116,165,281,-49.00,2.00,-63.00,3.20,78.1,4168.00,4168.50,4165.30,4165.50,46,42,88,4.00,4.00,-13.00,0.80,62.5,42,156,0.0000,0.2857,-65.00,-73.00,4174.72,-0.8276,DOWN,202.65,0.4342,2.3812
20260619 110049 065,4165.50,1,4165.30,4165.70,0.40,4165.30,1,4165.20,4,4165.10,5,4165.00,10,4164.90,8,4164.80,8,4164.70,4,4164.60,9,4164.50,19,4164.40,16,4165.80,8,4165.90,6,4166.00,6,4166.10,6,4166.20,13,4166.30,10,4166.40,11,4166.50,11,4166.60,7,4166.70,8,Buy,117,165,282,-48.00,2.00,-63.00,3.20,78.1,4168.00,4168.50,4165.30,4165.50,46,42,88,4.00,4.00,-13.00,0.80,62.5,42,156,0.0000,0.3125,-64.00,-72.00,4174.72,-0.8276,DOWN,202.65,0.4342,2.3812
20260619 110049 065,4165.50,1,4165.30,4165.70,0.40,4165.30,1,4165.20,4,4165.10,5,4165.00,10,4164.90,8,4164.80,8,4164.70,4,4164.60,9,4164.50,19,4164.40,16,4165.80,8,4165.90,6,4166.00,6,4166.10,6,4166.20,13,4166.30,10,4166.40,11,4166.50,11,4166.60,7,4166.70,8,Buy,118,165,283,-47.00,2.00,-63.00,3.20,78.1,4168.00,4168.50,4165.30,4165.50,46,42,88,4.00,4.00,-13.00,0.80,62.5,42,156,0.0000,0.3404,-63.00,-71.00,4174.72,-0.8276,DOWN,202.65,0.4342,2.3812
20260619 110049 065,4165.60,1,4165.30,4165.70,0.40,4165.30,1,4165.20,4,4165.10,5,4165.00,10,4164.90,8,4164.80,8,4164.70,4,4164.60,9,4164.50,19,4164.40,16,4165.80,8,4165.90,6,4166.00,6,4166.10,6,4166.20,13,4166.30,10,4166.40,11,4166.50,11,4166.60,7,4166.70,8,Buy,119,165,284,-46.00,2.00,-63.00,3.20,75.0,4168.00,4168.50,4165.30,4165.60,46,42,88,4.00,4.00,-13.00,0.80,62.5,42,156,0.0000,0.3696,-62.00,-70.00,4174.73,-0.8244,DOWN,202.65,0.4342,2.3812
20260619 110049 065,4165.60,1,4165.30,4165.70,0.40,4165.30,1,4165.20,4,4165.10,5,4165.00,10,4164.90,8,4164.80,8,4164.70,4,4164.60,9,4164.50,19,4164.40,16,4165.80,8,4165.90,6,4166.00,6,4166.10,6,4166.20,13,4166.30,10,4166.40,11,4166.50,11,4166.60,7,4166.70,8,Buy,120,165,285,-45.00,2.00,-63.00,3.20,75.0,4168.00,4168.50,4165.30,4165.60,46,42,88,4.00,4.00,-13.00,0.80,62.5,42,156,0.0000,0.4000,-61.00,-69.00,4174.73,-0.8244,DOWN,202.65,0.4342,2.3812
20260619 110049 065,4165.60,1,4165.30,4165.70,0.40,4165.30,1,4165.20,4,4165.10,5,4165.00,10,4164.90,8,4164.80,8,4164.70,4,4164.60,9,4164.50,19,4164.40,16,4165.80,8,4165.90,6,4166.00,6,4166.10,6,4166.20,13,4166.30,10,4166.40,11,4166.50,11,4166.60,7,4166.70,8,Buy,121,165,286,-44.00,2.00,-63.00,3.20,75.0,4168.00,4168.50,4165.30,4165.60,46,42,88,4.00,4.00,-13.00,0.80,62.5,42,156,0.0000,0.4318,-60.00,-68.00,4174.73,-0.8244,DOWN,202.65,0.4342,2.3812
20260619 110049 065,4165.60,1,4165.30,4165.70,0.40,4165.30,1,4165.20,4,4165.10,5,4165.00,10,4164.90,8,4164.80,8,4164.70,4,4164.60,9,4164.50,19,4164.40,16,4165.80,8,4165.90,6,4166.00,6,4166.10,6,4166.20,13,4166.30,10,4166.40,11,4166.50,11,4166.60,7,4166.70,8,Buy,122,165,287,-43.00,2.00,-63.00,3.20,75.0,4168.00,4168.50,4165.30,4165.60,46,42,88,4.00,4.00,-13.00,0.80,62.5,42,156,0.0000,0.4651,-59.00,-67.00,4174.73,-0.8244,DOWN,202.65,0.4342,2.3812
20260619 110049 065,4165.70,1,4165.30,4165.70,0.40,4165.30,1,4165.20,4,4165.10,5,4165.00,10,4164.90,8,4164.80,8,4164.70,4,4164.60,9,4164.50,19,4164.40,16,4165.80,8,4165.90,6,4166.00,6,4166.10,6,4166.20,13,4166.30,10,4166.40,11,4166.50,11,4166.60,7,4166.70,8,Buy,123,165,288,-42.00,2.00,-63.00,3.20,71.9,4168.00,4168.50,4165.30,4165.70,46,42,88,4.00,4.00,-13.00,0.80,62.5,42,156,0.0000,0.5000,-58.00,-66.00,4174.74,-0.8213,DOWN,202.65,0.4342,2.3812
20260619 110049 065,4165.70,1,4165.30,4165.70,0.40,4165.30,1,4165.20,4,4165.10,5,4165.00,10,4164.90,8,4164.80,8,4164.70,4,4164.60,9,4164.50,19,4164.40,16,4165.80,8,4165.90,6,4166.00,6,4166.10,6,4166.20,13,4166.30,10,4166.40,11,4166.50,11,4166.60,7,4166.70,8,Buy,124,165,289,-41.00,2.00,-63.00,3.20,71.9,4168.00,4168.50,4165.30,4165.70,46,42,88,4.00,4.00,-13.00,0.80,62.5,42,156,0.0000,0.5366,-57.00,-65.00,4174.74,-0.8213,DOWN,202.65,0.4342,2.3812
20260619 110049 065,4165.70,1,4165.30,4165.70,0.40,4165.30,1,4165.20,4,4165.10,5,4165.00,10,4164.90,8,4164.80,8,4164.70,4,4164.60,9,4164.50,19,4164.40,16,4165.80,8,4165.90,6,4166.00,6,4166.10,6,4166.20,13,4166.30,10,4166.40,11,4166.50,11,4166.60,7,4166.70,8,Buy,125,165,290,-40.00,2.00,-63.00,3.20,71.9,4168.00,4168.50,4165.30,4165.70,46,42,88,4.00,4.00,-13.00,0.80,62.5,42,156,0.0000,0.5750,-56.00,-64.00,4174.74,-0.8213,DOWN,202.65,0.4342,2.3812
20260619 110049 065,4165.70,1,4165.30,4165.70,0.40,4165.30,1,4165.20,4,4165.10,5,4165.00,10,4164.90,8,4164.80,8,4164.70,4,4164.60,9,4164.50,19,4164.40,16,4165.80,8,4165.90,6,4166.00,6,4166.10,6,4166.20,13,4166.30,10,4166.40,11,4166.50,11,4166.60,7,4166.70,8,Buy,126,165,291,-39.00,2.00,-63.00,3.20,71.9,4168.00,4168.50,4165.30,4165.70,46,42,88,4.00,4.00,-13.00,0.80,62.5,42,156,0.0000,0.6154,-55.00,-63.00,4174.74,-0.8213,DOWN,202.65,0.4342,2.3812
20260619 110049 065,4165.70,1,4165.30,4165.70,0.40,4165.30,1,4165.20,4,4165.10,5,4165.00,10,4164.90,8,4164.80,8,4164.70,4,4164.60,9,4164.50,19,4164.40,16,4165.80,8,4165.90,6,4166.00,6,4166.10,6,4166.20,13,4166.30,10,4166.40,11,4166.50,11,4166.60,7,4166.70,8,Buy,127,165,292,-38.00,2.00,-63.00,3.20,71.9,4168.00,4168.50,4165.30,4165.70,46,42,88,4.00,4.00,-13.00,0.80,62.5,42,156,0.0000,0.6579,-54.00,-62.00,4174.74,-0.8213,DOWN,202.65,0.4342,2.3812
20260619 110049 067,4165.60,1,4165.30,4165.70,0.40,4165.30,1,4165.20,4,4165.10,5,4165.00,10,4164.90,8,4164.80,8,4164.70,4,4164.60,9,4164.50,19,4164.40,16,4165.80,8,4165.90,6,4166.00,6,4166.10,6,4166.20,13,4166.30,10,4166.40,11,4166.50,11,4166.60,7,4166.70,8,Buy,128,165,293,-37.00,2.00,-63.00,3.20,75.0,4168.00,4168.50,4165.30,4165.60,46,42,88,4.00,4.00,-13.00,0.80,62.5,42,156,0.0000,0.7027,-53.00,-61.00,4174.73,-0.8244,DOWN,202.65,0.4342,2.3812
20260619 110049 067,4165.70,1,4165.30,4165.70,0.40,4165.30,1,4165.20,4,4165.10,5,4165.00,10,4164.90,8,4164.80,8,4164.70,4,4164.60,9,4164.50,19,4164.40,16,4165.80,8,4165.90,6,4166.00,6,4166.10,6,4166.20,13,4166.30,10,4166.40,11,4166.50,11,4166.60,7,4166.70,8,Buy,129,165,294,-36.00,2.00,-63.00,3.20,71.9,4168.00,4168.50,4165.30,4165.70,46,42,88,4.00,4.00,-13.00,0.80,62.5,42,156,0.0000,0.7500,-52.00,-60.00,4174.74,-0.8213,DOWN,202.65,0.4342,2.3812
20260619 110049 067,4165.70,2,4165.30,4165.70,0.40,4165.30,1,4165.20,4,4165.10,5,4165.00,10,4164.90,8,4164.80,8,4164.70,4,4164.60,9,4164.50,19,4164.40,16,4165.80,8,4165.90,6,4166.00,6,4166.10,6,4166.20,13,4166.30,10,4166.40,11,4166.50,11,4166.60,7,4166.70,8,Buy,131,165,296,-34.00,2.00,-63.00,3.20,71.9,4168.00,4168.50,4165.30,4165.70,46,42,88,4.00,4.00,-13.00,0.80,62.5,42,156,0.0000,0.8529,-50.00,-58.00,4174.74,-0.8213,DOWN,202.65,0.4342,2.3812
20260619 110049 068,4165.70,1,4165.30,4165.70,0.40,4165.30,1,4165.20,4,4165.10,5,4165.00,10,4164.90,8,4164.80,8,4164.70,4,4164.60,9,4164.50,19,4164.40,16,4165.80,8,4165.90,6,4166.00,6,4166.10,6,4166.20,13,4166.30,10,4166.40,11,4166.50,11,4166.60,7,4166.70,8,Buy,132,165,297,-33.00,2.00,-63.00,3.20,71.9,4168.00,4168.50,4165.30,4165.70,46,42,88,4.00,4.00,-13.00,0.80,62.5,42,156,0.0000,0.9091,-49.00,-57.00,4174.74,-0.8213,DOWN,202.65,0.4342,2.3812
20260619 110049 155,4165.70,1,4165.70,4165.80,0.10,4165.70,1,4165.60,5,4165.50,3,4165.40,6,4165.30,6,4165.20,4,4165.10,5,4165.00,10,4164.90,8,4164.80,8,4165.80,1,4165.90,2,4166.00,4,4166.10,6,4166.20,7,4166.30,5,4166.40,5,4166.50,11,4166.60,7,4166.70,8,Buy,133,165,298,-32.00,2.00,-63.00,3.20,71.9,4168.00,4168.50,4165.30,4165.70,46,42,88,4.00,4.00,-13.00,0.80,62.5,42,156,0.0000,0.9688,-48.00,-56.00,4174.74,-0.8213,DOWN,202.65,0.4342,2.3812
20260619 110049 352,4165.80,1,4165.70,4165.80,0.10,4165.80,1,4165.70,4,4165.60,5,4165.50,3,4165.40,6,4165.30,6,4165.20,4,4165.10,5,4165.00,10,4164.90,13,4166.00,2,4166.10,5,4166.20,7,4166.30,5,4166.40,5,4166.50,5,4166.60,7,4166.70,8,4166.80,9,4166.90,10,Buy,134,165,299,-31.00,2.00,-63.00,3.20,68.7,4168.00,4168.50,4165.30,4165.80,46,42,88,4.00,4.00,-13.00,0.80,62.5,42,156,0.0000,1.0323,-47.00,-55.00,4174.75,-0.8181,DOWN,202.65,0.4342,2.3812
20260619 110049 601,4165.80,1,4165.70,4166.00,0.30,4165.70,3,4165.60,5,4165.50,3,4165.40,6,4165.30,6,4165.20,4,4165.10,6,4165.00,10,4164.90,13,4164.80,13,4166.00,4,4166.10,5,4166.20,7,4166.30,6,4166.40,5,4166.50,5,4166.60,7,4166.70,8,4166.80,9,4166.90,10,Sell,134,166,300,-32.00,2.00,-63.00,3.20,68.7,4168.00,4168.50,4165.30,4165.80,46,42,88,4.00,4.00,-13.00,0.80,62.5,42,156,0.0000,0.9688,-48.00,-56.00,4174.75,-0.8181,DOWN,202.65,0.4342,2.3812
20260619 110049 601,4165.80,1,4165.70,4166.00,0.30,4165.70,3,4165.60,5,4165.50,3,4165.40,6,4165.30,6,4165.20,4,4165.10,6,4165.00,10,4164.90,13,4164.80,13,4166.00,4,4166.10,5,4166.20,7,4166.30,6,4166.40,5,4166.50,5,4166.60,7,4166.70,8,4166.80,9,4166.90,10,Sell,134,167,301,-33.00,2.00,-63.00,3.20,68.7,4168.00,4168.50,4165.30,4165.80,46,42,88,4.00,4.00,-13.00,0.80,62.5,42,156,0.0000,0.9091,-49.00,-57.00,4174.75,-0.8181,DOWN,202.65,0.4342,2.3812
20260619 110049 601,4165.70,1,4165.70,4166.00,0.30,4165.70,3,4165.60,5,4165.50,3,4165.40,6,4165.30,6,4165.20,4,4165.10,6,4165.00,10,4164.90,13,4164.80,13,4166.00,4,4166.10,5,4166.20,7,4166.30,6,4166.40,5,4166.50,5,4166.60,7,4166.70,8,4166.80,9,4166.90,10,Sell,134,168,302,-34.00,2.00,-63.00,3.20,71.9,4168.00,4168.50,4165.30,4165.70,46,42,88,4.00,4.00,-13.00,0.80,62.5,42,156,0.0000,0.8529,-50.00,-58.00,4174.74,-0.8213,DOWN,202.65,0.4342,2.3812
20260619 110049 601,4165.70,1,4165.70,4166.00,0.30,4165.70,3,4165.60,5,4165.50,3,4165.40,6,4165.30,6,4165.20,4,4165.10,6,4165.00,10,4164.90,13,4164.80,13,4166.00,4,4166.10,5,4166.20,7,4166.30,6,4166.40,5,4166.50,5,4166.60,7,4166.70,8,4166.80,9,4166.90,10,Sell,134,169,303,-35.00,2.00,-63.00,3.20,71.9,4168.00,4168.50,4165.30,4165.70,46,42,88,4.00,4.00,-13.00,0.80,62.5,42,156,0.0000,0.8000,-51.00,-59.00,4174.74,-0.8213,DOWN,202.65,0.4342,2.3812
20260619 110049 601,4165.70,1,4165.70,4166.00,0.30,4165.70,3,4165.60,5,4165.50,3,4165.40,6,4165.30,6,4165.20,4,4165.10,6,4165.00,10,4164.90,13,4164.80,13,4166.00,4,4166.10,5,4166.20,7,4166.30,6,4166.40,5,4166.50,5,4166.60,7,4166.70,8,4166.80,9,4166.90,10,Sell,134,170,304,-36.00,2.00,-63.00,3.20,71.9,4168.00,4168.50,4165.30,4165.70,46,42,88,4.00,4.00,-13.00,0.80,62.5,42,156,0.0000,0.7500,-52.00,-60.00,4174.74,-0.8213,DOWN,202.65,0.4342,2.3812
20260619 110050 306,4166.00,1,4165.70,4165.90,0.20,4165.70,2,4165.60,3,4165.50,3,4165.40,6,4165.30,6,4165.20,5,4165.10,6,4165.00,15,4164.90,13,4164.80,13,4165.90,2,4166.00,1,4166.10,3,4166.20,7,4166.30,5,4166.40,5,4166.50,5,4166.60,1,4166.70,8,4166.80,9,Buy,135,170,305,-35.00,2.00,-63.00,3.20,62.5,4168.00,4168.50,4165.30,4166.00,46,42,88,4.00,4.00,-13.00,0.80,62.5,42,156,0.0000,0.8000,-51.00,-59.00,4174.77,-0.8117,DOWN,202.65,0.4342,2.3812
20260619 110050 351,4165.80,1,4165.70,4165.90,0.20,4165.70,2,4165.60,3,4165.50,3,4165.40,6,4165.30,6,4165.20,5,4165.10,6,4165.00,15,4164.90,13,4164.80,13,4165.90,2,4166.00,1,4166.10,2,4166.20,7,4166.30,5,4166.40,5,4166.50,5,4166.60,1,4166.70,8,4166.80,9,Sell,135,171,306,-36.00,2.00,-63.00,3.20,68.7,4168.00,4168.50,4165.30,4165.80,46,42,88,4.00,4.00,-13.00,0.80,62.5,42,156,0.0000,0.7500,-52.00,-60.00,4174.75,-0.8181,DOWN,202.65,0.4342,2.3812
20260619 110050 351,4165.80,1,4165.70,4165.90,0.20,4165.70,2,4165.60,3,4165.50,3,4165.40,6,4165.30,6,4165.20,5,4165.10,6,4165.00,15,4164.90,13,4164.80,13,4165.90,2,4166.00,1,4166.10,2,4166.20,7,4166.30,5,4166.40,5,4166.50,5,4166.60,1,4166.70,8,4166.80,9,Sell,135,172,307,-37.00,2.00,-63.00,3.20,68.7,4168.00,4168.50,4165.30,4165.80,46,42,88,4.00,4.00,-13.00,0.80,62.5,42,156,0.0000,0.7027,-53.00,-61.00,4174.75,-0.8181,DOWN,202.65,0.4342,2.3812
20260619 110051 139,4165.90,1,4165.90,4166.10,0.20,4165.90,1,4165.80,3,4165.70,4,4165.60,3,4165.50,3,4165.40,6,4165.30,6,4165.20,6,4165.10,6,4165.00,15,4166.10,3,4166.20,7,4166.30,5,4166.40,5,4166.50,5,4166.60,1,4166.70,8,4166.80,9,4166.90,10,4167.00,12,Sell,135,173,308,-38.00,2.00,-63.00,3.20,65.6,4168.00,4168.50,4165.30,4165.90,46,42,88,4.00,4.00,-13.00,0.80,62.5,42,156,0.0000,0.6579,-54.00,-62.00,4174.76,-0.8149,DOWN,202.65,0.4342,2.3812
20260619 110051 642,4166.10,1,4166.10,4166.20,0.10,4166.00,1,4165.90,3,4165.80,3,4165.70,4,4165.60,3,4165.50,3,4165.40,6,4165.30,6,4165.20,6,4165.10,6,4166.20,7,4166.30,4,4166.40,5,4166.50,5,4166.60,1,4166.70,8,4166.80,9,4166.90,10,4167.00,12,4167.10,10,Buy,136,173,309,-37.00,2.00,-63.00,3.20,59.4,4168.00,4168.50,4165.30,4166.10,46,42,88,4.00,4.00,-13.00,0.80,62.5,42,156,0.0000,0.7027,-53.00,-61.00,4174.78,-0.8086,DOWN,202.65,0.4342,2.3812
20260619 110051 644,4166.20,5,4166.10,4166.20,0.10,4166.00,1,4165.90,3,4165.80,3,4165.70,4,4165.60,3,4165.50,3,4165.40,6,4165.30,6,4165.20,6,4165.10,6,4166.20,7,4166.30,4,4166.40,5,4166.50,5,4166.60,1,4166.70,8,4166.80,9,4166.90,10,4167.00,12,4167.10,10,Buy,141,173,314,-32.00,2.00,-63.00,3.20,56.3,4168.00,4168.50,4165.30,4166.20,46,42,88,4.00,4.00,-13.00,0.80,62.5,42,156,0.0000,0.9688,-48.00,-56.00,4174.79,-0.8054,DOWN,202.65,0.4342,2.3812
20260619 110051 644,4166.20,1,4166.10,4166.20,0.10,4166.00,1,4165.90,3,4165.80,3,4165.70,4,4165.60,3,4165.50,3,4165.40,6,4165.30,6,4165.20,6,4165.10,6,4166.20,7,4166.30,4,4166.40,5,4166.50,5,4166.60,1,4166.70,8,4166.80,9,4166.90,10,4167.00,12,4167.10,10,Buy,142,173,315,-31.00,2.00,-63.00,3.20,56.3,4168.00,4168.50,4165.30,4166.20,46,42,88,4.00,4.00,-13.00,0.80,62.5,42,156,0.0000,1.0323,-47.00,-55.00,4174.79,-0.8054,DOWN,202.65,0.4342,2.3812
20260619 110051 644,4166.20,1,4166.10,4166.20,0.10,4166.00,1,4165.90,3,4165.80,3,4165.70,4,4165.60,3,4165.50,3,4165.40,6,4165.30,6,4165.20,6,4165.10,6,4166.20,7,4166.30,4,4166.40,5,4166.50,5,4166.60,1,4166.70,8,4166.80,9,4166.90,10,4167.00,12,4167.10,10,Buy,143,173,316,-30.00,2.00,-63.00,3.20,56.3,4168.00,4168.50,4165.30,4166.20,46,42,88,4.00,4.00,-13.00,0.80,62.5,42,156,0.0000,1.1000,-46.00,-54.00,4174.79,-0.8054,DOWN,202.65,0.4342,2.3812
20260619 110051 647,4166.10,1,4166.10,4166.20,0.10,4166.00,1,4165.90,3,4165.80,3,4165.70,4,4165.60,3,4165.50,3,4165.40,6,4165.30,6,4165.20,6,4165.10,6,4166.20,7,4166.30,4,4166.40,5,4166.50,5,4166.60,1,4166.70,8,4166.80,9,4166.90,10,4167.00,12,4167.10,10,Sell,143,174,317,-31.00,2.00,-63.00,3.20,59.4,4168.00,4168.50,4165.30,4166.10,46,42,88,4.00,4.00,-13.00,0.80,62.5,42,156,0.0000,1.0323,-47.00,-55.00,4174.78,-0.8086,DOWN,202.65,0.4342,2.3812
20260619 110053 644,4166.20,1,4166.10,4166.30,0.20,4166.10,1,4166.00,3,4165.90,4,4165.80,4,4165.70,4,4165.60,3,4165.50,3,4165.40,7,4165.30,7,4165.20,11,4166.30,3,4166.40,4,4166.50,5,4166.60,2,4166.70,2,4166.80,3,4166.90,4,4167.00,12,4167.10,10,4167.20,11,Buy,144,174,318,-30.00,2.00,-63.00,3.20,56.3,4168.00,4168.50,4165.30,4166.20,46,42,88,4.00,4.00,-13.00,0.80,62.5,42,156,0.0000,1.1000,-46.00,-54.00,4174.79,-0.8054,DOWN,202.65,0.4342,2.3812
20260619 110054 127,4166.10,1,4166.10,4166.30,0.20,4166.10,1,4166.00,3,4165.90,4,4165.80,4,4165.70,4,4165.60,3,4165.50,3,4165.40,7,4165.30,8,4165.20,11,4166.30,3,4166.40,4,4166.50,5,4166.60,2,4166.70,2,4166.80,3,4166.90,4,4167.00,12,4167.10,10,4167.20,11,Sell,144,175,319,-31.00,2.00,-63.00,3.20,59.4,4168.00,4168.50,4165.30,4166.10,46,42,88,4.00,4.00,-13.00,0.80,62.5,42,156,0.0000,1.0323,-47.00,-55.00,4174.78,-0.8086,DOWN,202.65,0.4342,2.3812
20260619 110054 630,4166.10,1,4166.00,4166.30,0.30,4166.00,3,4165.90,4,4165.80,4,4165.70,4,4165.60,3,4165.50,3,4165.40,7,4165.30,8,4165.20,11,4165.10,11,4166.30,3,4166.40,4,4166.50,5,4166.60,2,4166.70,2,4166.80,3,4166.90,4,4167.00,12,4167.10,10,4167.20,11,Sell,144,176,320,-32.00,2.00,-63.00,3.20,59.4,4168.00,4168.50,4165.30,4166.10,46,42,88,4.00,4.00,-13.00,0.80,62.5,42,156,0.0000,0.9688,-48.00,-56.00,4174.78,-0.8086,DOWN,202.65,0.4342,2.3812
20260619 110054 979,4166.10,1,4166.00,4166.20,0.20,4166.00,3,4165.90,4,4165.80,4,4165.70,4,4165.60,3,4165.50,3,4165.40,7,4165.30,8,4165.20,11,4165.10,11,4166.20,1,4166.30,3,4166.40,4,4166.50,5,4166.60,2,4166.70,2,4166.80,3,4166.90,4,4167.00,12,4167.10,10,Buy,145,176,321,-31.00,2.00,-63.00,3.20,59.4,4168.00,4168.50,4165.30,4166.10,46,42,88,4.00,4.00,-13.00,0.80,62.5,42,156,0.0000,1.0323,-47.00,-55.00,4174.78,-0.8086,DOWN,202.65,0.4342,2.3812
20260619 110058 350,4166.20,1,4166.20,4166.50,0.30,4166.10,5,4166.00,2,4165.90,4,4165.80,4,4165.70,4,4165.60,4,4165.50,4,4165.40,7,4165.30,13,4165.20,11,4166.40,2,4166.50,3,4166.60,1,4166.70,2,4166.80,4,4166.90,4,4167.00,6,4167.10,11,4167.20,11,4167.30,12,Sell,145,177,322,-32.00,2.00,-63.00,3.20,56.3,4168.00,4168.50,4165.30,4166.20,46,42,88,4.00,4.00,-13.00,0.80,62.5,42,156,0.0000,0.9688,-48.00,-56.00,4174.79,-0.8054,DOWN,202.65,0.4342,2.3812
20260619 110058 350,4166.20,1,4166.20,4166.50,0.30,4166.10,5,4166.00,2,4165.90,4,4165.80,4,4165.70,4,4165.60,4,4165.50,4,4165.40,7,4165.30,13,4165.20,11,4166.40,2,4166.50,3,4166.60,1,4166.70,2,4166.80,4,4166.90,4,4167.00,6,4167.10,11,4167.20,11,4167.30,12,Sell,145,178,323,-33.00,2.00,-63.00,3.20,56.3,4168.00,4168.50,4165.30,4166.20,46,42,88,4.00,4.00,-13.00,0.80,62.5,42,156,0.0000,0.9091,-49.00,-57.00,4174.79,-0.8054,DOWN,202.65,0.4342,2.3812
20260619 110058 350,4166.20,1,4166.20,4166.50,0.30,4166.10,5,4166.00,2,4165.90,4,4165.80,4,4165.70,4,4165.60,4,4165.50,4,4165.40,7,4165.30,13,4165.20,11,4166.40,2,4166.50,3,4166.60,1,4166.70,2,4166.80,4,4166.90,4,4167.00,6,4167.10,11,4167.20,11,4167.30,12,Sell,145,179,324,-34.00,2.00,-63.00,3.20,56.3,4168.00,4168.50,4165.30,4166.20,46,42,88,4.00,4.00,-13.00,0.80,62.5,42,156,0.0000,0.8529,-50.00,-58.00,4174.79,-0.8054,DOWN,202.65,0.4342,2.3812
20260619 110058 851,4166.30,1,4166.30,4166.40,0.10,4166.10,5,4166.00,2,4165.90,4,4165.80,4,4165.70,4,4165.60,4,4165.50,4,4165.40,7,4165.30,12,4165.20,11,4166.40,2,4166.50,3,4166.60,2,4166.70,2,4166.80,4,4166.90,4,4167.00,5,4167.10,11,4167.20,11,4167.30,12,Sell,145,180,325,-35.00,2.00,-63.00,3.20,53.1,4168.00,4168.50,4165.30,4166.30,46,42,88,4.00,4.00,-13.00,0.80,62.5,42,156,0.0000,0.8000,-51.00,-59.00,4174.80,-0.8022,DOWN,202.65,0.4342,2.3812
20260619 110059 078,4166.20,1,4165.80,4166.00,0.20,4165.80,1,4165.70,3,4165.60,3,4165.50,4,4165.40,7,4165.30,7,4165.20,11,4165.10,11,4165.00,15,4164.90,8,4166.00,3,4166.10,2,4166.20,3,4166.30,4,4166.40,4,4166.50,3,4166.60,2,4166.70,3,4166.80,4,4166.90,4,Sell,145,181,326,-36.00,2.00,-63.00,3.20,56.3,4168.00,4168.50,4165.30,4166.20,46,42,88,4.00,4.00,-13.00,0.80,62.5,42,156,0.0000,0.7500,-52.00,-60.00,4174.79,-0.8054,DOWN,202.65,0.4342,2.3812
20260619 110059 111,4166.10,1,4165.80,4166.00,0.20,4165.80,2,4165.70,3,4165.60,3,4165.50,4,4165.40,7,4165.30,7,4165.20,11,4165.10,11,4165.00,15,4164.90,8,4166.00,2,4166.10,2,4166.20,3,4166.30,4,4166.40,4,4166.50,3,4166.60,2,4166.70,3,4166.80,4,4166.90,10,Sell,145,182,327,-37.00,2.00,-63.00,3.20,59.4,4168.00,4168.50,4165.30,4166.10,46,42,88,4.00,4.00,-13.00,0.80,62.5,42,156,0.0000,0.7027,-53.00,-61.00,4174.78,-0.8086,DOWN,202.65,0.4342,2.3812
20260619 110059 111,4166.10,1,4165.80,4166.00,0.20,4165.80,2,4165.70,3,4165.60,3,4165.50,4,4165.40,7,4165.30,7,4165.20,11,4165.10,11,4165.00,15,4164.90,8,4166.00,2,4166.10,2,4166.20,3,4166.30,4,4166.40,4,4166.50,3,4166.60,2,4166.70,3,4166.80,4,4166.90,10,Sell,145,183,328,-38.00,2.00,-63.00,3.20,59.4,4168.00,4168.50,4165.30,4166.10,46,42,88,4.00,4.00,-13.00,0.80,62.5,42,156,0.0000,0.6579,-54.00,-62.00,4174.78,-0.8086,DOWN,202.65,0.4342,2.3812
20260619 110059 233,4166.00,1,4166.00,4166.20,0.20,4166.00,3,4165.90,4,4165.80,5,4165.70,3,4165.60,3,4165.50,3,4165.40,7,4165.30,7,4165.20,11,4165.10,11,4166.20,1,4166.30,4,4166.40,5,4166.50,5,4166.60,2,4166.70,3,4166.80,4,4166.90,4,4167.00,11,4167.10,11,Buy,146,183,329,-37.00,2.00,-63.00,3.20,62.5,4168.00,4168.50,4165.30,4166.00,46,42,88,4.00,4.00,-13.00,0.80,62.5,42,156,0.0000,0.7027,-53.00,-61.00,4174.77,-0.8117,DOWN,202.65,0.4342,2.3812
20260619 110059 233,4166.00,1,4166.00,4166.20,0.20,4166.00,3,4165.90,4,4165.80,5,4165.70,3,4165.60,3,4165.50,3,4165.40,7,4165.30,7,4165.20,11,4165.10,11,4166.20,1,4166.30,4,4166.40,5,4166.50,5,4166.60,2,4166.70,3,4166.80,4,4166.90,4,4167.00,11,4167.10,11,Buy,147,183,330,-36.00,2.00,-63.00,3.20,62.5,4168.00,4168.50,4165.30,4166.00,46,42,88,4.00,4.00,-13.00,0.80,62.5,42,156,0.0000,0.7500,-52.00,-60.00,4174.77,-0.8117,DOWN,202.65,0.4342,2.3812
20260619 110059 417,4166.20,1,4166.00,4166.20,0.20,4166.20,3,4166.00,3,4165.90,4,4165.80,5,4165.70,3,4165.60,3,4165.50,3,4165.40,6,4165.30,7,4165.20,11,4166.30,2,4166.40,5,4166.50,4,4166.60,2,4166.70,3,4166.80,4,4166.90,4,4167.00,11,4167.10,11,4167.20,11,Buy,148,183,331,-35.00,2.00,-63.00,3.20,56.3,4168.00,4168.50,4165.30,4166.20,46,42,88,4.00,4.00,-13.00,0.80,62.5,42,156,0.0000,0.8000,-51.00,-59.00,4174.79,-0.8054,DOWN,202.65,0.4342,2.3812
20260619 110059 448,4166.20,3,4166.00,4166.10,0.10,4166.00,1,4165.90,3,4165.80,4,4165.70,3,4165.60,3,4165.50,3,4165.40,7,4165.30,7,4165.20,6,4165.10,11,4166.20,3,4166.30,4,4166.40,5,4166.50,5,4166.60,3,4166.70,3,4166.80,4,4166.90,4,4167.00,11,4167.10,11,Sell,148,186,334,-38.00,2.00,-63.00,3.20,56.3,4168.00,4168.50,4165.30,4166.20,46,42,88,4.00,4.00,-13.00,0.80,62.5,42,156,0.0000,0.6579,-54.00,-62.00,4174.79,-0.8054,DOWN,202.65,0.4342,2.3812
20260619 110059 482,4166.00,1,4166.00,4166.10,0.10,4166.00,1,4165.90,3,4165.80,4,4165.70,3,4165.60,3,4165.50,3,4165.40,7,4165.30,7,4165.20,6,4165.10,11,4166.20,3,4166.30,4,4166.40,5,4166.50,5,4166.60,3,4166.70,3,4166.80,4,4166.90,4,4167.00,11,4167.10,11,Sell,148,187,335,-39.00,2.00,-63.00,3.20,62.5,4168.00,4168.50,4165.30,4166.00,46,42,88,4.00,4.00,-13.00,0.80,62.5,42,156,0.0000,0.6154,-55.00,-63.00,4174.77,-0.8117,DOWN,202.65,0.4342,2.3812
20260619 110100 011,4165.90,1,4166.10,4166.30,0.20,4166.10,1,4166.00,4,4165.90,4,4165.80,5,4165.70,5,4165.60,2,4165.50,3,4165.40,6,4165.30,6,4165.20,5,4166.30,3,4166.40,5,4166.50,5,4166.60,3,4166.70,3,4166.80,4,4166.90,12,4167.00,11,4167.10,10,4167.20,11,Buy,1,0,1,1.00,1.00,1.00,0.00,0.0,4165.90,4165.90,4165.90,4165.90,148,187,335,-39.00,2.00,-63.00,3.20,62.5,-18,489,0.6154,0.0000,-101.00,-66.00,4174.76,-0.8149,DOWN,208.20,1.6090,2.2182
20260619 110100 011,4165.90,1,4166.10,4166.30,0.20,4166.10,1,4166.00,4,4165.90,4,4165.80,5,4165.70,5,4165.60,2,4165.50,3,4165.40,6,4165.30,6,4165.20,5,4166.30,3,4166.40,5,4166.50,5,4166.60,3,4166.70,3,4166.80,4,4166.90,12,4167.00,11,4167.10,10,4167.20,11,Buy,2,0,2,2.00,2.00,1.00,0.00,0.0,4165.90,4165.90,4165.90,4165.90,148,187,335,-39.00,2.00,-63.00,3.20,62.5,-18,489,0.6154,0.0000,-100.00,-65.00,4174.76,-0.8149,DOWN,208.20,1.6090,2.2182
20260619 110100 014,4166.00,1,4166.10,4166.30,0.20,4166.10,1,4166.00,4,4165.90,4,4165.80,5,4165.70,5,4165.60,2,4165.50,3,4165.40,6,4165.30,6,4165.20,5,4166.30,3,4166.40,5,4166.50,5,4166.60,3,4166.70,3,4166.80,4,4166.90,4,4167.00,11,4167.10,10,4167.20,11,Buy,3,0,3,3.00,3.00,1.00,0.10,100.0,4165.90,4166.00,4165.90,4166.00,148,187,335,-39.00,2.00,-63.00,3.20,62.5,-18,489,0.6154,0.0000,-99.00,-64.00,4174.77,-0.8117,DOWN,208.20,1.6090,2.2182
20260619 110100 151,4166.30,1,4166.10,4166.40,0.30,4166.10,4,4166.00,4,4165.90,4,4165.80,5,4165.70,5,4165.60,2,4165.50,3,4165.40,6,4165.30,6,4165.20,10,4166.40,4,4166.50,4,4166.60,3,4166.70,3,4166.80,4,4166.90,4,4167.00,5,4167.10,10,4167.20,11,4167.30,12,Buy,4,0,4,4.00,4.00,1.00,0.40,100.0,4165.90,4166.30,4165.90,4166.30,148,187,335,-39.00,2.00,-63.00,3.20,62.5,-18,489,0.6154,0.0000,-98.00,-63.00,4174.80,-0.8022,DOWN,208.20,1.6090,2.2397
20260619 110100 151,4166.30,1,4166.10,4166.40,0.30,4166.10,4,4166.00,4,4165.90,4,4165.80,5,4165.70,5,4165.60,2,4165.50,3,4165.40,6,4165.30,6,4165.20,10,4166.40,4,4166.50,4,4166.60,3,4166.70,3,4166.80,4,4166.90,4,4167.00,5,4167.10,10,4167.20,11,4167.30,12,Buy,5,0,5,5.00,5.00,1.00,0.40,100.0,4165.90,4166.30,4165.90,4166.30,148,187,335,-39.00,2.00,-63.00,3.20,62.5,-18,489,0.6154,0.0000,-97.00,-62.00,4174.80,-0.8022,DOWN,208.20,1.6090,2.2397
20260619 110100 151,4166.30,1,4166.10,4166.40,0.30,4166.10,4,4166.00,4,4165.90,4,4165.80,5,4165.70,5,4165.60,2,4165.50,3,4165.40,6,4165.30,6,4165.20,10,4166.40,4,4166.50,4,4166.60,3,4166.70,3,4166.80,4,4166.90,4,4167.00,5,4167.10,10,4167.20,11,4167.30,12,Buy,6,0,6,6.00,6.00,1.00,0.40,100.0,4165.90,4166.30,4165.90,4166.30,148,187,335,-39.00,2.00,-63.00,3.20,62.5,-18,489,0.6154,0.0000,-96.00,-61.00,4174.80,-0.8022,DOWN,208.20,1.6090,2.2397
20260619 110101 285,4166.10,1,4166.00,4166.20,0.20,4166.00,4,4165.90,4,4165.80,5,4165.70,5,4165.60,2,4165.50,4,4165.40,7,4165.30,7,4165.20,10,4165.10,11,4166.30,2,4166.40,4,4166.50,3,4166.60,3,4166.70,3,4166.80,4,4166.90,4,4167.00,5,4167.10,10,4167.20,11,Sell,6,1,7,5.00,6.00,1.00,0.40,50.0,4165.90,4166.30,4165.90,4166.10,148,187,335,-39.00,2.00,-63.00,3.20,62.5,-18,489,0.6154,0.2000,-97.00,-62.00,4174.78,-0.8086,DOWN,208.20,1.6090,2.2397
20260619 110101 288,4166.20,1,4166.10,4166.30,0.20,4166.10,1,4166.00,4,4165.90,4,4165.80,5,4165.70,5,4165.60,2,4165.50,4,4165.40,7,4165.30,7,4165.20,10,4166.30,3,4166.40,5,4166.50,3,4166.60,3,4166.70,3,4166.80,4,4166.90,4,4167.00,5,4167.10,10,4167.20,11,Buy,7,1,8,6.00,6.00,1.00,0.40,75.0,4165.90,4166.30,4165.90,4166.20,148,187,335,-39.00,2.00,-63.00,3.20,62.5,-18,489,0.6154,0.0000,-96.00,-61.00,4174.79,-0.8054,DOWN,208.20,1.6090,2.2397
20260619 110101 288,4166.20,1,4166.10,4166.30,0.20,4166.10,1,4166.00,4,4165.90,4,4165.80,5,4165.70,5,4165.60,2,4165.50,4,4165.40,7,4165.30,7,4165.20,10,4166.30,3,4166.40,5,4166.50,3,4166.60,3,4166.70,3,4166.80,4,4166.90,4,4167.00,5,4167.10,10,4167.20,11,Buy,8,1,9,7.00,7.00,1.00,0.40,75.0,4165.90,4166.30,4165.90,4166.20,148,187,335,-39.00,2.00,-63.00,3.20,62.5,-18,489,0.6154,0.0000,-95.00,-60.00,4174.79,-0.8054,DOWN,208.20,1.6090,2.2397
20260619 110101 288,4166.30,1,4166.10,4166.30,0.20,4166.10,1,4166.00,4,4165.90,4,4165.80,5,4165.70,5,4165.60,2,4165.50,4,4165.40,7,4165.30,7,4165.20,10,4166.30,3,4166.40,5,4166.50,3,4166.60,3,4166.70,3,4166.80,4,4166.90,4,4167.00,5,4167.10,10,4167.20,11,Buy,9,1,10,8.00,8.00,1.00,0.40,100.0,4165.90,4166.30,4165.90,4166.30,148,187,335,-39.00,2.00,-63.00,3.20,62.5,-18,489,0.6154,0.0000,-94.00,-59.00,4174.80,-0.8022,DOWN,208.20,1.6090,2.2397
20260619 110101 288,4166.30,1,4166.10,4166.30,0.20,4166.10,1,4166.00,4,4165.90,4,4165.80,5,4165.70,5,4165.60,2,4165.50,4,4165.40,7,4165.30,7,4165.20,10,4166.30,3,4166.40,5,4166.50,3,4166.60,3,4166.70,3,4166.80,4,4166.90,4,4167.00,5,4167.10,10,4167.20,11,Buy,10,1,11,9.00,9.00,1.00,0.40,100.0,4165.90,4166.30,4165.90,4166.30,148,187,335,-39.00,2.00,-63.00,3.20,62.5,-18,489,0.6154,0.0000,-93.00,-58.00,4174.80,-0.8022,DOWN,208.20,1.6090,2.2397
20260619 110101 288,4166.30,1,4166.10,4166.30,0.20,4166.10,1,4166.00,4,4165.90,4,4165.80,5,4165.70,5,4165.60,2,4165.50,4,4165.40,7,4165.30,7,4165.20,10,4166.30,3,4166.40,5,4166.50,3,4166.60,3,4166.70,3,4166.80,4,4166.90,4,4167.00,5,4167.10,10,4167.20,11,Buy,11,1,12,10.00,10.00,1.00,0.40,100.0,4165.90,4166.30,4165.90,4166.30,148,187,335,-39.00,2.00,-63.00,3.20,62.5,-18,489,0.6154,0.0000,-92.00,-57.00,4174.80,-0.8022,DOWN,208.20,1.6090,2.2397
20260619 110101 864,4166.10,1,4166.00,4166.30,0.30,4166.00,4,4165.90,4,4165.80,5,4165.70,5,4165.60,2,4165.50,4,4165.40,7,4165.30,7,4165.20,10,4165.10,11,4166.30,3,4166.40,5,4166.50,3,4166.60,3,4166.70,3,4166.80,4,4166.90,4,4167.00,5,4167.10,10,4167.20,11,Sell,11,2,13,9.00,10.00,1.00,0.40,50.0,4165.90,4166.30,4165.90,4166.10,148,187,335,-39.00,2.00,-63.00,3.20,62.5,-18,489,0.6154,0.1111,-93.00,-58.00,4174.78,-0.8086,DOWN,208.20,1.6090,2.2397
20260619 110103 528,4166.00,1,4166.00,4166.20,0.20,4166.00,1,4165.90,3,4165.80,6,4165.70,3,4165.60,2,4165.50,4,4165.40,6,4165.30,7,4165.20,10,4165.10,11,4166.20,1,4166.30,3,4166.40,5,4166.50,6,4166.60,3,4166.70,3,4166.80,12,4166.90,12,4167.00,13,4167.10,12,Sell,11,3,14,8.00,10.00,1.00,0.40,25.0,4165.90,4166.30,4165.90,4166.00,148,187,335,-39.00,2.00,-63.00,3.20,62.5,-18,489,0.6154,0.2500,-94.00,-59.00,4174.77,-0.8117,DOWN,208.20,1.6090,2.2397
20260619 110103 528,4166.00,1,4166.00,4166.20,0.20,4166.00,1,4165.90,3,4165.80,6,4165.70,3,4165.60,2,4165.50,4,4165.40,6,4165.30,7,4165.20,10,4165.10,11,4166.20,1,4166.30,3,4166.40,5,4166.50,6,4166.60,3,4166.70,3,4166.80,12,4166.90,12,4167.00,13,4167.10,12,Sell,11,4,15,7.00,10.00,1.00,0.40,25.0,4165.90,4166.30,4165.90,4166.00,148,187,335,-39.00,2.00,-63.00,3.20,62.5,-18,489,0.6154,0.4286,-95.00,-60.00,4174.77,-0.8117,DOWN,208.20,1.6090,2.2397
20260619 110104 393,4166.40,1,4166.20,4166.40,0.20,4166.20,2,4166.10,4,4166.00,2,4165.90,4,4165.80,7,4165.70,3,4165.60,2,4165.50,4,4165.40,6,4165.30,7,4166.40,2,4166.50,4,4166.60,3,4166.70,3,4166.80,4,4166.90,4,4167.00,5,4167.10,10,4167.20,11,4167.30,12,Buy,12,4,16,8.00,10.00,1.00,0.50,100.0,4165.90,4166.40,4165.90,4166.40,148,187,335,-39.00,2.00,-63.00,3.20,62.5,-18,489,0.6154,0.2500,-94.00,-59.00,4174.80,-0.7990,DOWN,208.20,1.6090,2.2468
20260619 110104 393,4166.40,1,4166.20,4166.40,0.20,4166.20,2,4166.10,4,4166.00,2,4165.90,4,4165.80,7,4165.70,3,4165.60,2,4165.50,4,4165.40,6,4165.30,7,4166.40,2,4166.50,4,4166.60,3,4166.70,3,4166.80,4,4166.90,4,4167.00,5,4167.10,10,4167.20,11,4167.30,12,Buy,13,4,17,9.00,10.00,1.00,0.50,100.0,4165.90,4166.40,4165.90,4166.40,148,187,335,-39.00,2.00,-63.00,3.20,62.5,-18,489,0.6154,0.1111,-93.00,-58.00,4174.80,-0.7990,DOWN,208.20,1.6090,2.2468
20260619 110104 408,4166.60,1,4166.60,4166.70,0.10,4166.60,1,4166.50,4,4166.40,5,4166.30,4,4166.20,4,4166.10,4,4166.00,2,4165.90,3,4165.80,7,4165.70,4,4166.80,2,4166.90,3,4167.00,5,4167.10,5,4167.20,5,4167.30,6,4167.40,11,4167.50,10,4167.60,15,4167.70,10,Buy,14,4,18,10.00,10.00,1.00,0.70,100.0,4165.90,4166.60,4165.90,4166.60,148,187,335,-39.00,2.00,-63.00,3.20,62.5,-18,489,0.6154,0.0000,-92.00,-57.00,4174.82,-0.7927,DOWN,208.20,1.6090,2.2611
20260619 110104 411,4166.70,1,4166.60,4166.70,0.10,4166.60,1,4166.50,4,4166.40,5,4166.30,4,4166.20,4,4166.10,4,4166.00,2,4165.90,3,4165.80,7,4165.70,4,4166.80,2,4166.90,3,4167.00,5,4167.10,5,4167.20,5,4167.30,6,4167.40,11,4167.50,10,4167.60,15,4167.70,10,Buy,15,4,19,11.00,11.00,1.00,0.80,100.0,4165.90,4166.70,4165.90,4166.70,148,187,335,-39.00,2.00,-63.00,3.20,62.5,-18,489,0.6154,0.0000,-91.00,-56.00,4174.83,-0.7895,DOWN,208.20,1.6090,2.2682
20260619 110104 544,4166.60,1,4166.60,4166.80,0.20,4166.60,2,4166.50,3,4166.40,5,4166.30,4,4166.20,4,4166.10,4,4166.00,2,4165.90,4,4165.80,8,4165.70,10,4166.80,4,4166.90,3,4167.00,4,4167.10,4,4167.20,5,4167.30,6,4167.40,5,4167.50,10,4167.60,15,4167.70,10,Sell,15,5,20,10.00,11.00,1.00,0.80,87.5,4165.90,4166.70,4165.90,4166.60,148,187,335,-39.00,2.00,-63.00,3.20,62.5,-18,489,0.6154,0.1000,-92.00,-57.00,4174.82,-0.7927,DOWN,208.20,1.6090,2.2682
20260619 110104 578,4166.60,1,4166.60,4166.80,0.20,4166.60,2,4166.50,3,4166.40,5,4166.30,4,4166.20,4,4166.10,4,4166.00,2,4165.90,4,4165.80,8,4165.70,10,4166.80,4,4166.90,3,4167.00,4,4167.10,4,4167.20,5,4167.30,6,4167.40,5,4167.50,10,4167.60,15,4167.70,10,Sell,15,6,21,9.00,11.00,1.00,0.80,87.5,4165.90,4166.70,4165.90,4166.60,148,187,335,-39.00,2.00,-63.00,3.20,62.5,-18,489,0.6154,0.2222,-93.00,-58.00,4174.82,-0.7927,DOWN,208.20,1.6090,2.2682
20260619 110104 578,4166.60,1,4166.60,4166.80,0.20,4166.60,2,4166.50,3,4166.40,5,4166.30,4,4166.20,4,4166.10,4,4166.00,2,4165.90,4,4165.80,8,4165.70,10,4166.80,4,4166.90,3,4167.00,4,4167.10,4,4167.20,5,4167.30,6,4167.40,5,4167.50,10,4167.60,15,4167.70,10,Buy,16,6,22,10.00,11.00,1.00,0.80,87.5,4165.90,4166.70,4165.90,4166.60,148,187,335,-39.00,2.00,-63.00,3.20,62.5,-18,489,0.6154,0.1000,-92.00,-57.00,4174.82,-0.7927,DOWN,208.20,1.6090,2.2682
20260619 110105 437,4166.60,1,4166.60,4166.80,0.20,4166.60,1,4166.50,3,4166.40,4,4166.30,4,4166.20,4,4166.10,4,4166.00,2,4165.90,4,4165.80,8,4165.70,10,4166.80,4,4166.90,3,4167.00,4,4167.10,4,4167.20,5,4167.30,6,4167.40,5,4167.50,10,4167.60,15,4167.70,10,Sell,16,7,23,9.00,11.00,1.00,0.80,87.5,4165.90,4166.70,4165.90,4166.60,148,187,335,-39.00,2.00,-63.00,3.20,62.5,-18,489,0.6154,0.2222,-93.00,-58.00,4174.82,-0.7927,DOWN,208.20,1.6090,2.2682
20260619 110106 383,4166.80,1,4166.70,4166.90,0.20,4166.70,2,4166.60,4,4166.50,3,4166.40,5,4166.30,4,4166.20,4,4166.10,4,4166.00,3,4165.90,4,4165.80,13,4166.90,1,4167.00,4,4167.10,3,4167.20,4,4167.30,6,4167.40,5,4167.50,4,4167.60,15,4167.70,10,4167.80,9,Buy,17,7,24,10.00,11.00,1.00,0.90,100.0,4165.90,4166.80,4165.90,4166.80,148,187,335,-39.00,2.00,-63.00,3.20,62.5,-18,489,0.6154,0.1000,-92.00,-57.00,4174.84,-0.7863,DOWN,208.20,1.6090,2.2754
20260619 110106 383,4166.90,1,4166.70,4166.90,0.20,4166.70,2,4166.60,4,4166.50,3,4166.40,5,4166.30,4,4166.20,4,4166.10,4,4166.00,3,4165.90,4,4165.80,13,4166.90,1,4167.00,4,4167.10,3,4167.20,4,4167.30,6,4167.40,5,4167.50,4,4167.60,15,4167.70,10,4167.80,9,Buy,18,7,25,11.00,11.00,1.00,1.00,100.0,4165.90,4166.90,4165.90,4166.90,148,187,335,-39.00,2.00,-63.00,3.20,62.5,-18,489,0.6154,0.0000,-91.00,-56.00,4174.85,-0.7832,DOWN,208.20,1.6090,2.2825
20260619 110106 385,4166.70,1,4166.70,4166.90,0.20,4166.70,2,4166.60,4,4166.50,3,4166.40,5,4166.30,4,4166.20,4,4166.10,4,4166.00,3,4165.90,4,4165.80,13,4166.90,1,4167.00,4,4167.10,3,4167.20,4,4167.30,6,4167.40,5,4167.50,4,4167.60,15,4167.70,10,4167.80,9,Buy,19,7,26,12.00,12.00,1.00,1.00,80.0,4165.90,4166.90,4165.90,4166.70,148,187,335,-39.00,2.00,-63.00,3.20,62.5,-18,489,0.6154,0.0000,-90.00,-55.00,4174.83,-0.7895,DOWN,208.20,1.6090,2.2825
20260619 110106 848,4166.70,1,4166.60,4166.90,0.30,4166.60,3,4166.50,3,4166.40,5,4166.30,4,4166.20,4,4166.10,4,4166.00,3,4165.90,4,4165.80,13,4165.70,9,4166.90,3,4167.00,3,4167.10,3,4167.20,4,4167.30,6,4167.40,5,4167.50,4,4167.60,15,4167.70,10,4167.80,9,Sell,19,8,27,11.00,12.00,1.00,1.00,80.0,4165.90,4166.90,4165.90,4166.70,148,187,335,-39.00,2.00,-63.00,3.20,62.5,-18,489,0.6154,0.0909,-91.00,-56.00,4174.83,-0.7895,DOWN,208.20,1.6090,2.2825
20260619 110106 945,4166.70,1,4166.60,4166.80,0.20,4166.60,2,4166.50,3,4166.40,5,4166.30,4,4166.20,4,4166.10,4,4166.00,3,4165.90,4,4165.80,13,4165.70,9,4166.80,1,4166.90,4,4167.00,3,4167.10,3,4167.20,4,4167.30,6,4167.40,5,4167.50,4,4167.60,15,4167.70,10,Sell,19,9,28,10.00,12.00,1.00,1.00,80.0,4165.90,4166.90,4165.90,4166.70,148,187,335,-39.00,2.00,-63.00,3.20,62.5,-18,489,0.6154,0.2000,-92.00,-57.00,4174.83,-0.7895,DOWN,208.20,1.6090,2.2825
20260619 110107 041,4166.60,1,4166.60,4166.80,0.20,4166.60,1,4166.50,3,4166.40,5,4166.30,4,4166.20,4,4166.10,4,4166.00,3,4165.90,4,4165.80,13,4165.70,9,4166.80,2,4166.90,4,4167.00,3,4167.10,3,4167.20,4,4167.30,6,4167.40,5,4167.50,4,4167.60,15,4167.70,10,Sell,19,10,29,9.00,12.00,1.00,1.00,70.0,4165.90,4166.90,4165.90,4166.60,148,187,335,-39.00,2.00,-63.00,3.20,62.5,-18,489,0.6154,0.3333,-93.00,-58.00,4174.82,-0.7927,DOWN,208.20,1.6090,2.2825
20260619 110107 041,4166.60,1,4166.60,4166.80,0.20,4166.60,1,4166.50,3,4166.40,5,4166.30,4,4166.20,4,4166.10,4,4166.00,3,4165.90,4,4165.80,13,4165.70,9,4166.80,2,4166.90,4,4167.00,3,4167.10,3,4167.20,4,4167.30,6,4167.40,5,4167.50,4,4167.60,15,4167.70,10,Sell,19,11,30,8.00,12.00,1.00,1.00,70.0,4165.90,4166.90,4165.90,4166.60,148,187,335,-39.00,2.00,-63.00,3.20,62.5,-18,489,0.6154,0.5000,-94.00,-59.00,4174.82,-0.7927,DOWN,208.20,1.6090,2.2825
20260619 110107 075,4166.60,1,4166.30,4166.60,0.30,4166.20,2,4166.10,3,4166.00,2,4165.90,3,4165.80,8,4165.70,4,4165.60,7,4165.50,9,4165.40,11,4165.30,12,4166.40,1,4166.50,3,4166.60,6,4166.70,4,4166.80,5,4166.90,6,4167.00,5,4167.10,6,4167.20,5,4167.30,12,Sell,19,12,31,7.00,12.00,1.00,1.00,70.0,4165.90,4166.90,4165.90,4166.60,148,187,335,-39.00,2.00,-63.00,3.20,62.5,-18,489,0.6154,0.7143,-95.00,-60.00,4174.82,-0.7927,DOWN,208.20,1.6090,2.2825
20260619 110107 078,4166.50,1,4166.30,4166.60,0.30,4166.20,2,4166.10,3,4166.00,2,4165.90,3,4165.80,8,4165.70,4,4165.60,7,4165.50,9,4165.40,11,4165.30,12,4166.40,1,4166.50,3,4166.60,6,4166.70,4,4166.80,5,4166.90,6,4167.00,5,4167.10,6,4167.20,5,4167.30,12,Sell,19,13,32,6.00,12.00,1.00,1.00,60.0,4165.90,4166.90,4165.90,4166.50,148,187,335,-39.00,2.00,-63.00,3.20,62.5,-18,489,0.6154,1.0000,-96.00,-61.00,4174.81,-0.7959,DOWN,208.20,1.6090,2.2825
20260619 110107 079,4166.60,1,4166.30,4166.60,0.30,4166.20,2,4166.10,3,4166.00,2,4165.90,3,4165.80,8,4165.70,4,4165.60,7,4165.50,9,4165.40,11,4165.30,12,4166.40,1,4166.50,3,4166.60,6,4166.70,4,4166.80,5,4166.90,6,4167.00,5,4167.10,6,4167.20,5,4167.30,12,Buy,20,13,33,7.00,12.00,1.00,1.00,70.0,4165.90,4166.90,4165.90,4166.60,148,187,335,-39.00,2.00,-63.00,3.20,62.5,-18,489,0.6154,0.7143,-95.00,-60.00,4174.82,-0.7927,DOWN,208.20,1.6090,2.2825
20260619 110107 659,4166.30,1,4166.30,4166.50,0.20,4166.20,2,4166.10,3,4166.00,2,4165.90,4,4165.80,7,4165.70,4,4165.60,7,4165.50,9,4165.40,11,4165.30,12,4166.40,2,4166.50,5,4166.60,5,4166.70,5,4166.80,5,4166.90,6,4167.00,5,4167.10,6,4167.20,5,4167.30,12,Sell,20,14,34,6.00,12.00,1.00,1.00,40.0,4165.90,4166.90,4165.90,4166.30,148,187,335,-39.00,2.00,-63.00,3.20,62.5,-18,489,0.6154,1.0000,-96.00,-61.00,4174.80,-0.8022,DOWN,208.20,1.6090,2.2825
20260619 110107 659,4166.20,1,4166.30,4166.50,0.20,4166.20,2,4166.10,3,4166.00,2,4165.90,4,4165.80,7,4165.70,4,4165.60,7,4165.50,9,4165.40,11,4165.30,12,4166.40,2,4166.50,5,4166.60,5,4166.70,5,4166.80,5,4166.90,6,4167.00,5,4167.10,6,4167.20,5,4167.30,12,Sell,20,15,35,5.00,12.00,1.00,1.00,30.0,4165.90,4166.90,4165.90,4166.20,148,187,335,-39.00,2.00,-63.00,3.20,62.5,-18,489,0.6154,1.4000,-97.00,-62.00,4174.79,-0.8054,DOWN,208.20,1.6090,2.2825
20260619 110111 635,4166.40,1,4166.40,4166.60,0.20,4166.40,2,4166.30,4,4166.20,4,4166.10,4,4166.00,4,4165.90,4,4165.80,6,4165.70,4,4165.60,2,4165.50,9,4166.60,3,4166.70,4,4166.80,4,4166.90,7,4167.00,5,4167.10,6,4167.20,6,4167.30,12,4167.40,11,4167.50,10,Buy,21,15,36,6.00,12.00,1.00,1.00,50.0,4165.90,4166.90,4165.90,4166.40,148,187,335,-39.00,2.00,-63.00,3.20,62.5,-18,489,0.6154,1.0000,-96.00,-61.00,4174.80,-0.7990,DOWN,208.20,1.6090,2.2825
20260619 110111 636,4166.50,1,4166.30,4166.60,0.30,4166.30,4,4166.20,4,4166.10,4,4166.00,4,4165.90,4,4165.80,6,4165.70,4,4165.60,2,4165.50,9,4165.40,11,4166.60,3,4166.70,4,4166.80,4,4166.90,7,4167.00,5,4167.10,6,4167.20,6,4167.30,12,4167.40,11,4167.50,10,Buy,22,15,37,7.00,12.00,1.00,1.00,60.0,4165.90,4166.90,4165.90,4166.50,148,187,335,-39.00,2.00,-63.00,3.20,62.5,-18,489,0.6154,0.7143,-95.00,-60.00,4174.81,-0.7959,DOWN,208.20,1.6090,2.2825
20260619 110111 636,4166.50,1,4166.30,4166.60,0.30,4166.30,4,4166.20,4,4166.10,4,4166.00,4,4165.90,4,4165.80,6,4165.70,4,4165.60,2,4165.50,9,4165.40,11,4166.60,3,4166.70,4,4166.80,4,4166.90,7,4167.00,5,4167.10,6,4167.20,6,4167.30,12,4167.40,11,4167.50,10,Buy,23,15,38,8.00,12.00,1.00,1.00,60.0,4165.90,4166.90,4165.90,4166.50,148,187,335,-39.00,2.00,-63.00,3.20,62.5,-18,489,0.6154,0.5000,-94.00,-59.00,4174.81,-0.7959,DOWN,208.20,1.6090,2.2825
20260619 110111 636,4166.50,1,4166.30,4166.60,0.30,4166.30,4,4166.20,4,4166.10,4,4166.00,4,4165.90,4,4165.80,6,4165.70,4,4165.60,2,4165.50,9,4165.40,11,4166.60,3,4166.70,4,4166.80,4,4166.90,7,4167.00,5,4167.10,6,4167.20,6,4167.30,12,4167.40,11,4167.50,10,Buy,24,15,39,9.00,12.00,1.00,1.00,60.0,4165.90,4166.90,4165.90,4166.50,148,187,335,-39.00,2.00,-63.00,3.20,62.5,-18,489,0.6154,0.3333,-93.00,-58.00,4174.81,-0.7959,DOWN,208.20,1.6090,2.2825
20260619 110111 741,4166.30,1,4166.20,4166.40,0.20,4166.30,4,4166.20,4,4166.10,4,4166.00,4,4165.90,4,4165.80,6,4165.70,4,4165.60,2,4165.50,9,4165.40,11,4166.60,3,4166.70,4,4166.80,4,4166.90,7,4167.00,5,4167.10,6,4167.20,6,4167.30,12,4167.40,11,4167.50,10,Sell,24,16,40,8.00,12.00,1.00,1.00,40.0,4165.90,4166.90,4165.90,4166.30,148,187,335,-39.00,2.00,-63.00,3.20,62.5,-18,489,0.6154,0.5000,-94.00,-59.00,4174.80,-0.8022,DOWN,208.20,1.6090,2.2825
20260619 110111 741,4166.30,1,4166.20,4166.40,0.20,4166.30,4,4166.20,4,4166.10,4,4166.00,4,4165.90,4,4165.80,6,4165.70,4,4165.60,2,4165.50,9,4165.40,11,4166.60,3,4166.70,4,4166.80,4,4166.90,7,4167.00,5,4167.10,6,4167.20,6,4167.30,12,4167.40,11,4167.50,10,Sell,24,17,41,7.00,12.00,1.00,1.00,40.0,4165.90,4166.90,4165.90,4166.30,148,187,335,-39.00,2.00,-63.00,3.20,62.5,-18,489,0.6154,0.7143,-95.00,-60.00,4174.80,-0.8022,DOWN,208.20,1.6090,2.2825
20260619 110111 741,4166.30,1,4166.10,4166.30,0.20,4166.10,1,4166.00,3,4165.90,4,4165.80,6,4165.70,4,4165.60,2,4165.50,4,4165.40,6,4165.30,7,4165.20,6,4166.30,2,4166.40,5,4166.50,4,4166.60,4,4166.70,4,4166.80,4,4166.90,7,4167.00,5,4167.10,12,4167.20,12,Sell,24,18,42,6.00,12.00,1.00,1.00,40.0,4165.90,4166.90,4165.90,4166.30,148,187,335,-39.00,2.00,-63.00,3.20,62.5,-18,489,0.6154,1.0000,-96.00,-61.00,4174.80,-0.8022,DOWN,208.20,1.6090,2.2825
20260619 110111 744,4166.20,1,4166.10,4166.30,0.20,4166.10,1,4166.00,3,4165.90,4,4165.80,6,4165.70,4,4165.60,2,4165.50,4,4165.40,6,4165.30,7,4165.20,6,4166.30,2,4166.40,5,4166.50,4,4166.60,4,4166.70,4,4166.80,4,4166.90,7,4167.00,5,4167.10,12,4167.20,12,Sell,24,19,43,5.00,12.00,1.00,1.00,30.0,4165.90,4166.90,4165.90,4166.20,148,187,335,-39.00,2.00,-63.00,3.20,62.5,-18,489,0.6154,1.4000,-97.00,-62.00,4174.79,-0.8054,DOWN,208.20,1.6090,2.2825
20260619 110111 744,4166.20,1,4166.10,4166.30,0.20,4166.10,1,4166.00,3,4165.90,4,4165.80,6,4165.70,4,4165.60,2,4165.50,4,4165.40,6,4165.30,7,4165.20,6,4166.30,2,4166.40,5,4166.50,4,4166.60,4,4166.70,4,4166.80,4,4166.90,7,4167.00,5,4167.10,12,4167.20,12,Sell,24,20,44,4.00,12.00,1.00,1.00,30.0,4165.90,4166.90,4165.90,4166.20,148,187,335,-39.00,2.00,-63.00,3.20,62.5,-18,489,0.6154,2.0000,-98.00,-63.00,4174.79,-0.8054,DOWN,208.20,1.6090,2.2825
20260619 110111 920,4166.30,1,4166.10,4166.30,0.20,4166.10,1,4166.00,3,4165.90,4,4165.80,6,4165.70,2,4165.60,2,4165.50,4,4165.40,6,4165.30,7,4165.20,11,4166.30,3,4166.40,5,4166.50,5,4166.60,5,4166.70,4,4166.80,4,4166.90,7,4167.00,5,4167.10,12,4167.20,12,Buy,25,20,45,5.00,12.00,1.00,1.00,40.0,4165.90,4166.90,4165.90,4166.30,148,187,335,-39.00,2.00,-63.00,3.20,62.5,-18,489,0.6154,1.4000,-97.00,-62.00,4174.80,-0.8022,DOWN,208.20,1.6090,2.2825
20260619 110111 922,4166.20,1,4166.10,4166.30,0.20,4166.10,1,4166.00,3,4165.90,4,4165.80,6,4165.70,2,4165.60,2,4165.50,4,4165.40,6,4165.30,7,4165.20,11,4166.30,3,4166.40,5,4166.50,5,4166.60,5,4166.70,4,4166.80,4,4166.90,7,4167.00,5,4167.10,12,4167.20,12,Sell,25,21,46,4.00,12.00,1.00,1.00,30.0,4165.90,4166.90,4165.90,4166.20,148,187,335,-39.00,2.00,-63.00,3.20,62.5,-18,489,0.6154,2.0000,-98.00,-63.00,4174.79,-0.8054,DOWN,208.20,1.6090,2.2825
20260619 110113 946,4166.10,1,4166.00,4166.20,0.20,4166.00,2,4165.90,3,4165.80,6,4165.70,2,4165.60,2,4165.50,4,4165.40,6,4165.30,7,4165.20,11,4165.10,12,4166.20,4,4166.30,5,4166.40,4,4166.50,4,4166.60,5,4166.70,4,4166.80,4,4166.90,7,4167.00,5,4167.10,12,Sell,25,22,47,3.00,12.00,1.00,1.00,20.0,4165.90,4166.90,4165.90,4166.10,148,187,335,-39.00,2.00,-63.00,3.20,62.5,-18,489,0.6154,3.0000,-99.00,-64.00,4174.78,-0.8086,DOWN,208.20,1.6090,2.2825
20260619 110114 145,4166.00,1,4165.90,4166.20,0.30,4165.90,5,4165.80,6,4165.70,2,4165.60,2,4165.50,4,4165.40,6,4165.30,7,4165.20,11,4165.10,11,4165.00,14,4166.20,3,4166.30,5,4166.40,4,4166.50,4,4166.60,5,4166.70,4,4166.80,4,4166.90,7,4167.00,5,4167.10,12,Sell,25,23,48,2.00,12.00,1.00,1.00,10.0,4165.90,4166.90,4165.90,4166.00,148,187,335,-39.00,2.00,-63.00,3.20,62.5,-18,489,0.6154,5.0000,-100.00,-65.00,4174.77,-0.8117,DOWN,208.20,1.6090,2.2825
20260619 110114 145,4166.00,1,4165.90,4166.20,0.30,4165.90,5,4165.80,6,4165.70,2,4165.60,2,4165.50,4,4165.40,6,4165.30,7,4165.20,11,4165.10,11,4165.00,14,4166.20,3,4166.30,5,4166.40,4,4166.50,4,4166.60,5,4166.70,4,4166.80,4,4166.90,7,4167.00,5,4167.10,12,Sell,25,24,49,1.00,12.00,1.00,1.00,10.0,4165.90,4166.90,4165.90,4166.00,148,187,335,-39.00,2.00,-63.00,3.20,62.5,-18,489,0.6154,11.0000,-101.00,-66.00,4174.77,-0.8117,DOWN,208.20,1.6090,2.2825
20260619 110117 863,4165.90,1,4165.30,4165.50,0.20,4165.30,3,4165.20,4,4165.10,6,4165.00,11,4164.90,3,4164.80,13,4164.70,9,4164.60,14,4164.50,24,4164.40,16,4165.50,2,4165.60,3,4165.70,4,4165.80,5,4165.90,4,4166.00,4,4166.10,6,4166.20,5,4166.30,8,4166.40,6,Sell,25,25,50,0.00,12.00,0.00,1.00,0.0,4165.90,4166.90,4165.90,4165.90,148,187,335,-39.00,2.00,-63.00,3.20,62.5,-18,489,0.6154,12.0000,-102.00,-67.00,4174.76,-0.8149,DOWN,208.20,1.6090,2.2825
20260619 110117 864,4165.80,1,4165.30,4165.50,0.20,4165.30,3,4165.20,4,4165.10,6,4165.00,11,4164.90,3,4164.80,13,4164.70,9,4164.60,14,4164.50,24,4164.40,16,4165.50,2,4165.60,3,4165.70,4,4165.80,5,4165.90,4,4166.00,4,4166.10,6,4166.20,5,4166.30,8,4166.40,6,Sell,25,26,51,-1.00,12.00,-1.00,1.10,9.1,4165.90,4166.90,4165.80,4165.80,148,187,335,-39.00,2.00,-63.00,3.20,62.5,-18,489,0.6154,0.0000,-103.00,-68.00,4174.75,-0.8181,DOWN,208.20,1.6090,2.2897
20260619 110117 915,4165.50,1,4165.40,4165.70,0.30,4165.40,3,4165.30,4,4165.20,4,4165.10,6,4165.00,11,4164.90,3,4164.80,8,4164.70,4,4164.60,14,4164.50,24,4165.70,5,4165.80,5,4165.90,4,4166.00,4,4166.10,6,4166.20,5,4166.30,8,4166.40,14,4166.50,12,4166.60,12,Buy,26,26,52,0.00,12.00,-1.00,1.40,28.6,4165.90,4166.90,4165.50,4165.50,148,187,335,-39.00,2.00,-63.00,3.20,62.5,-18,489,0.6154,12.0000,-102.00,-67.00,4174.72,-0.8276,DOWN,208.20,1.6090,2.3111
20260619 110118 530,4165.60,1,4165.30,4165.50,0.20,4165.30,3,4165.20,4,4165.10,6,4165.00,11,4164.90,3,4164.80,8,4164.70,4,4164.60,14,4164.50,24,4164.40,16,4165.50,2,4165.60,4,4165.70,5,4165.80,7,4165.90,5,4166.00,4,4166.10,6,4166.20,5,4166.30,8,4166.40,12,Sell,26,27,53,-1.00,12.00,-1.00,1.40,21.4,4165.90,4166.90,4165.50,4165.60,148,187,335,-39.00,2.00,-63.00,3.20,62.5,-18,489,0.6154,0.0000,-103.00,-68.00,4174.73,-0.8244,DOWN,208.20,1.6090,2.3111
20260619 110118 541,4165.40,1,4165.30,4165.50,0.20,4165.30,3,4165.20,4,4165.10,6,4165.00,11,4164.90,3,4164.80,8,4164.70,4,4164.60,14,4164.50,24,4164.40,16,4165.50,2,4165.60,4,4165.70,5,4165.80,7,4165.90,5,4166.00,4,4166.10,6,4166.20,5,4166.30,8,4166.40,12,Sell,26,28,54,-2.00,12.00,-2.00,1.50,33.3,4165.90,4166.90,4165.40,4165.40,148,187,335,-39.00,2.00,-63.00,3.20,62.5,-18,489,0.6154,0.0000,-104.00,-69.00,4174.71,-0.8308,DOWN,208.20,1.6090,2.3182
20260619 110118 541,4165.40,1,4165.30,4165.50,0.20,4165.30,3,4165.20,4,4165.10,6,4165.00,11,4164.90,3,4164.80,8,4164.70,4,4164.60,14,4164.50,24,4164.40,16,4165.50,2,4165.60,4,4165.70,5,4165.80,7,4165.90,5,4166.00,4,4166.10,6,4166.20,5,4166.30,8,4166.40,12,Sell,26,29,55,-3.00,12.00,-3.00,1.50,33.3,4165.90,4166.90,4165.40,4165.40,148,187,335,-39.00,2.00,-63.00,3.20,62.5,-18,489,0.6154,0.0000,-105.00,-70.00,4174.71,-0.8308,DOWN,208.20,1.6090,2.3182
20260619 110120 332,4165.40,1,4165.30,4165.60,0.30,4165.30,3,4165.20,4,4165.10,6,4165.00,11,4164.90,3,4164.80,8,4164.70,4,4164.60,9,4164.50,24,4164.40,16,4165.60,3,4165.70,4,4165.80,7,4165.90,5,4166.00,4,4166.10,6,4166.20,5,4166.30,8,4166.40,11,4166.50,10,Buy,27,29,56,-2.00,12.00,-3.00,1.50,33.3,4165.90,4166.90,4165.40,4165.40,148,187,335,-39.00,2.00,-63.00,3.20,62.5,-18,489,0.6154,0.5000,-104.00,-69.00,4174.71,-0.8308,DOWN,208.20,1.6090,2.3182
20260619 110120 454,4165.50,1,4165.40,4165.60,0.20,4165.40,2,4165.30,5,4165.20,4,4165.10,6,4165.00,11,4164.90,3,4164.80,8,4164.70,4,4164.60,9,4164.50,24,4165.60,1,4165.70,5,4165.80,6,4165.90,5,4166.00,4,4166.10,6,4166.20,5,4166.30,8,4166.40,11,4166.50,10,Buy,28,29,57,-1.00,12.00,-3.00,1.50,26.7,4165.90,4166.90,4165.40,4165.50,148,187,335,-39.00,2.00,-63.00,3.20,62.5,-18,489,0.6154,2.0000,-103.00,-68.00,4174.72,-0.8276,DOWN,208.20,1.6090,2.3182
20260619 110120 454,4165.50,1,4165.40,4165.60,0.20,4165.40,2,4165.30,5,4165.20,4,4165.10,6,4165.00,11,4164.90,3,4164.80,8,4164.70,4,4164.60,9,4164.50,24,4165.60,1,4165.70,5,4165.80,6,4165.90,5,4166.00,4,4166.10,6,4166.20,5,4166.30,8,4166.40,11,4166.50,10,Buy,29,29,58,0.00,12.00,-3.00,1.50,26.7,4165.90,4166.90,4165.40,4165.50,148,187,335,-39.00,2.00,-63.00,3.20,62.5,-18,489,0.6154,12.0000,-102.00,-67.00,4174.72,-0.8276,DOWN,208.20,1.6090,2.3182
20260619 110121 020,4165.50,1,4165.50,4165.70,0.20,4165.40,2,4165.30,5,4165.20,4,4165.10,6,4165.00,11,4164.90,3,4164.80,8,4164.70,4,4164.60,9,4164.50,24,4165.70,5,4165.80,6,4165.90,5,4166.00,4,4166.10,6,4166.20,5,4166.30,8,4166.40,11,4166.50,10,4166.60,10,Sell,29,30,59,-1.00,12.00,-3.00,1.50,26.7,4165.90,4166.90,4165.40,4165.50,148,187,335,-39.00,2.00,-63.00,3.20,62.5,-18,489,0.6154,2.0000,-103.00,-68.00,4174.72,-0.8276,DOWN,208.20,1.6090,2.3182
20260619 110121 281,4165.40,1,4165.20,4165.50,0.30,4165.20,3,4165.10,6,4165.00,11,4164.90,2,4164.80,8,4164.70,4,4164.60,9,4164.50,19,4164.40,11,4164.30,7,4165.50,3,4165.60,6,4165.70,5,4165.80,5,4165.90,6,4166.00,5,4166.10,12,4166.20,11,4166.30,13,4166.40,11,Sell,29,31,60,-2.00,12.00,-3.00,1.50,33.3,4165.90,4166.90,4165.40,4165.40,148,187,335,-39.00,2.00,-63.00,3.20,62.5,-18,489,0.6154,0.5000,-104.00,-69.00,4174.71,-0.8308,DOWN,208.20,1.6090,2.3182
20260619 110121 282,4165.30,1,4165.20,4165.50,0.30,4165.20,3,4165.10,6,4165.00,11,4164.90,2,4164.80,8,4164.70,4,4164.60,9,4164.50,19,4164.40,11,4164.30,7,4165.50,3,4165.60,6,4165.70,5,4165.80,5,4165.90,6,4166.00,5,4166.10,12,4166.20,11,4166.30,13,4166.40,11,Sell,29,32,61,-3.00,12.00,-3.00,1.60,37.5,4165.90,4166.90,4165.30,4165.30,148,187,335,-39.00,2.00,-63.00,3.20,62.5,-18,489,0.6154,0.0000,-105.00,-70.00,4174.70,-0.8340,DOWN,208.20,1.6090,2.3254
20260619 110121 282,4165.30,1,4165.20,4165.50,0.30,4165.20,3,4165.10,6,4165.00,11,4164.90,2,4164.80,8,4164.70,4,4164.60,9,4164.50,19,4164.40,11,4164.30,7,4165.50,3,4165.60,6,4165.70,5,4165.80,5,4165.90,6,4166.00,5,4166.10,12,4166.20,11,4166.30,13,4166.40,11,Sell,29,33,62,-4.00,12.00,-4.00,1.60,37.5,4165.90,4166.90,4165.30,4165.30,148,187,335,-39.00,2.00,-63.00,3.20,62.5,-18,489,0.6154,0.0000,-106.00,-71.00,4174.70,-0.8340,DOWN,208.20,1.6090,2.3254
20260619 110121 282,4165.30,1,4165.20,4165.50,0.30,4165.20,3,4165.10,6,4165.00,11,4164.90,2,4164.80,8,4164.70,4,4164.60,9,4164.50,19,4164.40,11,4164.30,7,4165.50,3,4165.60,6,4165.70,5,4165.80,5,4165.90,6,4166.00,5,4166.10,12,4166.20,11,4166.30,13,4166.40,11,Sell,29,34,63,-5.00,12.00,-5.00,1.60,37.5,4165.90,4166.90,4165.30,4165.30,148,187,335,-39.00,2.00,-63.00,3.20,62.5,-18,489,0.6154,0.0000,-107.00,-72.00,4174.70,-0.8340,DOWN,208.20,1.6090,2.3254
20260619 110121 282,4165.30,1,4165.20,4165.50,0.30,4165.20,3,4165.10,6,4165.00,11,4164.90,2,4164.80,8,4164.70,4,4164.60,9,4164.50,19,4164.40,11,4164.30,7,4165.50,3,4165.60,6,4165.70,5,4165.80,5,4165.90,6,4166.00,5,4166.10,12,4166.20,11,4166.30,13,4166.40,11,Sell,29,35,64,-6.00,12.00,-6.00,1.60,37.5,4165.90,4166.90,4165.30,4165.30,148,187,335,-39.00,2.00,-63.00,3.20,62.5,-18,489,0.6154,0.0000,-108.00,-73.00,4174.70,-0.8340,DOWN,208.20,1.6090,2.3254
20260619 110121 283,4165.20,1,4165.20,4165.50,0.30,4165.20,3,4165.10,6,4165.00,11,4164.90,2,4164.80,8,4164.70,4,4164.60,9,4164.50,19,4164.40,11,4164.30,7,4165.50,3,4165.60,6,4165.70,5,4165.80,5,4165.90,6,4166.00,5,4166.10,12,4166.20,11,4166.30,13,4166.40,11,Sell,29,36,65,-7.00,12.00,-7.00,1.70,41.2,4165.90,4166.90,4165.20,4165.20,148,187,335,-39.00,2.00,-63.00,3.20,62.5,-18,489,0.6154,0.0000,-109.00,-74.00,4174.69,-0.8371,DOWN,208.20,1.6090,2.3325
20260619 110121 283,4165.20,1,4165.20,4165.50,0.30,4165.20,3,4165.10,6,4165.00,11,4164.90,2,4164.80,8,4164.70,4,4164.60,9,4164.50,19,4164.40,11,4164.30,7,4165.50,3,4165.60,6,4165.70,5,4165.80,5,4165.90,6,4166.00,5,4166.10,12,4166.20,11,4166.30,13,4166.40,11,Sell,29,37,66,-8.00,12.00,-8.00,1.70,41.2,4165.90,4166.90,4165.20,4165.20,148,187,335,-39.00,2.00,-63.00,3.20,62.5,-18,489,0.6154,0.0000,-110.00,-75.00,4174.69,-0.8371,DOWN,208.20,1.6090,2.3325
20260619 110121 283,4165.20,1,4165.20,4165.50,0.30,4165.20,3,4165.10,6,4165.00,11,4164.90,2,4164.80,8,4164.70,4,4164.60,9,4164.50,19,4164.40,11,4164.30,7,4165.50,3,4165.60,6,4165.70,5,4165.80,5,4165.90,6,4166.00,5,4166.10,12,4166.20,11,4166.30,13,4166.40,11,Sell,29,38,67,-9.00,12.00,-9.00,1.70,41.2,4165.90,4166.90,4165.20,4165.20,148,187,335,-39.00,2.00,-63.00,3.20,62.5,-18,489,0.6154,0.0000,-111.00,-76.00,4174.69,-0.8371,DOWN,208.20,1.6090,2.3325
20260619 110121 283,4165.10,1,4165.20,4165.50,0.30,4165.20,3,4165.10,6,4165.00,11,4164.90,2,4164.80,8,4164.70,4,4164.60,9,4164.50,19,4164.40,11,4164.30,7,4165.50,3,4165.60,6,4165.70,5,4165.80,5,4165.90,6,4166.00,5,4166.10,12,4166.20,11,4166.30,13,4166.40,11,Sell,29,39,68,-10.00,12.00,-10.00,1.80,44.4,4165.90,4166.90,4165.10,4165.10,148,187,335,-39.00,2.00,-63.00,3.20,62.5,-18,489,0.6154,0.0000,-112.00,-77.00,4174.68,-0.8403,DOWN,208.20,1.6090,2.3397
20260619 110121 283,4165.10,1,4165.20,4165.50,0.30,4165.20,3,4165.10,6,4165.00,11,4164.90,2,4164.80,8,4164.70,4,4164.60,9,4164.50,19,4164.40,11,4164.30,7,4165.50,3,4165.60,6,4165.70,5,4165.80,5,4165.90,6,4166.00,5,4166.10,12,4166.20,11,4166.30,13,4166.40,11,Sell,29,40,69,-11.00,12.00,-11.00,1.80,44.4,4165.90,4166.90,4165.10,4165.10,148,187,335,-39.00,2.00,-63.00,3.20,62.5,-18,489,0.6154,0.0000,-113.00,-78.00,4174.68,-0.8403,DOWN,208.20,1.6090,2.3397
20260619 110121 283,4165.10,1,4165.20,4165.50,0.30,4165.20,3,4165.10,6,4165.00,11,4164.90,2,4164.80,8,4164.70,4,4164.60,9,4164.50,19,4164.40,11,4164.30,7,4165.50,3,4165.60,6,4165.70,5,4165.80,5,4165.90,6,4166.00,5,4166.10,12,4166.20,11,4166.30,13,4166.40,11,Sell,29,41,70,-12.00,12.00,-12.00,1.80,44.4,4165.90,4166.90,4165.10,4165.10,148,187,335,-39.00,2.00,-63.00,3.20,62.5,-18,489,0.6154,0.0000,-114.00,-79.00,4174.68,-0.8403,DOWN,208.20,1.6090,2.3397
20260619 110121 283,4165.10,1,4165.20,4165.50,0.30,4165.20,3,4165.10,6,4165.00,11,4164.90,2,4164.80,8,4164.70,4,4164.60,9,4164.50,19,4164.40,11,4164.30,7,4165.50,3,4165.60,6,4165.70,5,4165.80,5,4165.90,6,4166.00,5,4166.10,12,4166.20,11,4166.30,13,4166.40,11,Sell,29,42,71,-13.00,12.00,-13.00,1.80,44.4,4165.90,4166.90,4165.10,4165.10,148,187,335,-39.00,2.00,-63.00,3.20,62.5,-18,489,0.6154,0.0000,-115.00,-80.00,4174.68,-0.8403,DOWN,208.20,1.6090,2.3397
20260619 110121 284,4165.10,1,4165.20,4165.50,0.30,4165.20,3,4165.10,6,4165.00,11,4164.90,2,4164.80,8,4164.70,4,4164.60,9,4164.50,19,4164.40,11,4164.30,7,4165.50,3,4165.60,6,4165.70,5,4165.80,5,4165.90,6,4166.00,5,4166.10,12,4166.20,11,4166.30,13,4166.40,11,Sell,29,43,72,-14.00,12.00,-14.00,1.80,44.4,4165.90,4166.90,4165.10,4165.10,148,187,335,-39.00,2.00,-63.00,3.20,62.5,-18,489,0.6154,0.0000,-116.00,-81.00,4174.68,-0.8403,DOWN,208.20,1.6090,2.3397
20260619 110121 308,4165.20,1,4165.20,4165.50,0.30,4165.20,3,4165.10,6,4165.00,11,4164.90,2,4164.80,8,4164.70,4,4164.60,9,4164.50,19,4164.40,11,4164.30,7,4165.50,3,4165.60,6,4165.70,5,4165.80,5,4165.90,6,4166.00,5,4166.10,12,4166.20,11,4166.30,13,4166.40,11,Sell,29,44,73,-15.00,12.00,-15.00,1.80,38.9,4165.90,4166.90,4165.10,4165.20,148,187,335,-39.00,2.00,-63.00,3.20,62.5,-18,489,0.6154,0.0000,-117.00,-82.00,4174.69,-0.8371,DOWN,208.20,1.6090,2.3397
20260619 110121 389,4165.20,1,4165.20,4165.50,0.30,4165.20,2,4165.10,6,4165.00,11,4164.90,2,4164.80,8,4164.70,4,4164.60,9,4164.50,19,4164.40,11,4164.30,7,4165.50,3,4165.60,6,4165.70,5,4165.80,5,4165.90,6,4166.00,5,4166.10,12,4166.20,11,4166.30,13,4166.40,11,Sell,29,45,74,-16.00,12.00,-16.00,1.80,38.9,4165.90,4166.90,4165.10,4165.20,148,187,335,-39.00,2.00,-63.00,3.20,62.5,-18,489,0.6154,0.0000,-118.00,-83.00,4174.69,-0.8371,DOWN,208.20,1.6090,2.3397
20260619 110121 607,4165.20,1,4165.20,4165.50,0.30,4165.20,3,4165.10,6,4165.00,11,4164.90,2,4164.80,8,4164.70,4,4164.60,9,4164.50,19,4164.40,11,4164.30,12,4165.50,3,4165.60,6,4165.70,5,4165.80,6,4165.90,6,4166.00,5,4166.10,12,4166.20,11,4166.30,13,4166.40,11,Sell,29,46,75,-17.00,12.00,-17.00,1.80,38.9,4165.90,4166.90,4165.10,4165.20,148,187,335,-39.00,2.00,-63.00,3.20,62.5,-18,489,0.6154,0.0000,-119.00,-84.00,4174.69,-0.8371,DOWN,208.20,1.6090,2.3397
20260619 110121 607,4165.20,1,4165.20,4165.50,0.30,4165.20,3,4165.10,6,4165.00,11,4164.90,2,4164.80,8,4164.70,4,4164.60,9,4164.50,19,4164.40,11,4164.30,12,4165.50,3,4165.60,6,4165.70,5,4165.80,6,4165.90,6,4166.00,5,4166.10,12,4166.20,11,4166.30,13,4166.40,11,Sell,29,47,76,-18.00,12.00,-18.00,1.80,38.9,4165.90,4166.90,4165.10,4165.20,148,187,335,-39.00,2.00,-63.00,3.20,62.5,-18,489,0.6154,0.0000,-120.00,-85.00,4174.69,-0.8371,DOWN,208.20,1.6090,2.3397
20260619 110121 723,4165.20,2,4165.10,4165.30,0.20,4165.10,1,4165.00,11,4164.90,2,4164.80,8,4164.70,4,4164.60,9,4164.50,14,4164.40,16,4164.30,12,4164.20,9,4165.30,2,4165.40,5,4165.50,2,4165.60,5,4165.70,6,4165.80,7,4165.90,6,4166.00,5,4166.10,12,4166.20,11,Sell,29,49,78,-20.00,12.00,-20.00,1.80,38.9,4165.90,4166.90,4165.10,4165.20,148,187,335,-39.00,2.00,-63.00,3.20,62.5,-18,489,0.6154,0.0000,-122.00,-87.00,4174.69,-0.8371,DOWN,208.20,1.6090,2.3397
20260619 110122 231,4165.20,1,4165.00,4165.20,0.20,4165.00,8,4164.90,1,4164.80,8,4164.70,4,4164.60,9,4164.50,14,4164.40,16,4164.30,12,4164.20,9,4164.10,11,4165.20,2,4165.30,3,4165.40,5,4165.50,4,4165.60,6,4165.70,6,4165.80,7,4165.90,6,4166.00,5,4166.10,12,Buy,30,49,79,-19.00,12.00,-20.00,1.80,38.9,4165.90,4166.90,4165.10,4165.20,148,187,335,-39.00,2.00,-63.00,3.20,62.5,-18,489,0.6154,0.0526,-121.00,-86.00,4174.69,-0.8371,DOWN,208.20,1.6090,2.3397
20260619 110122 654,4165.00,2,4164.90,4165.10,0.20,4164.90,9,4164.80,3,4164.70,4,4164.60,9,4164.50,14,4164.40,16,4164.30,12,4164.20,9,4164.10,11,4164.00,19,4165.10,1,4165.20,2,4165.30,3,4165.40,5,4165.50,3,4165.60,5,4165.70,5,4165.80,7,4165.90,6,4166.00,9,Sell,30,51,81,-21.00,12.00,-21.00,1.90,47.4,4165.90,4166.90,4165.00,4165.00,148,187,335,-39.00,2.00,-63.00,3.20,62.5,-18,489,0.6154,0.0000,-123.00,-88.00,4174.67,-0.8435,DOWN,208.20,1.6090,2.3468
20260619 110122 654,4165.00,1,4164.90,4165.10,0.20,4164.90,9,4164.80,3,4164.70,4,4164.60,9,4164.50,14,4164.40,16,4164.30,12,4164.20,9,4164.10,11,4164.00,19,4165.10,1,4165.20,2,4165.30,3,4165.40,5,4165.50,3,4165.60,5,4165.70,5,4165.80,7,4165.90,6,4166.00,9,Sell,30,52,82,-22.00,12.00,-22.00,1.90,47.4,4165.90,4166.90,4165.00,4165.00,148,187,335,-39.00,2.00,-63.00,3.20,62.5,-18,489,0.6154,0.0000,-124.00,-89.00,4174.67,-0.8435,DOWN,208.20,1.6090,2.3468
20260619 110122 654,4165.00,1,4164.90,4165.10,0.20,4164.90,9,4164.80,3,4164.70,4,4164.60,9,4164.50,14,4164.40,16,4164.30,12,4164.20,9,4164.10,11,4164.00,19,4165.10,1,4165.20,2,4165.30,3,4165.40,5,4165.50,3,4165.60,5,4165.70,5,4165.80,7,4165.90,6,4166.00,9,Sell,30,53,83,-23.00,12.00,-23.00,1.90,47.4,4165.90,4166.90,4165.00,4165.00,148,187,335,-39.00,2.00,-63.00,3.20,62.5,-18,489,0.6154,0.0000,-125.00,-90.00,4174.67,-0.8435,DOWN,208.20,1.6090,2.3468
20260619 110122 654,4165.00,1,4164.90,4165.10,0.20,4164.90,9,4164.80,3,4164.70,4,4164.60,9,4164.50,14,4164.40,16,4164.30,12,4164.20,9,4164.10,11,4164.00,19,4165.10,1,4165.20,2,4165.30,3,4165.40,5,4165.50,3,4165.60,5,4165.70,5,4165.80,7,4165.90,6,4166.00,9,Sell,30,54,84,-24.00,12.00,-24.00,1.90,47.4,4165.90,4166.90,4165.00,4165.00,148,187,335,-39.00,2.00,-63.00,3.20,62.5,-18,489,0.6154,0.0000,-126.00,-91.00,4174.67,-0.8435,DOWN,208.20,1.6090,2.3468
20260619 110122 654,4165.00,1,4164.90,4165.10,0.20,4164.90,9,4164.80,3,4164.70,4,4164.60,9,4164.50,14,4164.40,16,4164.30,12,4164.20,9,4164.10,11,4164.00,19,4165.10,1,4165.20,2,4165.30,3,4165.40,5,4165.50,3,4165.60,5,4165.70,5,4165.80,7,4165.90,6,4166.00,9,Sell,30,55,85,-25.00,12.00,-25.00,1.90,47.4,4165.90,4166.90,4165.00,4165.00,148,187,335,-39.00,2.00,-63.00,3.20,62.5,-18,489,0.6154,0.0000,-127.00,-92.00,4174.67,-0.8435,DOWN,208.20,1.6090,2.3468
20260619 110122 654,4165.00,2,4164.90,4165.10,0.20,4164.90,9,4164.80,3,4164.70,4,4164.60,9,4164.50,14,4164.40,16,4164.30,12,4164.20,9,4164.10,11,4164.00,19,4165.10,1,4165.20,2,4165.30,3,4165.40,5,4165.50,3,4165.60,5,4165.70,5,4165.80,7,4165.90,6,4166.00,9,Sell,30,57,87,-27.00,12.00,-27.00,1.90,47.4,4165.90,4166.90,4165.00,4165.00,148,187,335,-39.00,2.00,-63.00,3.20,62.5,-18,489,0.6154,0.0000,-129.00,-94.00,4174.67,-0.8435,DOWN,208.20,1.6090,2.3468
20260619 110122 654,4164.90,1,4164.90,4165.10,0.20,4164.90,9,4164.80,3,4164.70,4,4164.60,9,4164.50,14,4164.40,16,4164.30,12,4164.20,9,4164.10,11,4164.00,19,4165.10,1,4165.20,2,4165.30,3,4165.40,5,4165.50,3,4165.60,5,4165.70,5,4165.80,7,4165.90,6,4166.00,9,Sell,30,58,88,-28.00,12.00,-28.00,2.00,50.0,4165.90,4166.90,4164.90,4164.90,148,187,335,-39.00,2.00,-63.00,3.20,62.5,-18,489,0.6154,0.0000,-130.00,-95.00,4174.66,-0.8467,DOWN,208.20,1.6090,2.3539
20260619 110122 654,4164.80,2,4164.90,4165.10,0.20,4164.90,9,4164.80,3,4164.70,4,4164.60,9,4164.50,14,4164.40,16,4164.30,12,4164.20,9,4164.10,11,4164.00,19,4165.10,1,4165.20,2,4165.30,3,4165.40,5,4165.50,3,4165.60,5,4165.70,5,4165.80,7,4165.90,6,4166.00,9,Sell,30,60,90,-30.00,12.00,-30.00,2.10,52.4,4165.90,4166.90,4164.80,4164.80,148,187,335,-39.00,2.00,-63.00,3.20,62.5,-18,489,0.6154,0.0000,-132.00,-97.00,4174.65,-0.8498,DOWN,208.20,1.6090,2.3611
20260619 110122 654,4164.80,1,4164.90,4165.10,0.20,4164.90,9,4164.80,3,4164.70,4,4164.60,9,4164.50,14,4164.40,16,4164.30,12,4164.20,9,4164.10,11,4164.00,19,4165.10,1,4165.20,2,4165.30,3,4165.40,5,4165.50,3,4165.60,5,4165.70,5,4165.80,7,4165.90,6,4166.00,9,Sell,30,61,91,-31.00,12.00,-31.00,2.10,52.4,4165.90,4166.90,4164.80,4164.80,148,187,335,-39.00,2.00,-63.00,3.20,62.5,-18,489,0.6154,0.0000,-133.00,-98.00,4174.65,-0.8498,DOWN,208.20,1.6090,2.3611
20260619 110122 654,4164.80,1,4164.90,4165.10,0.20,4164.90,9,4164.80,3,4164.70,4,4164.60,9,4164.50,14,4164.40,16,4164.30,12,4164.20,9,4164.10,11,4164.00,19,4165.10,1,4165.20,2,4165.30,3,4165.40,5,4165.50,3,4165.60,5,4165.70,5,4165.80,7,4165.90,6,4166.00,9,Sell,30,62,92,-32.00,12.00,-32.00,2.10,52.4,4165.90,4166.90,4164.80,4164.80,148,187,335,-39.00,2.00,-63.00,3.20,62.5,-18,489,0.6154,0.0000,-134.00,-99.00,4174.65,-0.8498,DOWN,208.20,1.6090,2.3611
20260619 110122 654,4164.80,1,4164.90,4165.10,0.20,4164.90,9,4164.80,3,4164.70,4,4164.60,9,4164.50,14,4164.40,16,4164.30,12,4164.20,9,4164.10,11,4164.00,19,4165.10,1,4165.20,2,4165.30,3,4165.40,5,4165.50,3,4165.60,5,4165.70,5,4165.80,7,4165.90,6,4166.00,9,Sell,30,63,93,-33.00,12.00,-33.00,2.10,52.4,4165.90,4166.90,4164.80,4164.80,148,187,335,-39.00,2.00,-63.00,3.20,62.5,-18,489,0.6154,0.0000,-135.00,-100.00,4174.65,-0.8498,DOWN,208.20,1.6090,2.3611
20260619 110122 654,4164.80,1,4164.90,4165.10,0.20,4164.90,9,4164.80,3,4164.70,4,4164.60,9,4164.50,14,4164.40,16,4164.30,12,4164.20,9,4164.10,11,4164.00,19,4165.10,1,4165.20,2,4165.30,3,4165.40,5,4165.50,3,4165.60,5,4165.70,5,4165.80,7,4165.90,6,4166.00,9,Sell,30,64,94,-34.00,12.00,-34.00,2.10,52.4,4165.90,4166.90,4164.80,4164.80,148,187,335,-39.00,2.00,-63.00,3.20,62.5,-18,489,0.6154,0.0000,-136.00,-101.00,4174.65,-0.8498,DOWN,208.20,1.6090,2.3611
20260619 110122 705,4165.00,1,4164.90,4165.00,0.10,4165.00,2,4164.90,4,4164.80,4,4164.70,4,4164.60,9,4164.50,14,4164.40,16,4164.30,12,4164.20,9,4164.10,11,4165.20,2,4165.30,3,4165.40,5,4165.50,3,4165.60,5,4165.70,5,4165.80,7,4165.90,6,4166.00,9,4166.10,11,Sell,30,65,95,-35.00,12.00,-35.00,2.10,42.9,4165.90,4166.90,4164.80,4165.00,148,187,335,-39.00,2.00,-63.00,3.20,62.5,-18,489,0.6154,0.0000,-137.00,-102.00,4174.67,-0.8435,DOWN,208.20,1.6090,2.3611
20260619 110122 705,4165.00,1,4164.90,4165.00,0.10,4165.00,2,4164.90,4,4164.80,4,4164.70,4,4164.60,9,4164.50,14,4164.40,16,4164.30,12,4164.20,9,4164.10,11,4165.20,2,4165.30,3,4165.40,5,4165.50,3,4165.60,5,4165.70,5,4165.80,7,4165.90,6,4166.00,9,4166.10,11,Sell,30,66,96,-36.00,12.00,-36.00,2.10,42.9,4165.90,4166.90,4164.80,4165.00,148,187,335,-39.00,2.00,-63.00,3.20,62.5,-18,489,0.6154,0.0000,-138.00,-103.00,4174.67,-0.8435,DOWN,208.20,1.6090,2.3611
20260619 110122 706,4165.00,3,4164.90,4165.00,0.10,4165.00,2,4164.90,4,4164.80,4,4164.70,4,4164.60,9,4164.50,14,4164.40,16,4164.30,12,4164.20,9,4164.10,11,4165.20,2,4165.30,3,4165.40,5,4165.50,3,4165.60,5,4165.70,5,4165.80,7,4165.90,6,4166.00,9,4166.10,11,Buy,33,66,99,-33.00,12.00,-36.00,2.10,42.9,4165.90,4166.90,4164.80,4165.00,148,187,335,-39.00,2.00,-63.00,3.20,62.5,-18,489,0.6154,0.0909,-135.00,-100.00,4174.67,-0.8435,DOWN,208.20,1.6090,2.3611
20260619 110122 745,4165.00,1,4164.70,4164.90,0.20,4164.70,3,4164.60,8,4164.50,14,4164.40,16,4164.30,7,4164.20,4,4164.10,11,4164.00,19,4163.90,8,4163.80,10,4164.90,2,4165.00,4,4165.10,5,4165.20,4,4165.30,4,4165.40,5,4165.50,3,4165.60,6,4165.70,6,4165.80,15,Sell,33,67,100,-34.00,12.00,-36.00,2.10,42.9,4165.90,4166.90,4164.80,4165.00,148,187,335,-39.00,2.00,-63.00,3.20,62.5,-18,489,0.6154,0.0588,-136.00,-101.00,4174.67,-0.8435,DOWN,208.20,1.6090,2.3611
20260619 110122 748,4164.80,1,4164.60,4164.80,0.20,4164.60,6,4164.50,14,4164.40,16,4164.30,7,4164.20,4,4164.10,6,4164.00,19,4163.90,8,4163.80,10,4163.70,9,4164.80,1,4164.90,4,4165.00,4,4165.10,5,4165.20,4,4165.30,4,4165.40,6,4165.50,4,4165.60,6,4165.70,6,Sell,33,68,101,-35.00,12.00,-36.00,2.10,52.4,4165.90,4166.90,4164.80,4164.80,148,187,335,-39.00,2.00,-63.00,3.20,62.5,-18,489,0.6154,0.0286,-137.00,-102.00,4174.65,-0.8498,DOWN,208.20,1.6090,2.3611
20260619 110122 748,4164.80,1,4164.60,4164.80,0.20,4164.60,6,4164.50,14,4164.40,16,4164.30,7,4164.20,4,4164.10,6,4164.00,19,4163.90,8,4163.80,10,4163.70,9,4164.80,1,4164.90,4,4165.00,4,4165.10,5,4165.20,4,4165.30,4,4165.40,6,4165.50,4,4165.60,6,4165.70,6,Sell,33,69,102,-36.00,12.00,-36.00,2.10,52.4,4165.90,4166.90,4164.80,4164.80,148,187,335,-39.00,2.00,-63.00,3.20,62.5,-18,489,0.6154,0.0000,-138.00,-103.00,4174.65,-0.8498,DOWN,208.20,1.6090,2.3611
20260619 110122 861,4164.70,1,4164.60,4164.80,0.20,4164.60,4,4164.50,14,4164.40,16,4164.30,7,4164.20,4,4164.10,6,4164.00,19,4163.90,8,4163.80,10,4163.70,9,4164.80,2,4164.90,4,4165.00,4,4165.10,5,4165.20,5,4165.30,4,4165.40,6,4165.50,4,4165.60,6,4165.70,6,Sell,33,70,103,-37.00,12.00,-37.00,2.20,54.5,4165.90,4166.90,4164.70,4164.70,148,187,335,-39.00,2.00,-63.00,3.20,62.5,-18,489,0.6154,0.0000,-139.00,-104.00,4174.64,-0.8530,DOWN,208.20,1.6090,2.3682
20260619 110122 861,4164.70,1,4164.60,4164.80,0.20,4164.60,4,4164.50,14,4164.40,16,4164.30,7,4164.20,4,4164.10,6,4164.00,19,4163.90,8,4163.80,10,4163.70,9,4164.80,2,4164.90,4,4165.00,4,4165.10,5,4165.20,5,4165.30,4,4165.40,6,4165.50,4,4165.60,6,4165.70,6,Sell,33,71,104,-38.00,12.00,-38.00,2.20,54.5,4165.90,4166.90,4164.70,4164.70,148,187,335,-39.00,2.00,-63.00,3.20,62.5,-18,489,0.6154,0.0000,-140.00,-105.00,4174.64,-0.8530,DOWN,208.20,1.6090,2.3682
20260619 110122 861,4164.70,1,4164.60,4164.80,0.20,4164.60,4,4164.50,14,4164.40,16,4164.30,7,4164.20,4,4164.10,6,4164.00,19,4163.90,8,4163.80,10,4163.70,9,4164.80,2,4164.90,4,4165.00,4,4165.10,5,4165.20,5,4165.30,4,4165.40,6,4165.50,4,4165.60,6,4165.70,6,Sell,33,72,105,-39.00,12.00,-39.00,2.20,54.5,4165.90,4166.90,4164.70,4164.70,148,187,335,-39.00,2.00,-63.00,3.20,62.5,-18,489,0.6154,0.0000,-141.00,-106.00,4174.64,-0.8530,DOWN,208.20,1.6090,2.3682
20260619 110122 861,4164.60,1,4164.60,4164.80,0.20,4164.60,4,4164.50,14,4164.40,16,4164.30,7,4164.20,4,4164.10,6,4164.00,19,4163.90,8,4163.80,10,4163.70,9,4164.80,2,4164.90,4,4165.00,4,4165.10,5,4165.20,5,4165.30,4,4165.40,6,4165.50,4,4165.60,6,4165.70,6,Sell,33,73,106,-40.00,12.00,-40.00,2.30,56.5,4165.90,4166.90,4164.60,4164.60,148,187,335,-39.00,2.00,-63.00,3.20,62.5,-18,489,0.6154,0.0000,-142.00,-107.00,4174.63,-0.8562,DOWN,208.20,1.6090,2.3754
20260619 110122 861,4164.60,1,4164.60,4164.80,0.20,4164.60,4,4164.50,14,4164.40,16,4164.30,7,4164.20,4,4164.10,6,4164.00,19,4163.90,8,4163.80,10,4163.70,9,4164.80,2,4164.90,4,4165.00,4,4165.10,5,4165.20,5,4165.30,4,4165.40,6,4165.50,4,4165.60,6,4165.70,6,Sell,33,74,107,-41.00,12.00,-41.00,2.30,56.5,4165.90,4166.90,4164.60,4164.60,148,187,335,-39.00,2.00,-63.00,3.20,62.5,-18,489,0.6154,0.0000,-143.00,-108.00,4174.63,-0.8562,DOWN,208.20,1.6090,2.3754
20260619 110122 896,4164.60,1,4164.60,4164.80,0.20,4164.60,4,4164.50,14,4164.40,16,4164.30,7,4164.20,4,4164.10,6,4164.00,19,4163.90,8,4163.80,10,4163.70,9,4164.80,2,4164.90,4,4165.00,4,4165.10,5,4165.20,5,4165.30,4,4165.40,6,4165.50,4,4165.60,6,4165.70,6,Sell,33,75,108,-42.00,12.00,-42.00,2.30,56.5,4165.90,4166.90,4164.60,4164.60,148,187,335,-39.00,2.00,-63.00,3.20,62.5,-18,489,0.6154,0.0000,-144.00,-109.00,4174.63,-0.8562,DOWN,208.20,1.6090,2.3754
20260619 110122 896,4164.60,1,4164.60,4164.80,0.20,4164.60,2,4164.50,14,4164.40,16,4164.30,7,4164.20,4,4164.10,6,4164.00,19,4163.90,8,4163.80,10,4163.70,9,4164.80,2,4164.90,4,4165.00,4,4165.10,5,4165.20,5,4165.30,4,4165.40,6,4165.50,4,4165.60,6,4165.70,14,Sell,33,76,109,-43.00,12.00,-43.00,2.30,56.5,4165.90,4166.90,4164.60,4164.60,148,187,335,-39.00,2.00,-63.00,3.20,62.5,-18,489,0.6154,0.0000,-145.00,-110.00,4174.63,-0.8562,DOWN,208.20,1.6090,2.3754
20260619 110122 923,4164.60,2,4164.60,4164.80,0.20,4164.60,2,4164.50,14,4164.40,16,4164.30,7,4164.20,4,4164.10,6,4164.00,19,4163.90,8,4163.80,10,4163.70,9,4164.80,2,4164.90,4,4165.00,4,4165.10,5,4165.20,5,4165.30,4,4165.40,6,4165.50,4,4165.60,6,4165.70,14,Sell,33,78,111,-45.00,12.00,-45.00,2.30,56.5,4165.90,4166.90,4164.60,4164.60,148,187,335,-39.00,2.00,-63.00,3.20,62.5,-18,489,0.6154,0.0000,-147.00,-112.00,4174.63,-0.8562,DOWN,208.20,1.6090,2.3754
20260619 110123 107,4164.80,1,4164.70,4164.90,0.20,4164.70,1,4164.60,6,4164.50,14,4164.40,16,4164.30,8,4164.20,4,4164.10,6,4164.00,19,4163.90,8,4163.80,10,4164.90,3,4165.00,4,4165.10,6,4165.20,5,4165.30,4,4165.40,6,4165.50,4,4165.60,14,4165.70,14,4165.80,15,Buy,34,78,112,-44.00,12.00,-45.00,2.30,47.8,4165.90,4166.90,4164.60,4164.80,148,187,335,-39.00,2.00,-63.00,3.20,62.5,-18,489,0.6154,0.0227,-146.00,-111.00,4174.65,-0.8498,DOWN,208.20,1.6090,2.3754
20260619 110123 150,4164.60,1,4164.70,4164.90,0.20,4164.70,1,4164.60,6,4164.50,14,4164.40,16,4164.30,8,4164.20,4,4164.10,6,4164.00,19,4163.90,8,4163.80,10,4164.90,3,4165.00,4,4165.10,6,4165.20,5,4165.30,4,4165.40,6,4165.50,4,4165.60,14,4165.70,14,4165.80,15,Sell,34,79,113,-45.00,12.00,-45.00,2.30,56.5,4165.90,4166.90,4164.60,4164.60,148,187,335,-39.00,2.00,-63.00,3.20,62.5,-18,489,0.6154,0.0000,-147.00,-112.00,4174.63,-0.8562,DOWN,208.20,1.6090,2.3754
20260619 110123 520,4164.70,1,4164.50,4164.70,0.20,4164.50,12,4164.40,15,4164.30,7,4164.20,4,4164.10,6,4164.00,14,4163.90,8,4163.80,10,4163.70,9,4163.60,9,4164.70,1,4164.80,5,4164.90,4,4165.00,4,4165.10,7,4165.20,6,4165.30,6,4165.40,6,4165.50,4,4165.60,14,Sell,34,80,114,-46.00,12.00,-46.00,2.30,52.2,4165.90,4166.90,4164.60,4164.70,148,187,335,-39.00,2.00,-63.00,3.20,62.5,-18,489,0.6154,0.0000,-148.00,-113.00,4174.64,-0.8530,DOWN,208.20,1.6090,2.3754
20260619 110123 537,4164.60,1,4164.50,4164.70,0.20,4164.50,12,4164.40,15,4164.30,7,4164.20,4,4164.10,6,4164.00,14,4163.90,8,4163.80,10,4163.70,9,4163.60,9,4164.70,1,4164.80,5,4164.90,4,4165.00,4,4165.10,7,4165.20,6,4165.30,6,4165.40,6,4165.50,4,4165.60,14,Sell,34,81,115,-47.00,12.00,-47.00,2.30,56.5,4165.90,4166.90,4164.60,4164.60,148,187,335,-39.00,2.00,-63.00,3.20,62.5,-18,489,0.6154,0.0000,-149.00,-114.00,4174.63,-0.8562,DOWN,208.20,1.6090,2.3754
20260619 110123 896,4164.60,1,4164.60,4164.80,0.20,4164.60,2,4164.50,14,4164.40,16,4164.30,7,4164.20,5,4164.10,6,4164.00,14,4163.90,8,4163.80,10,4163.70,9,4164.80,2,4164.90,4,4165.00,5,4165.10,7,4165.20,6,4165.30,6,4165.40,6,4165.50,4,4165.60,14,4165.70,13,Sell,34,82,116,-48.00,12.00,-48.00,2.30,56.5,4165.90,4166.90,4164.60,4164.60,148,187,335,-39.00,2.00,-63.00,3.20,62.5,-18,489,0.6154,0.0000,-150.00,-115.00,4174.63,-0.8562,DOWN,208.20,1.6090,2.3754
20260619 110124 395,4164.70,1,4164.50,4164.70,0.20,4164.50,13,4164.40,16,4164.30,7,4164.20,4,4164.10,6,4164.00,14,4163.90,8,4163.80,10,4163.70,9,4163.60,9,4164.80,3,4164.90,4,4165.00,5,4165.10,7,4165.20,6,4165.30,6,4165.40,6,4165.50,4,4165.60,14,4165.70,14,Buy,35,82,117,-47.00,12.00,-48.00,2.30,52.2,4165.90,4166.90,4164.60,4164.70,148,187,335,-39.00,2.00,-63.00,3.20,62.5,-18,489,0.6154,0.0213,-149.00,-114.00,4174.64,-0.8530,DOWN,208.20,1.6090,2.3754
20260619 110125 656,4164.80,1,4164.50,4164.70,0.20,4164.50,12,4164.40,10,4164.30,12,4164.20,4,4164.10,6,4164.00,14,4163.90,3,4163.80,5,4163.70,9,4163.60,9,4164.70,2,4164.80,7,4164.90,7,4165.00,5,4165.10,7,4165.20,6,4165.30,6,4165.40,6,4165.50,13,4165.60,13,Buy,36,82,118,-46.00,12.00,-48.00,2.30,47.8,4165.90,4166.90,4164.60,4164.80,148,187,335,-39.00,2.00,-63.00,3.20,62.5,-18,489,0.6154,0.0435,-148.00,-113.00,4174.65,-0.8498,DOWN,208.20,1.6090,2.3754
20260619 110125 661,4164.90,1,4164.50,4164.70,0.20,4164.50,12,4164.40,10,4164.30,12,4164.20,4,4164.10,6,4164.00,14,4163.90,3,4163.80,5,4163.70,9,4163.60,9,4164.70,2,4164.80,7,4164.90,7,4165.00,5,4165.10,7,4165.20,6,4165.30,6,4165.40,6,4165.50,13,4165.60,13,Buy,37,82,119,-45.00,12.00,-48.00,2.30,43.5,4165.90,4166.90,4164.60,4164.90,148,187,335,-39.00,2.00,-63.00,3.20,62.5,-18,489,0.6154,0.0667,-147.00,-112.00,4174.66,-0.8467,DOWN,208.20,1.6090,2.3754
20260619 110125 665,4165.00,1,4164.50,4164.70,0.20,4164.50,12,4164.40,10,4164.30,12,4164.20,4,4164.10,6,4164.00,14,4163.90,3,4163.80,5,4163.70,9,4163.60,9,4164.70,2,4164.80,7,4164.90,7,4165.00,5,4165.10,7,4165.20,6,4165.30,6,4165.40,6,4165.50,13,4165.60,13,Buy,38,82,120,-44.00,12.00,-48.00,2.30,39.1,4165.90,4166.90,4164.60,4165.00,148,187,335,-39.00,2.00,-63.00,3.20,62.5,-18,489,0.6154,0.0909,-146.00,-111.00,4174.67,-0.8435,DOWN,208.20,1.6090,2.3754
20260619 110125 665,4165.00,1,4164.50,4164.70,0.20,4164.50,12,4164.40,10,4164.30,12,4164.20,4,4164.10,6,4164.00,14,4163.90,3,4163.80,5,4163.70,9,4163.60,9,4164.70,2,4164.80,7,4164.90,7,4165.00,5,4165.10,7,4165.20,6,4165.30,6,4165.40,6,4165.50,13,4165.60,13,Buy,39,82,121,-43.00,12.00,-48.00,2.30,39.1,4165.90,4166.90,4164.60,4165.00,148,187,335,-39.00,2.00,-63.00,3.20,62.5,-18,489,0.6154,0.1163,-145.00,-110.00,4174.67,-0.8435,DOWN,208.20,1.6090,2.3754
20260619 110125 665,4165.00,1,4164.50,4164.70,0.20,4164.50,12,4164.40,10,4164.30,12,4164.20,4,4164.10,6,4164.00,14,4163.90,3,4163.80,5,4163.70,9,4163.60,9,4164.70,2,4164.80,7,4164.90,7,4165.00,5,4165.10,7,4165.20,6,4165.30,6,4165.40,6,4165.50,13,4165.60,13,Buy,40,82,122,-42.00,12.00,-48.00,2.30,39.1,4165.90,4166.90,4164.60,4165.00,148,187,335,-39.00,2.00,-63.00,3.20,62.5,-18,489,0.6154,0.1429,-144.00,-109.00,4174.67,-0.8435,DOWN,208.20,1.6090,2.3754
20260619 110125 670,4165.00,1,4164.60,4164.70,0.10,4164.50,12,4164.40,10,4164.30,12,4164.20,4,4164.10,6,4164.00,14,4163.90,3,4163.80,5,4163.70,9,4163.60,9,4164.70,2,4164.80,7,4164.90,7,4165.00,5,4165.10,7,4165.20,6,4165.30,6,4165.40,6,4165.50,13,4165.60,13,Buy,41,82,123,-41.00,12.00,-48.00,2.30,39.1,4165.90,4166.90,4164.60,4165.00,148,187,335,-39.00,2.00,-63.00,3.20,62.5,-18,489,0.6154,0.1707,-143.00,-108.00,4174.67,-0.8435,DOWN,208.20,1.6090,2.3754
20260619 110125 680,4164.60,1,4164.60,4164.80,0.20,4164.60,1,4164.50,12,4164.40,10,4164.30,12,4164.20,4,4164.10,6,4164.00,14,4163.90,3,4163.80,5,4163.70,9,4164.80,7,4164.90,7,4165.00,5,4165.10,7,4165.20,6,4165.30,6,4165.40,6,4165.50,13,4165.60,13,4165.70,14,Sell,41,83,124,-42.00,12.00,-48.00,2.30,56.5,4165.90,4166.90,4164.60,4164.60,148,187,335,-39.00,2.00,-63.00,3.20,62.5,-18,489,0.6154,0.1429,-144.00,-109.00,4174.63,-0.8562,DOWN,208.20,1.6090,2.3754
20260619 110125 760,4164.70,1,4164.50,4164.80,0.30,4164.50,13,4164.40,10,4164.30,12,4164.20,4,4164.10,6,4164.00,14,4163.90,3,4163.80,5,4163.70,9,4163.60,9,4164.80,4,4164.90,5,4165.00,4,4165.10,5,4165.20,6,4165.30,6,4165.40,6,4165.50,13,4165.60,13,4165.70,14,Buy,42,83,125,-41.00,12.00,-48.00,2.30,52.2,4165.90,4166.90,4164.60,4164.70,148,187,335,-39.00,2.00,-63.00,3.20,62.5,-18,489,0.6154,0.1707,-143.00,-108.00,4174.64,-0.8530,DOWN,208.20,1.6090,2.3754
20260619 110126 022,4164.60,1,4164.60,4164.80,0.20,4164.60,1,4164.50,11,4164.40,10,4164.30,12,4164.20,5,4164.10,6,4164.00,14,4163.90,3,4163.80,5,4163.70,9,4164.80,3,4164.90,5,4165.00,3,4165.10,6,4165.20,6,4165.30,6,4165.40,6,4165.50,13,4165.60,13,4165.70,14,Sell,42,84,126,-42.00,12.00,-48.00,2.30,56.5,4165.90,4166.90,4164.60,4164.60,148,187,335,-39.00,2.00,-63.00,3.20,62.5,-18,489,0.6154,0.1429,-144.00,-109.00,4174.63,-0.8562,DOWN,208.20,1.6090,2.3754
20260619 110126 022,4164.60,1,4164.60,4164.80,0.20,4164.60,1,4164.50,11,4164.40,10,4164.30,12,4164.20,5,4164.10,6,4164.00,14,4163.90,3,4163.80,5,4163.70,9,4164.80,3,4164.90,5,4165.00,3,4165.10,6,4165.20,6,4165.30,6,4165.40,6,4165.50,13,4165.60,13,4165.70,14,Sell,42,85,127,-43.00,12.00,-48.00,2.30,56.5,4165.90,4166.90,4164.60,4164.60,148,187,335,-39.00,2.00,-63.00,3.20,62.5,-18,489,0.6154,0.1163,-145.00,-110.00,4174.63,-0.8562,DOWN,208.20,1.6090,2.3754
20260619 110126 022,4164.60,1,4164.60,4164.80,0.20,4164.60,1,4164.50,11,4164.40,10,4164.30,12,4164.20,5,4164.10,6,4164.00,14,4163.90,3,4163.80,5,4163.70,9,4164.80,3,4164.90,5,4165.00,3,4165.10,6,4165.20,6,4165.30,6,4165.40,6,4165.50,13,4165.60,13,4165.70,14,Sell,42,86,128,-44.00,12.00,-48.00,2.30,56.5,4165.90,4166.90,4164.60,4164.60,148,187,335,-39.00,2.00,-63.00,3.20,62.5,-18,489,0.6154,0.0909,-146.00,-111.00,4174.63,-0.8562,DOWN,208.20,1.6090,2.3754
20260619 110126 022,4164.50,2,4164.60,4164.80,0.20,4164.60,1,4164.50,11,4164.40,10,4164.30,12,4164.20,5,4164.10,6,4164.00,14,4163.90,3,4163.80,5,4163.70,9,4164.80,3,4164.90,5,4165.00,3,4165.10,6,4165.20,6,4165.30,6,4165.40,6,4165.50,13,4165.60,13,4165.70,14,Sell,42,88,130,-46.00,12.00,-48.00,2.40,58.3,4165.90,4166.90,4164.50,4164.50,148,187,335,-39.00,2.00,-63.00,3.20,62.5,-18,489,0.6154,0.0435,-148.00,-113.00,4174.62,-0.8593,DOWN,208.20,1.6090,2.3825
20260619 110126 063,4164.60,1,4164.60,4164.80,0.20,4164.60,1,4164.50,11,4164.40,10,4164.30,12,4164.20,5,4164.10,6,4164.00,14,4163.90,3,4163.80,5,4163.70,9,4164.80,3,4164.90,5,4165.00,3,4165.10,6,4165.20,6,4165.30,6,4165.40,6,4165.50,13,4165.60,13,4165.70,14,Sell,42,89,131,-47.00,12.00,-48.00,2.40,54.2,4165.90,4166.90,4164.50,4164.60,148,187,335,-39.00,2.00,-63.00,3.20,62.5,-18,489,0.6154,0.0213,-149.00,-114.00,4174.63,-0.8562,DOWN,208.20,1.6090,2.3825
20260619 110126 364,4164.60,1,4164.50,4164.80,0.30,4164.50,11,4164.40,10,4164.30,12,4164.20,5,4164.10,6,4164.00,14,4163.90,3,4163.80,5,4163.70,9,4163.60,9,4164.80,4,4164.90,5,4165.00,3,4165.10,6,4165.20,6,4165.30,6,4165.40,6,4165.50,13,4165.60,13,4165.70,14,Sell,42,90,132,-48.00,12.00,-48.00,2.40,54.2,4165.90,4166.90,4164.50,4164.60,148,187,335,-39.00,2.00,-63.00,3.20,62.5,-18,489,0.6154,0.0000,-150.00,-115.00,4174.63,-0.8562,DOWN,208.20,1.6090,2.3825
20260619 110126 364,4164.60,1,4164.50,4164.80,0.30,4164.50,11,4164.40,10,4164.30,12,4164.20,5,4164.10,6,4164.00,14,4163.90,3,4163.80,5,4163.70,9,4163.60,9,4164.80,4,4164.90,5,4165.00,3,4165.10,6,4165.20,6,4165.30,6,4165.40,6,4165.50,13,4165.60,13,4165.70,14,Sell,42,91,133,-49.00,12.00,-49.00,2.40,54.2,4165.90,4166.90,4164.50,4164.60,148,187,335,-39.00,2.00,-63.00,3.20,62.5,-18,489,0.6154,0.0000,-151.00,-116.00,4174.63,-0.8562,DOWN,208.20,1.6090,2.3825
20260619 110126 462,4164.50,2,4164.50,4164.70,0.20,4164.50,8,4164.40,10,4164.30,12,4164.20,4,4164.10,6,4164.00,14,4163.90,3,4163.80,5,4163.70,9,4163.60,9,4164.70,1,4164.80,4,4164.90,5,4165.00,4,4165.10,6,4165.20,6,4165.30,6,4165.40,6,4165.50,13,4165.60,13,Sell,42,93,135,-51.00,12.00,-51.00,2.40,58.3,4165.90,4166.90,4164.50,4164.50,148,187,335,-39.00,2.00,-63.00,3.20,62.5,-18,489,0.6154,0.0000,-153.00,-118.00,4174.62,-0.8593,DOWN,208.20,1.6090,2.3825
20260619 110126 853,4164.70,1,4164.50,4164.70,0.20,4164.50,8,4164.40,10,4164.30,12,4164.20,5,4164.10,6,4164.00,14,4163.90,3,4163.80,5,4163.70,9,4163.60,9,4164.70,1,4164.80,4,4164.90,5,4165.00,4,4165.10,6,4165.20,6,4165.30,6,4165.40,6,4165.50,13,4165.60,13,Buy,43,93,136,-50.00,12.00,-51.00,2.40,50.0,4165.90,4166.90,4164.50,4164.70,148,187,335,-39.00,2.00,-63.00,3.20,62.5,-18,489,0.6154,0.0200,-152.00,-117.00,4174.64,-0.8530,DOWN,208.20,1.6090,2.3825
20260619 110126 880,4164.50,2,4164.50,4164.80,0.30,4164.50,4,4164.40,10,4164.30,12,4164.20,5,4164.10,6,4164.00,14,4163.90,3,4163.80,5,4163.70,9,4163.60,9,4164.80,4,4164.90,5,4165.00,4,4165.10,5,4165.20,6,4165.30,6,4165.40,6,4165.50,13,4165.60,13,4165.70,14,Sell,43,95,138,-52.00,12.00,-52.00,2.40,58.3,4165.90,4166.90,4164.50,4164.50,148,187,335,-39.00,2.00,-63.00,3.20,62.5,-18,489,0.6154,0.0000,-154.00,-119.00,4174.62,-0.8593,DOWN,208.20,1.6090,2.3825
20260619 110126 891,4164.50,1,4164.50,4164.80,0.30,4164.50,4,4164.40,10,4164.30,12,4164.20,5,4164.10,6,4164.00,14,4163.90,3,4163.80,5,4163.70,9,4163.60,9,4164.80,4,4164.90,5,4165.00,4,4165.10,5,4165.20,6,4165.30,6,4165.40,6,4165.50,13,4165.60,13,4165.70,14,Sell,43,96,139,-53.00,12.00,-53.00,2.40,58.3,4165.90,4166.90,4164.50,4164.50,148,187,335,-39.00,2.00,-63.00,3.20,62.5,-18,489,0.6154,0.0000,-155.00,-120.00,4174.62,-0.8593,DOWN,208.20,1.6090,2.3825
20260619 110126 891,4164.50,1,4164.50,4164.80,0.30,4164.50,4,4164.40,10,4164.30,12,4164.20,5,4164.10,6,4164.00,14,4163.90,3,4163.80,5,4163.70,9,4163.60,9,4164.80,4,4164.90,5,4165.00,4,4165.10,5,4165.20,6,4165.30,6,4165.40,6,4165.50,13,4165.60,13,4165.70,14,Sell,43,97,140,-54.00,12.00,-54.00,2.40,58.3,4165.90,4166.90,4164.50,4164.50,148,187,335,-39.00,2.00,-63.00,3.20,62.5,-18,489,0.6154,0.0000,-156.00,-121.00,4174.62,-0.8593,DOWN,208.20,1.6090,2.3825
20260619 110128 015,4164.50,4,4164.50,4164.70,0.20,4164.40,6,4164.30,13,4164.20,4,4164.10,6,4164.00,15,4163.90,3,4163.80,5,4163.70,9,4163.60,9,4163.50,9,4164.70,3,4164.80,4,4164.90,6,4165.00,5,4165.10,5,4165.20,6,4165.30,6,4165.40,6,4165.50,13,4165.60,13,Sell,43,101,144,-58.00,12.00,-58.00,2.40,58.3,4165.90,4166.90,4164.50,4164.50,148,187,335,-39.00,2.00,-63.00,3.20,62.5,-18,489,0.6154,0.0000,-160.00,-125.00,4174.62,-0.8593,DOWN,208.20,1.6090,2.3825
20260619 110128 015,4164.40,3,4164.50,4164.70,0.20,4164.40,6,4164.30,13,4164.20,4,4164.10,6,4164.00,15,4163.90,3,4163.80,5,4163.70,9,4163.60,9,4163.50,9,4164.70,3,4164.80,4,4164.90,6,4165.00,5,4165.10,5,4165.20,6,4165.30,6,4165.40,6,4165.50,13,4165.60,13,Sell,43,104,147,-61.00,12.00,-61.00,2.50,60.0,4165.90,4166.90,4164.40,4164.40,148,187,335,-39.00,2.00,-63.00,3.20,62.5,-18,489,0.6154,0.0000,-163.00,-128.00,4174.61,-0.8625,DOWN,208.20,1.6090,2.3897
20260619 110128 015,4164.40,4,4164.50,4164.70,0.20,4164.40,6,4164.30,13,4164.20,4,4164.10,6,4164.00,15,4163.90,3,4163.80,5,4163.70,9,4163.60,9,4163.50,9,4164.70,3,4164.80,4,4164.90,6,4165.00,5,4165.10,5,4165.20,6,4165.30,6,4165.40,6,4165.50,13,4165.60,13,Sell,43,108,151,-65.00,12.00,-65.00,2.50,60.0,4165.90,4166.90,4164.40,4164.40,148,187,335,-39.00,2.00,-63.00,3.20,62.5,-18,489,0.6154,0.0000,-167.00,-132.00,4174.61,-0.8625,DOWN,208.20,1.6090,2.3897
20260619 110128 015,4164.40,1,4164.50,4164.70,0.20,4164.40,6,4164.30,13,4164.20,4,4164.10,6,4164.00,15,4163.90,3,4163.80,5,4163.70,9,4163.60,9,4163.50,9,4164.70,3,4164.80,4,4164.90,6,4165.00,5,4165.10,5,4165.20,6,4165.30,6,4165.40,6,4165.50,13,4165.60,13,Sell,43,109,152,-66.00,12.00,-66.00,2.50,60.0,4165.90,4166.90,4164.40,4164.40,148,187,335,-39.00,2.00,-63.00,3.20,62.5,-18,489,0.6154,0.0000,-168.00,-133.00,4174.61,-0.8625,DOWN,208.20,1.6090,2.3897
20260619 110128 039,4164.50,1,4164.50,4164.70,0.20,4164.40,6,4164.30,13,4164.20,4,4164.10,6,4164.00,15,4163.90,3,4163.80,5,4163.70,9,4163.60,9,4163.50,9,4164.70,3,4164.80,4,4164.90,6,4165.00,5,4165.10,5,4165.20,6,4165.30,6,4165.40,6,4165.50,13,4165.60,13,Sell,43,110,153,-67.00,12.00,-67.00,2.50,56.0,4165.90,4166.90,4164.40,4164.50,148,187,335,-39.00,2.00,-63.00,3.20,62.5,-18,489,0.6154,0.0000,-169.00,-134.00,4174.62,-0.8593,DOWN,208.20,1.6090,2.3897
20260619 110128 039,4164.50,1,4164.50,4164.70,0.20,4164.40,6,4164.30,13,4164.20,4,4164.10,6,4164.00,15,4163.90,3,4163.80,5,4163.70,9,4163.60,9,4163.50,9,4164.70,3,4164.80,4,4164.90,6,4165.00,5,4165.10,5,4165.20,6,4165.30,6,4165.40,6,4165.50,13,4165.60,13,Sell,43,111,154,-68.00,12.00,-68.00,2.50,56.0,4165.90,4166.90,4164.40,4164.50,148,187,335,-39.00,2.00,-63.00,3.20,62.5,-18,489,0.6154,0.0000,-170.00,-135.00,4174.62,-0.8593,DOWN,208.20,1.6090,2.3897
20260619 110128 632,4164.50,1,4164.50,4164.70,0.20,4164.50,2,4164.40,5,4164.30,13,4164.20,5,4164.10,6,4164.00,15,4163.90,3,4163.80,5,4163.70,9,4163.60,9,4164.70,2,4164.80,4,4164.90,5,4165.00,5,4165.10,5,4165.20,5,4165.30,6,4165.40,6,4165.50,13,4165.60,13,Sell,43,112,155,-69.00,12.00,-69.00,2.50,56.0,4165.90,4166.90,4164.40,4164.50,148,187,335,-39.00,2.00,-63.00,3.20,62.5,-18,489,0.6154,0.0000,-171.00,-136.00,4174.62,-0.8593,DOWN,208.20,1.6090,2.3897
20260619 110129 758,4164.60,1,4164.80,4165.00,0.20,4164.80,1,4164.70,4,4164.60,4,4164.50,5,4164.40,8,4164.30,13,4164.20,5,4164.10,7,4164.00,15,4163.90,8,4165.00,2,4165.10,5,4165.20,5,4165.30,5,4165.40,6,4165.50,5,4165.60,13,4165.70,14,4165.80,15,4165.90,12,Buy,44,112,156,-68.00,12.00,-69.00,2.50,52.0,4165.90,4166.90,4164.40,4164.60,148,187,335,-39.00,2.00,-63.00,3.20,62.5,-18,489,0.6154,0.0147,-170.00,-135.00,4174.63,-0.8562,DOWN,208.20,1.6090,2.3897
20260619 110129 758,4164.60,1,4164.80,4165.00,0.20,4164.80,1,4164.70,4,4164.60,4,4164.50,5,4164.40,8,4164.30,13,4164.20,5,4164.10,7,4164.00,15,4163.90,8,4165.00,2,4165.10,5,4165.20,5,4165.30,5,4165.40,6,4165.50,5,4165.60,13,4165.70,14,4165.80,15,4165.90,12,Buy,45,112,157,-67.00,12.00,-69.00,2.50,52.0,4165.90,4166.90,4164.40,4164.60,148,187,335,-39.00,2.00,-63.00,3.20,62.5,-18,489,0.6154,0.0299,-169.00,-134.00,4174.63,-0.8562,DOWN,208.20,1.6090,2.3897
20260619 110129 758,4164.60,1,4164.80,4165.00,0.20,4164.80,1,4164.70,4,4164.60,4,4164.50,5,4164.40,8,4164.30,13,4164.20,5,4164.10,7,4164.00,15,4163.90,8,4165.00,2,4165.10,5,4165.20,5,4165.30,5,4165.40,6,4165.50,5,4165.60,13,4165.70,14,4165.80,15,4165.90,12,Buy,46,112,158,-66.00,12.00,-69.00,2.50,52.0,4165.90,4166.90,4164.40,4164.60,148,187,335,-39.00,2.00,-63.00,3.20,62.5,-18,489,0.6154,0.0455,-168.00,-133.00,4174.63,-0.8562,DOWN,208.20,1.6090,2.3897
20260619 110129 761,4164.80,1,4164.80,4165.00,0.20,4164.80,1,4164.70,4,4164.60,4,4164.50,5,4164.40,8,4164.30,13,4164.20,5,4164.10,7,4164.00,15,4163.90,8,4165.00,2,4165.10,5,4165.20,5,4165.30,5,4165.40,6,4165.50,5,4165.60,13,4165.70,14,4165.80,15,4165.90,12,Buy,47,112,159,-65.00,12.00,-69.00,2.50,44.0,4165.90,4166.90,4164.40,4164.80,148,187,335,-39.00,2.00,-63.00,3.20,62.5,-18,489,0.6154,0.0615,-167.00,-132.00,4174.65,-0.8498,DOWN,208.20,1.6090,2.3897
20260619 110129 776,4164.90,1,4164.80,4165.00,0.20,4164.80,1,4164.70,4,4164.60,4,4164.50,5,4164.40,8,4164.30,13,4164.20,5,4164.10,7,4164.00,15,4163.90,8,4165.00,2,4165.10,5,4165.20,5,4165.30,5,4165.40,6,4165.50,5,4165.60,13,4165.70,14,4165.80,15,4165.90,12,Buy,48,112,160,-64.00,12.00,-69.00,2.50,40.0,4165.90,4166.90,4164.40,4164.90,148,187,335,-39.00,2.00,-63.00,3.20,62.5,-18,489,0.6154,0.0781,-166.00,-131.00,4174.66,-0.8467,DOWN,208.20,1.6090,2.3897
20260619 110129 776,4164.90,1,4164.80,4165.00,0.20,4164.80,1,4164.70,4,4164.60,4,4164.50,5,4164.40,8,4164.30,13,4164.20,5,4164.10,7,4164.00,15,4163.90,8,4165.00,2,4165.10,5,4165.20,5,4165.30,5,4165.40,6,4165.50,5,4165.60,13,4165.70,14,4165.80,15,4165.90,12,Buy,49,112,161,-63.00,12.00,-69.00,2.50,40.0,4165.90,4166.90,4164.40,4164.90,148,187,335,-39.00,2.00,-63.00,3.20,62.5,-18,489,0.6154,0.0952,-165.00,-130.00,4174.66,-0.8467,DOWN,208.20,1.6090,2.3897
20260619 110129 776,4164.90,1,4164.80,4165.00,0.20,4164.80,1,4164.70,4,4164.60,4,4164.50,5,4164.40,8,4164.30,13,4164.20,5,4164.10,7,4164.00,15,4163.90,8,4165.00,2,4165.10,5,4165.20,5,4165.30,5,4165.40,6,4165.50,5,4165.60,13,4165.70,14,4165.80,15,4165.90,12,Buy,50,112,162,-62.00,12.00,-69.00,2.50,40.0,4165.90,4166.90,4164.40,4164.90,148,187,335,-39.00,2.00,-63.00,3.20,62.5,-18,489,0.6154,0.1129,-164.00,-129.00,4174.66,-0.8467,DOWN,208.20,1.6090,2.3897
20260619 110131 079,4164.40,1,4164.40,4164.50,0.10,4164.40,5,4164.30,13,4164.20,4,4164.10,7,4164.00,15,4163.90,3,4163.80,5,4163.70,9,4163.60,9,4163.50,9,4164.60,1,4164.70,4,4164.80,5,4164.90,6,4165.00,6,4165.10,7,4165.20,5,4165.30,5,4165.40,6,4165.50,12,Sell,50,113,163,-63.00,12.00,-69.00,2.50,60.0,4165.90,4166.90,4164.40,4164.40,148,187,335,-39.00,2.00,-63.00,3.20,62.5,-18,489,0.6154,0.0952,-165.00,-130.00,4174.61,-0.8625,DOWN,208.20,1.6090,2.3897
20260619 110131 083,4164.50,2,4164.40,4164.50,0.10,4164.40,5,4164.30,13,4164.20,4,4164.10,7,4164.00,15,4163.90,3,4163.80,5,4163.70,9,4163.60,9,4163.50,9,4164.60,1,4164.70,4,4164.80,5,4164.90,6,4165.00,6,4165.10,7,4165.20,5,4165.30,5,4165.40,6,4165.50,12,Buy,52,113,165,-61.00,12.00,-69.00,2.50,56.0,4165.90,4166.90,4164.40,4164.50,148,187,335,-39.00,2.00,-63.00,3.20,62.5,-18,489,0.6154,0.1311,-163.00,-128.00,4174.62,-0.8593,DOWN,208.20,1.6090,2.3897
20260619 110131 934,4164.60,1,4164.40,4164.70,0.30,4164.40,5,4164.30,13,4164.20,4,4164.10,7,4164.00,15,4163.90,3,4163.80,5,4163.70,9,4163.60,9,4163.50,9,4164.70,4,4164.80,5,4164.90,6,4165.00,6,4165.10,7,4165.20,5,4165.30,5,4165.40,6,4165.50,12,4165.60,13,Buy,53,113,166,-60.00,12.00,-69.00,2.50,52.0,4165.90,4166.90,4164.40,4164.60,148,187,335,-39.00,2.00,-63.00,3.20,62.5,-18,489,0.6154,0.1500,-162.00,-127.00,4174.63,-0.8562,DOWN,208.20,1.6090,2.3897
20260619 110132 161,4164.70,1,4164.40,4164.70,0.30,4164.40,5,4164.30,13,4164.20,4,4164.10,6,4164.00,15,4163.90,3,4163.80,5,4163.70,9,4163.60,9,4163.50,9,4164.70,3,4164.80,5,4164.90,6,4165.00,6,4165.10,7,4165.20,5,4165.30,5,4165.40,6,4165.50,12,4165.60,13,Buy,54,113,167,-59.00,12.00,-69.00,2.50,48.0,4165.90,4166.90,4164.40,4164.70,148,187,335,-39.00,2.00,-63.00,3.20,62.5,-18,489,0.6154,0.1695,-161.00,-126.00,4174.64,-0.8530,DOWN,208.20,1.6090,2.3897
20260619 110132 555,4164.40,1,4164.40,4164.70,0.30,4164.40,4,4164.30,13,4164.20,4,4164.10,6,4164.00,15,4163.90,3,4163.80,5,4163.70,9,4163.60,9,4163.50,9,4164.70,3,4164.80,5,4164.90,6,4165.00,6,4165.10,7,4165.20,5,4165.30,5,4165.40,6,4165.50,12,4165.60,13,Sell,54,114,168,-60.00,12.00,-69.00,2.50,60.0,4165.90,4166.90,4164.40,4164.40,148,187,335,-39.00,2.00,-63.00,3.20,62.5,-18,489,0.6154,0.1500,-162.00,-127.00,4174.61,-0.8625,DOWN,208.20,1.6090,2.3897
20260619 110132 664,4164.40,1,4164.40,4164.70,0.30,4164.40,3,4164.30,13,4164.20,4,4164.10,6,4164.00,15,4163.90,3,4163.80,5,4163.70,9,4163.60,9,4163.50,9,4164.70,3,4164.80,5,4164.90,6,4165.00,6,4165.10,7,4165.20,5,4165.30,5,4165.40,6,4165.50,12,4165.60,13,Sell,54,115,169,-61.00,12.00,-69.00,2.50,60.0,4165.90,4166.90,4164.40,4164.40,148,187,335,-39.00,2.00,-63.00,3.20,62.5,-18,489,0.6154,0.1311,-163.00,-128.00,4174.61,-0.8625,DOWN,208.20,1.6090,2.3897
20260619 110132 686,4164.70,1,4164.40,4164.70,0.30,4164.40,5,4164.30,13,4164.20,4,4164.10,7,4164.00,15,4163.90,3,4163.80,5,4163.70,9,4163.60,9,4163.50,9,4164.70,2,4164.80,5,4164.90,6,4165.00,6,4165.10,7,4165.20,5,4165.30,5,4165.40,6,4165.50,12,4165.60,13,Buy,55,115,170,-60.00,12.00,-69.00,2.50,48.0,4165.90,4166.90,4164.40,4164.70,148,187,335,-39.00,2.00,-63.00,3.20,62.5,-18,489,0.6154,0.1500,-162.00,-127.00,4174.64,-0.8530,DOWN,208.20,1.6090,2.3897
20260619 110132 730,4164.40,1,4164.40,4164.70,0.30,4164.40,5,4164.30,13,4164.20,4,4164.10,7,4164.00,15,4163.90,3,4163.80,5,4163.70,9,4163.60,9,4163.50,9,4164.70,2,4164.80,5,4164.90,6,4165.00,6,4165.10,7,4165.20,5,4165.30,5,4165.40,6,4165.50,12,4165.60,13,Sell,55,116,171,-61.00,12.00,-69.00,2.50,60.0,4165.90,4166.90,4164.40,4164.40,148,187,335,-39.00,2.00,-63.00,3.20,62.5,-18,489,0.6154,0.1311,-163.00,-128.00,4174.61,-0.8625,DOWN,208.20,1.6090,2.3897
20260619 110132 730,4164.40,1,4164.40,4164.70,0.30,4164.40,5,4164.30,13,4164.20,4,4164.10,7,4164.00,15,4163.90,3,4163.80,5,4163.70,9,4163.60,9,4163.50,9,4164.70,2,4164.80,5,4164.90,6,4165.00,6,4165.10,7,4165.20,5,4165.30,5,4165.40,6,4165.50,12,4165.60,13,Sell,55,117,172,-62.00,12.00,-69.00,2.50,60.0,4165.90,4166.90,4164.40,4164.40,148,187,335,-39.00,2.00,-63.00,3.20,62.5,-18,489,0.6154,0.1129,-164.00,-129.00,4174.61,-0.8625,DOWN,208.20,1.6090,2.3897
20260619 110132 730,4164.40,1,4164.40,4164.70,0.30,4164.40,5,4164.30,13,4164.20,4,4164.10,7,4164.00,15,4163.90,3,4163.80,5,4163.70,9,4163.60,9,4163.50,9,4164.70,2,4164.80,5,4164.90,6,4165.00,6,4165.10,7,4165.20,5,4165.30,5,4165.40,6,4165.50,12,4165.60,13,Sell,55,118,173,-63.00,12.00,-69.00,2.50,60.0,4165.90,4166.90,4164.40,4164.40,148,187,335,-39.00,2.00,-63.00,3.20,62.5,-18,489,0.6154,0.0952,-165.00,-130.00,4174.61,-0.8625,DOWN,208.20,1.6090,2.3897
20260619 110132 730,4164.40,1,4164.40,4164.70,0.30,4164.40,5,4164.30,13,4164.20,4,4164.10,7,4164.00,15,4163.90,3,4163.80,5,4163.70,9,4163.60,9,4163.50,9,4164.70,2,4164.80,5,4164.90,6,4165.00,6,4165.10,7,4165.20,5,4165.30,5,4165.40,6,4165.50,12,4165.60,13,Sell,55,119,174,-64.00,12.00,-69.00,2.50,60.0,4165.90,4166.90,4164.40,4164.40,148,187,335,-39.00,2.00,-63.00,3.20,62.5,-18,489,0.6154,0.0781,-166.00,-131.00,4174.61,-0.8625,DOWN,208.20,1.6090,2.3897
20260619 110132 730,4164.40,1,4164.40,4164.70,0.30,4164.40,5,4164.30,13,4164.20,4,4164.10,7,4164.00,15,4163.90,3,4163.80,5,4163.70,9,4163.60,9,4163.50,9,4164.70,2,4164.80,5,4164.90,6,4165.00,6,4165.10,7,4165.20,5,4165.30,5,4165.40,6,4165.50,12,4165.60,13,Sell,55,120,175,-65.00,12.00,-69.00,2.50,60.0,4165.90,4166.90,4164.40,4164.40,148,187,335,-39.00,2.00,-63.00,3.20,62.5,-18,489,0.6154,0.0615,-167.00,-132.00,4174.61,-0.8625,DOWN,208.20,1.6090,2.3897
20260619 110133 014,4164.60,1,4164.50,4164.70,0.20,4164.50,3,4164.40,3,4164.30,13,4164.20,3,4164.10,7,4164.00,15,4163.90,3,4163.80,5,4163.70,9,4163.60,9,4164.70,1,4164.80,6,4164.90,7,4165.00,6,4165.10,7,4165.20,5,4165.30,5,4165.40,6,4165.50,12,4165.60,13,Buy,56,120,176,-64.00,12.00,-69.00,2.50,52.0,4165.90,4166.90,4164.40,4164.60,148,187,335,-39.00,2.00,-63.00,3.20,62.5,-18,489,0.6154,0.0781,-166.00,-131.00,4174.63,-0.8562,DOWN,208.20,1.6090,2.3897
20260619 110133 635,4164.70,1,4164.60,4164.80,0.20,4164.60,3,4164.50,5,4164.40,3,4164.30,13,4164.20,4,4164.10,7,4164.00,15,4163.90,3,4163.80,5,4163.70,9,4164.80,3,4164.90,7,4165.00,6,4165.10,7,4165.20,5,4165.30,5,4165.40,6,4165.50,12,4165.60,13,4165.70,15,Buy,57,120,177,-63.00,12.00,-69.00,2.50,48.0,4165.90,4166.90,4164.40,4164.70,148,187,335,-39.00,2.00,-63.00,3.20,62.5,-18,489,0.6154,0.0952,-165.00,-130.00,4174.64,-0.8530,DOWN,208.20,1.6090,2.3897
20260619 110134 068,4164.70,1,4164.60,4164.80,0.20,4164.60,1,4164.50,5,4164.40,4,4164.30,13,4164.20,4,4164.10,7,4164.00,15,4163.90,3,4163.80,5,4163.70,9,4164.80,3,4164.90,6,4165.00,6,4165.10,7,4165.20,5,4165.30,5,4165.40,6,4165.50,12,4165.60,13,4165.70,15,Buy,58,120,178,-62.00,12.00,-69.00,2.50,48.0,4165.90,4166.90,4164.40,4164.70,148,187,335,-39.00,2.00,-63.00,3.20,62.5,-18,489,0.6154,0.1129,-164.00,-129.00,4174.64,-0.8530,DOWN,208.20,1.6090,2.3897
20260619 110134 671,4164.90,1,4164.70,4165.00,0.30,4164.70,3,4164.60,6,4164.50,5,4164.40,5,4164.30,13,4164.20,4,4164.10,7,4164.00,15,4163.90,3,4163.80,10,4165.00,3,4165.10,6,4165.20,5,4165.30,5,4165.40,6,4165.50,5,4165.60,13,4165.70,15,4165.80,15,4165.90,12,Buy,59,120,179,-61.00,12.00,-69.00,2.50,40.0,4165.90,4166.90,4164.40,4164.90,148,187,335,-39.00,2.00,-63.00,3.20,62.5,-18,489,0.6154,0.1311,-163.00,-128.00,4174.66,-0.8467,DOWN,208.20,1.6090,2.3897
20260619 110134 675,4164.70,1,4164.70,4165.00,0.30,4164.70,3,4164.60,6,4164.50,5,4164.40,5,4164.30,13,4164.20,4,4164.10,7,4164.00,15,4163.90,3,4163.80,10,4165.00,3,4165.10,6,4165.20,5,4165.30,5,4165.40,6,4165.50,5,4165.60,13,4165.70,15,4165.80,15,4165.90,12,Sell,59,121,180,-62.00,12.00,-69.00,2.50,48.0,4165.90,4166.90,4164.40,4164.70,148,187,335,-39.00,2.00,-63.00,3.20,62.5,-18,489,0.6154,0.1129,-164.00,-129.00,4174.64,-0.8530,DOWN,208.20,1.6090,2.3897
20260619 110134 675,4164.70,1,4164.70,4165.00,0.30,4164.70,3,4164.60,6,4164.50,5,4164.40,5,4164.30,13,4164.20,4,4164.10,7,4164.00,15,4163.90,3,4163.80,10,4165.00,3,4165.10,6,4165.20,5,4165.30,5,4165.40,6,4165.50,5,4165.60,13,4165.70,15,4165.80,15,4165.90,12,Sell,59,122,181,-63.00,12.00,-69.00,2.50,48.0,4165.90,4166.90,4164.40,4164.70,148,187,335,-39.00,2.00,-63.00,3.20,62.5,-18,489,0.6154,0.0952,-165.00,-130.00,4174.64,-0.8530,DOWN,208.20,1.6090,2.3897
20260619 110135 948,4165.00,1,4164.80,4165.00,0.20,4164.70,3,4164.60,6,4164.50,5,4164.40,5,4164.30,13,4164.20,4,4164.10,7,4164.00,15,4163.90,8,4163.80,10,4165.00,4,4165.10,4,4165.20,5,4165.30,5,4165.40,6,4165.50,5,4165.60,13,4165.70,15,4165.80,15,4165.90,12,Buy,60,122,182,-62.00,12.00,-69.00,2.50,36.0,4165.90,4166.90,4164.40,4165.00,148,187,335,-39.00,2.00,-63.00,3.20,62.5,-18,489,0.6154,0.1129,-164.00,-129.00,4174.67,-0.8435,DOWN,208.20,1.6090,2.3897
20260619 110135 948,4165.00,1,4165.00,4165.20,0.20,4165.00,3,4164.90,5,4164.80,9,4164.70,3,4164.60,6,4164.50,6,4164.40,6,4164.30,13,4164.20,10,4164.10,12,4165.20,2,4165.30,3,4165.40,5,4165.50,4,4165.60,5,4165.70,6,4165.80,7,4165.90,12,4166.00,17,4166.10,12,Buy,61,122,183,-61.00,12.00,-69.00,2.50,36.0,4165.90,4166.90,4164.40,4165.00,148,187,335,-39.00,2.00,-63.00,3.20,62.5,-18,489,0.6154,0.1311,-163.00,-128.00,4174.67,-0.8435,DOWN,208.20,1.6090,2.3897
20260619 110135 948,4165.00,1,4165.00,4165.20,0.20,4165.00,3,4164.90,5,4164.80,9,4164.70,3,4164.60,6,4164.50,6,4164.40,6,4164.30,13,4164.20,10,4164.10,12,4165.20,2,4165.30,3,4165.40,5,4165.50,4,4165.60,5,4165.70,6,4165.80,7,4165.90,12,4166.00,17,4166.10,12,Buy,62,122,184,-60.00,12.00,-69.00,2.50,36.0,4165.90,4166.90,4164.40,4165.00,148,187,335,-39.00,2.00,-63.00,3.20,62.5,-18,489,0.6154,0.1500,-162.00,-127.00,4174.67,-0.8435,DOWN,208.20,1.6090,2.3897
20260619 110135 964,4165.20,1,4164.90,4165.20,0.30,4164.90,3,4164.80,8,4164.70,3,4164.60,6,4164.50,5,4164.40,6,4164.30,13,4164.20,10,4164.10,12,4164.00,20,4165.20,3,4165.30,4,4165.40,6,4165.50,4,4165.60,5,4165.70,6,4165.80,7,4165.90,12,4166.00,17,4166.10,12,Buy,63,122,185,-59.00,12.00,-69.00,2.50,28.0,4165.90,4166.90,4164.40,4165.20,148,187,335,-39.00,2.00,-63.00,3.20,62.5,-18,489,0.6154,0.1695,-161.00,-126.00,4174.69,-0.8371,DOWN,208.20,1.6090,2.3897
20260619 110135 966,4165.30,1,4164.90,4165.20,0.30,4164.90,3,4164.80,8,4164.70,3,4164.60,6,4164.50,5,4164.40,6,4164.30,13,4164.20,10,4164.10,12,4164.00,20,4165.20,3,4165.30,4,4165.40,6,4165.50,4,4165.60,5,4165.70,6,4165.80,7,4165.90,12,4166.00,17,4166.10,12,Buy,64,122,186,-58.00,12.00,-69.00,2.50,24.0,4165.90,4166.90,4164.40,4165.30,148,187,335,-39.00,2.00,-63.00,3.20,62.5,-18,489,0.6154,0.1897,-160.00,-125.00,4174.70,-0.8340,DOWN,208.20,1.6090,2.3897
20260619 110136 038,4164.90,1,4164.90,4165.20,0.30,4164.90,3,4164.80,4,4164.70,2,4164.60,6,4164.50,5,4164.40,6,4164.30,13,4164.20,5,4164.10,12,4164.00,20,4165.20,4,4165.30,5,4165.40,5,4165.50,4,4165.60,5,4165.70,6,4165.80,7,4165.90,12,4166.00,17,4166.10,12,Sell,64,123,187,-59.00,12.00,-69.00,2.50,40.0,4165.90,4166.90,4164.40,4164.90,148,187,335,-39.00,2.00,-63.00,3.20,62.5,-18,489,0.6154,0.1695,-161.00,-126.00,4174.66,-0.8467,DOWN,208.20,1.6090,2.3897
20260619 110136 064,4164.90,1,4164.90,4165.20,0.30,4164.90,3,4164.80,4,4164.70,2,4164.60,6,4164.50,5,4164.40,6,4164.30,13,4164.20,5,4164.10,12,4164.00,20,4165.20,5,4165.30,5,4165.40,5,4165.50,4,4165.60,5,4165.70,6,4165.80,7,4165.90,12,4166.00,17,4166.10,12,Sell,64,124,188,-60.00,12.00,-69.00,2.50,40.0,4165.90,4166.90,4164.40,4164.90,148,187,335,-39.00,2.00,-63.00,3.20,62.5,-18,489,0.6154,0.1500,-162.00,-127.00,4174.66,-0.8467,DOWN,208.20,1.6090,2.3897
20260619 110136 064,4165.00,1,4164.90,4165.20,0.30,4164.90,3,4164.80,4,4164.70,2,4164.60,6,4164.50,5,4164.40,6,4164.30,13,4164.20,5,4164.10,12,4164.00,20,4165.20,5,4165.30,5,4165.40,5,4165.50,4,4165.60,5,4165.70,6,4165.80,7,4165.90,12,4166.00,17,4166.10,12,Buy,65,124,189,-59.00,12.00,-69.00,2.50,36.0,4165.90,4166.90,4164.40,4165.00,148,187,335,-39.00,2.00,-63.00,3.20,62.5,-18,489,0.6154,0.1695,-161.00,-126.00,4174.67,-0.8435,DOWN,208.20,1.6090,2.3897
20260619 110136 432,4164.90,1,4164.90,4165.20,0.30,4164.90,18,4164.80,3,4164.70,2,4164.60,6,4164.50,5,4164.40,5,4164.30,13,4164.20,5,4164.10,12,4164.00,20,4165.10,1,4165.20,5,4165.30,4,4165.40,6,4165.50,4,4165.60,5,4165.70,6,4165.80,7,4165.90,12,4166.00,17,Sell,65,125,190,-60.00,12.00,-69.00,2.50,40.0,4165.90,4166.90,4164.40,4164.90,148,187,335,-39.00,2.00,-63.00,3.20,62.5,-18,489,0.6154,0.1500,-162.00,-127.00,4174.66,-0.8467,DOWN,208.20,1.6090,2.3897
20260619 110136 432,4164.90,4,4164.90,4165.20,0.30,4164.90,18,4164.80,3,4164.70,2,4164.60,6,4164.50,5,4164.40,5,4164.30,13,4164.20,5,4164.10,12,4164.00,20,4165.10,1,4165.20,5,4165.30,4,4165.40,6,4165.50,4,4165.60,5,4165.70,6,4165.80,7,4165.90,12,4166.00,17,Sell,65,129,194,-64.00,12.00,-69.00,2.50,40.0,4165.90,4166.90,4164.40,4164.90,148,187,335,-39.00,2.00,-63.00,3.20,62.5,-18,489,0.6154,0.0781,-166.00,-131.00,4174.66,-0.8467,DOWN,208.20,1.6090,2.3897
20260619 110136 707,4164.90,17,4164.80,4165.00,0.20,4164.80,2,4164.70,3,4164.60,6,4164.50,5,4164.40,5,4164.30,13,4164.20,5,4164.10,7,4164.00,20,4163.90,8,4165.00,2,4165.10,5,4165.20,5,4165.30,4,4165.40,6,4165.50,4,4165.60,5,4165.70,6,4165.80,15,4165.90,12,Sell,65,146,211,-81.00,12.00,-81.00,2.50,40.0,4165.90,4166.90,4164.40,4164.90,148,187,335,-39.00,2.00,-63.00,3.20,62.5,-18,489,0.6154,0.0000,-183.00,-148.00,4174.66,-0.8467,DOWN,208.20,1.6090,2.3897
20260619 110136 707,4164.80,1,4164.80,4165.00,0.20,4164.80,2,4164.70,3,4164.60,6,4164.50,5,4164.40,5,4164.30,13,4164.20,5,4164.10,7,4164.00,20,4163.90,8,4165.00,2,4165.10,5,4165.20,5,4165.30,4,4165.40,6,4165.50,4,4165.60,5,4165.70,6,4165.80,15,4165.90,12,Sell,65,147,212,-82.00,12.00,-82.00,2.50,44.0,4165.90,4166.90,4164.40,4164.80,148,187,335,-39.00,2.00,-63.00,3.20,62.5,-18,489,0.6154,0.0000,-184.00,-149.00,4174.65,-0.8498,DOWN,208.20,1.6090,2.3897
20260619 110137 048,4164.80,1,4164.70,4164.90,0.20,4164.70,4,4164.60,5,4164.50,5,4164.40,5,4164.30,13,4164.20,5,4164.10,7,4164.00,20,4163.90,8,4163.80,10,4164.90,1,4165.00,5,4165.10,3,4165.20,5,4165.30,4,4165.40,6,4165.50,4,4165.60,5,4165.70,6,4165.80,15,Sell,65,148,213,-83.00,12.00,-83.00,2.50,44.0,4165.90,4166.90,4164.40,4164.80,148,187,335,-39.00,2.00,-63.00,3.20,62.5,-18,489,0.6154,0.0000,-185.00,-150.00,4174.65,-0.8498,DOWN,208.20,1.6090,2.3897
20260619 110137 048,4164.80,1,4164.70,4164.90,0.20,4164.70,4,4164.60,5,4164.50,5,4164.40,5,4164.30,13,4164.20,5,4164.10,7,4164.00,20,4163.90,8,4163.80,10,4164.90,1,4165.00,5,4165.10,3,4165.20,5,4165.30,4,4165.40,6,4165.50,4,4165.60,5,4165.70,6,4165.80,15,Sell,65,149,214,-84.00,12.00,-84.00,2.50,44.0,4165.90,4166.90,4164.40,4164.80,148,187,335,-39.00,2.00,-63.00,3.20,62.5,-18,489,0.6154,0.0000,-186.00,-151.00,4174.65,-0.8498,DOWN,208.20,1.6090,2.3897
20260619 110137 049,4164.90,1,4164.70,4164.90,0.20,4164.70,4,4164.60,5,4164.50,5,4164.40,5,4164.30,13,4164.20,5,4164.10,7,4164.00,20,4163.90,8,4163.80,10,4164.90,1,4165.00,5,4165.10,3,4165.20,5,4165.30,4,4165.40,6,4165.50,4,4165.60,5,4165.70,6,4165.80,15,Buy,66,149,215,-83.00,12.00,-84.00,2.50,40.0,4165.90,4166.90,4164.40,4164.90,148,187,335,-39.00,2.00,-63.00,3.20,62.5,-18,489,0.6154,0.0120,-185.00,-150.00,4174.66,-0.8467,DOWN,208.20,1.6090,2.3897
20260619 110137 154,4164.60,1,4164.50,4164.60,0.10,4164.50,1,4164.40,3,4164.30,13,4164.20,4,4164.10,7,4164.00,14,4163.90,3,4163.80,10,4163.70,9,4163.60,9,4164.60,2,4164.70,3,4164.80,5,4164.90,5,4165.00,6,4165.10,3,4165.20,5,4165.30,4,4165.40,7,4165.50,12,Buy,67,149,216,-82.00,12.00,-84.00,2.50,52.0,4165.90,4166.90,4164.40,4164.60,148,187,335,-39.00,2.00,-63.00,3.20,62.5,-18,489,0.6154,0.0244,-184.00,-149.00,4174.63,-0.8562,DOWN,208.20,1.6090,2.3897
20260619 110137 259,4164.50,1,4164.50,4164.60,0.10,4164.50,1,4164.40,3,4164.30,13,4164.20,4,4164.10,7,4164.00,14,4163.90,3,4163.80,10,4163.70,9,4163.60,9,4164.60,2,4164.70,3,4164.80,5,4164.90,5,4165.00,6,4165.10,3,4165.20,5,4165.30,4,4165.40,7,4165.50,12,Sell,67,150,217,-83.00,12.00,-84.00,2.50,56.0,4165.90,4166.90,4164.40,4164.50,148,187,335,-39.00,2.00,-63.00,3.20,62.5,-18,489,0.6154,0.0120,-185.00,-150.00,4174.62,-0.8593,DOWN,208.20,1.6090,2.3897
20260619 110137 446,4164.40,1,4164.30,4164.40,0.10,4164.30,9,4164.20,1,4164.10,6,4164.00,14,4163.90,3,4163.80,5,4163.70,4,4163.60,4,4163.50,8,4163.40,8,4164.40,1,4164.50,4,4164.60,3,4164.70,2,4164.80,6,4164.90,8,4165.00,7,4165.10,5,4165.20,6,4165.30,12,Sell,67,151,218,-84.00,12.00,-84.00,2.50,60.0,4165.90,4166.90,4164.40,4164.40,148,187,335,-39.00,2.00,-63.00,3.20,62.5,-18,489,0.6154,0.0000,-186.00,-151.00,4174.61,-0.8625,DOWN,208.20,1.6090,2.3897
20260619 110137 447,4164.30,1,4164.30,4164.40,0.10,4164.30,9,4164.20,1,4164.10,6,4164.00,14,4163.90,3,4163.80,5,4163.70,4,4163.60,4,4163.50,8,4163.40,8,4164.40,1,4164.50,4,4164.60,3,4164.70,2,4164.80,6,4164.90,8,4165.00,7,4165.10,5,4165.20,6,4165.30,12,Sell,67,152,219,-85.00,12.00,-85.00,2.60,61.5,4165.90,4166.90,4164.30,4164.30,148,187,335,-39.00,2.00,-63.00,3.20,62.5,-18,489,0.6154,0.0000,-187.00,-152.00,4174.60,-0.8657,DOWN,208.20,1.6090,2.3968
20260619 110137 447,4164.30,1,4164.30,4164.50,0.20,4164.30,9,4164.10,6,4164.00,14,4163.90,3,4163.80,5,4163.70,4,4163.60,4,4163.50,8,4163.40,8,4163.30,9,4164.50,4,4164.60,4,4164.70,3,4164.80,6,4164.90,8,4165.00,7,4165.10,5,4165.20,6,4165.30,12,4165.40,14,Sell,67,153,220,-86.00,12.00,-86.00,2.60,61.5,4165.90,4166.90,4164.30,4164.30,148,187,335,-39.00,2.00,-63.00,3.20,62.5,-18,489,0.6154,0.0000,-188.00,-153.00,4174.60,-0.8657,DOWN,208.20,1.6090,2.3968
20260619 110137 447,4164.30,1,4164.30,4164.50,0.20,4164.30,9,4164.10,6,4164.00,14,4163.90,3,4163.80,5,4163.70,4,4163.60,4,4163.50,8,4163.40,8,4163.30,9,4164.50,4,4164.60,4,4164.70,3,4164.80,6,4164.90,8,4165.00,7,4165.10,5,4165.20,6,4165.30,12,4165.40,14,Sell,67,154,221,-87.00,12.00,-87.00,2.60,61.5,4165.90,4166.90,4164.30,4164.30,148,187,335,-39.00,2.00,-63.00,3.20,62.5,-18,489,0.6154,0.0000,-189.00,-154.00,4174.60,-0.8657,DOWN,208.20,1.6090,2.3968
20260619 110137 480,4164.40,1,4164.30,4164.50,0.20,4164.30,9,4164.10,6,4164.00,14,4163.90,3,4163.80,5,4163.70,4,4163.60,4,4163.50,8,4163.40,8,4163.30,9,4164.50,4,4164.60,4,4164.70,3,4164.80,6,4164.90,8,4165.00,7,4165.10,5,4165.20,6,4165.30,12,4165.40,14,Buy,68,154,222,-86.00,12.00,-87.00,2.60,57.7,4165.90,4166.90,4164.30,4164.40,148,187,335,-39.00,2.00,-63.00,3.20,62.5,-18,489,0.6154,0.0116,-188.00,-153.00,4174.61,-0.8625,DOWN,208.20,1.6090,2.3968
20260619 110140 798,4164.30,1,4164.10,4164.40,0.30,4164.10,2,4164.00,11,4163.90,1,4163.80,4,4163.70,4,4163.60,3,4163.50,3,4163.40,3,4163.30,4,4163.20,9,4164.40,5,4164.50,4,4164.60,5,4164.70,3,4164.80,6,4164.90,8,4165.00,7,4165.10,13,4165.20,13,4165.30,14,Sell,68,155,223,-87.00,12.00,-87.00,2.60,61.5,4165.90,4166.90,4164.30,4164.30,148,187,335,-39.00,2.00,-63.00,3.20,62.5,-18,489,0.6154,0.0000,-189.00,-154.00,4174.60,-0.8657,DOWN,208.20,1.6090,2.3968
20260619 110140 798,4164.30,3,4164.10,4164.40,0.30,4164.10,2,4164.00,11,4163.90,1,4163.80,4,4163.70,4,4163.60,3,4163.50,3,4163.40,3,4163.30,4,4163.20,9,4164.40,5,4164.50,4,4164.60,5,4164.70,3,4164.80,6,4164.90,8,4165.00,7,4165.10,13,4165.20,13,4165.30,14,Sell,68,158,226,-90.00,12.00,-90.00,2.60,61.5,4165.90,4166.90,4164.30,4164.30,148,187,335,-39.00,2.00,-63.00,3.20,62.5,-18,489,0.6154,0.0000,-192.00,-157.00,4174.60,-0.8657,DOWN,208.20,1.6090,2.3968
20260619 110140 798,4164.30,5,4164.10,4164.40,0.30,4164.10,2,4164.00,11,4163.90,1,4163.80,4,4163.70,4,4163.60,3,4163.50,3,4163.40,3,4163.30,4,4163.20,9,4164.40,5,4164.50,4,4164.60,5,4164.70,3,4164.80,6,4164.90,8,4165.00,7,4165.10,13,4165.20,13,4165.30,14,Sell,68,163,231,-95.00,12.00,-95.00,2.60,61.5,4165.90,4166.90,4164.30,4164.30,148,187,335,-39.00,2.00,-63.00,3.20,62.5,-18,489,0.6154,0.0000,-197.00,-162.00,4174.60,-0.8657,DOWN,208.20,1.6090,2.3968
20260619 110140 819,4164.10,1,4164.10,4164.40,0.30,4164.10,2,4164.00,11,4163.90,1,4163.80,4,4163.70,4,4163.60,3,4163.50,3,4163.40,3,4163.30,4,4163.20,9,4164.40,5,4164.50,4,4164.60,5,4164.70,3,4164.80,6,4164.90,8,4165.00,7,4165.10,13,4165.20,13,4165.30,14,Sell,68,164,232,-96.00,12.00,-96.00,2.80,64.3,4165.90,4166.90,4164.10,4164.10,148,187,335,-39.00,2.00,-63.00,3.20,62.5,-18,489,0.6154,0.0000,-198.00,-163.00,4174.59,-0.8720,DOWN,208.20,1.6090,2.4111
20260619 110140 819,4164.10,2,4164.10,4164.40,0.30,4164.10,2,4164.00,11,4163.90,1,4163.80,4,4163.70,4,4163.60,3,4163.50,3,4163.40,3,4163.30,4,4163.20,9,4164.40,5,4164.50,4,4164.60,5,4164.70,3,4164.80,6,4164.90,8,4165.00,7,4165.10,13,4165.20,13,4165.30,14,Sell,68,166,234,-98.00,12.00,-98.00,2.80,64.3,4165.90,4166.90,4164.10,4164.10,148,187,335,-39.00,2.00,-63.00,3.20,62.5,-18,489,0.6154,0.0000,-200.00,-165.00,4174.59,-0.8720,DOWN,208.20,1.6090,2.4111
20260619 110140 873,4164.10,1,4164.10,4164.30,0.20,4164.10,1,4164.00,11,4163.90,2,4163.80,5,4163.70,4,4163.60,4,4163.50,3,4163.40,8,4163.30,9,4163.20,9,4164.30,2,4164.40,5,4164.50,5,4164.60,5,4164.70,3,4164.80,5,4164.90,8,4165.00,7,4165.10,13,4165.20,13,Sell,68,167,235,-99.00,12.00,-99.00,2.80,64.3,4165.90,4166.90,4164.10,4164.10,148,187,335,-39.00,2.00,-63.00,3.20,62.5,-18,489,0.6154,0.0000,-201.00,-166.00,4174.59,-0.8720,DOWN,208.20,1.6090,2.4111
20260619 110140 895,4164.30,1,4164.10,4164.30,0.20,4164.10,1,4164.00,11,4163.90,2,4163.80,5,4163.70,4,4163.60,4,4163.50,3,4163.40,8,4163.30,9,4163.20,9,4164.30,2,4164.40,5,4164.50,5,4164.60,5,4164.70,3,4164.80,5,4164.90,8,4165.00,7,4165.10,13,4165.20,13,Buy,69,167,236,-98.00,12.00,-99.00,2.80,57.1,4165.90,4166.90,4164.10,4164.30,148,187,335,-39.00,2.00,-63.00,3.20,62.5,-18,489,0.6154,0.0102,-200.00,-165.00,4174.60,-0.8657,DOWN,208.20,1.6090,2.4111
20260619 110140 902,4164.20,1,4164.10,4164.30,0.20,4164.10,1,4164.00,11,4163.90,2,4163.80,5,4163.70,4,4163.60,4,4163.50,3,4163.40,8,4163.30,9,4163.20,9,4164.30,2,4164.40,5,4164.50,5,4164.60,5,4164.70,3,4164.80,5,4164.90,8,4165.00,7,4165.10,13,4165.20,13,Sell,69,168,237,-99.00,12.00,-99.00,2.80,60.7,4165.90,4166.90,4164.10,4164.20,148,187,335,-39.00,2.00,-63.00,3.20,62.5,-18,489,0.6154,0.0000,-201.00,-166.00,4174.60,-0.8689,DOWN,208.20,1.6090,2.4111
20260619 110140 983,4164.10,1,4164.00,4164.30,0.30,4164.00,13,4163.90,1,4163.80,5,4163.70,4,4163.60,3,4163.50,3,4163.40,8,4163.30,9,4163.20,9,4163.10,9,4164.30,1,4164.40,5,4164.50,5,4164.60,5,4164.70,3,4164.80,5,4164.90,8,4165.00,7,4165.10,13,4165.20,13,Sell,69,169,238,-100.00,12.00,-100.00,2.80,64.3,4165.90,4166.90,4164.10,4164.10,148,187,335,-39.00,2.00,-63.00,3.20,62.5,-18,489,0.6154,0.0000,-202.00,-167.00,4174.59,-0.8720,DOWN,208.20,1.6090,2.4111
20260619 110143 026,4164.20,1,4164.00,4164.20,0.20,4164.00,10,4163.90,1,4163.80,4,4163.70,4,4163.60,3,4163.50,3,4163.40,3,4163.30,9,4163.20,9,4163.10,9,4164.20,3,4164.30,4,4164.40,6,4164.50,7,4164.60,8,4164.70,4,4164.80,6,4164.90,8,4165.00,7,4165.10,13,Buy,70,169,239,-99.00,12.00,-100.00,2.80,60.7,4165.90,4166.90,4164.10,4164.20,148,187,335,-39.00,2.00,-63.00,3.20,62.5,-18,489,0.6154,0.0101,-201.00,-166.00,4174.60,-0.8689,DOWN,208.20,1.6090,2.4111
20260619 110143 107,4164.00,1,4164.00,4164.10,0.10,4163.80,4,4163.70,2,4163.60,3,4163.50,3,4163.40,3,4163.30,4,4163.20,9,4163.10,9,4163.00,12,4162.90,9,4164.00,2,4164.10,6,4164.20,5,4164.30,6,4164.40,6,4164.50,7,4164.60,8,4164.70,4,4164.80,6,4164.90,16,Sell,70,170,240,-100.00,12.00,-100.00,2.90,65.5,4165.90,4166.90,4164.00,4164.00,148,187,335,-39.00,2.00,-63.00,3.20,62.5,-18,489,0.6154,0.0000,-202.00,-167.00,4174.58,-0.8752,DOWN,208.20,1.6090,2.4182
20260619 110143 107,4164.00,1,4164.00,4164.10,0.10,4163.80,4,4163.70,2,4163.60,3,4163.50,3,4163.40,3,4163.30,4,4163.20,9,4163.10,9,4163.00,12,4162.90,9,4164.00,2,4164.10,6,4164.20,5,4164.30,6,4164.40,6,4164.50,7,4164.60,8,4164.70,4,4164.80,6,4164.90,16,Sell,70,171,241,-101.00,12.00,-101.00,2.90,65.5,4165.90,4166.90,4164.00,4164.00,148,187,335,-39.00,2.00,-63.00,3.20,62.5,-18,489,0.6154,0.0000,-203.00,-168.00,4174.58,-0.8752,DOWN,208.20,1.6090,2.4182
20260619 110143 108,4164.00,1,4164.00,4164.10,0.10,4163.80,4,4163.70,2,4163.60,3,4163.50,3,4163.40,3,4163.30,4,4163.20,9,4163.10,9,4163.00,12,4162.90,9,4164.00,2,4164.10,6,4164.20,5,4164.30,6,4164.40,6,4164.50,7,4164.60,8,4164.70,4,4164.80,6,4164.90,16,Sell,70,172,242,-102.00,12.00,-102.00,2.90,65.5,4165.90,4166.90,4164.00,4164.00,148,187,335,-39.00,2.00,-63.00,3.20,62.5,-18,489,0.6154,0.0000,-204.00,-169.00,4174.58,-0.8752,DOWN,208.20,1.6090,2.4182
20260619 110143 108,4164.00,1,4164.00,4164.10,0.10,4163.80,4,4163.70,2,4163.60,3,4163.50,3,4163.40,3,4163.30,4,4163.20,9,4163.10,9,4163.00,12,4162.90,9,4164.00,2,4164.10,6,4164.20,5,4164.30,6,4164.40,6,4164.50,7,4164.60,8,4164.70,4,4164.80,6,4164.90,16,Sell,70,173,243,-103.00,12.00,-103.00,2.90,65.5,4165.90,4166.90,4164.00,4164.00,148,187,335,-39.00,2.00,-63.00,3.20,62.5,-18,489,0.6154,0.0000,-205.00,-170.00,4174.58,-0.8752,DOWN,208.20,1.6090,2.4182
20260619 110143 108,4164.00,1,4164.00,4164.10,0.10,4163.80,4,4163.70,2,4163.60,3,4163.50,3,4163.40,3,4163.30,4,4163.20,9,4163.10,9,4163.00,12,4162.90,9,4164.00,2,4164.10,6,4164.20,5,4164.30,6,4164.40,6,4164.50,7,4164.60,8,4164.70,4,4164.80,6,4164.90,16,Sell,70,174,244,-104.00,12.00,-104.00,2.90,65.5,4165.90,4166.90,4164.00,4164.00,148,187,335,-39.00,2.00,-63.00,3.20,62.5,-18,489,0.6154,0.0000,-206.00,-171.00,4174.58,-0.8752,DOWN,208.20,1.6090,2.4182
20260619 110143 108,4164.00,3,4164.00,4164.10,0.10,4163.80,4,4163.70,2,4163.60,3,4163.50,3,4163.40,3,4163.30,4,4163.20,9,4163.10,9,4163.00,12,4162.90,9,4164.00,2,4164.10,6,4164.20,5,4164.30,6,4164.40,6,4164.50,7,4164.60,8,4164.70,4,4164.80,6,4164.90,16,Sell,70,177,247,-107.00,12.00,-107.00,2.90,65.5,4165.90,4166.90,4164.00,4164.00,148,187,335,-39.00,2.00,-63.00,3.20,62.5,-18,489,0.6154,0.0000,-209.00,-174.00,4174.58,-0.8752,DOWN,208.20,1.6090,2.4182
20260619 110143 108,4164.00,1,4164.00,4164.10,0.10,4163.80,4,4163.70,2,4163.60,3,4163.50,3,4163.40,3,4163.30,4,4163.20,9,4163.10,9,4163.00,12,4162.90,9,4164.00,2,4164.10,6,4164.20,5,4164.30,6,4164.40,6,4164.50,7,4164.60,8,4164.70,4,4164.80,6,4164.90,16,Sell,70,178,248,-108.00,12.00,-108.00,2.90,65.5,4165.90,4166.90,4164.00,4164.00,148,187,335,-39.00,2.00,-63.00,3.20,62.5,-18,489,0.6154,0.0000,-210.00,-175.00,4174.58,-0.8752,DOWN,208.20,1.6090,2.4182
20260619 110143 108,4164.00,1,4164.00,4164.10,0.10,4163.80,4,4163.70,2,4163.60,3,4163.50,3,4163.40,3,4163.30,4,4163.20,9,4163.10,9,4163.00,12,4162.90,9,4164.00,2,4164.10,6,4164.20,5,4164.30,6,4164.40,6,4164.50,7,4164.60,8,4164.70,4,4164.80,6,4164.90,16,Sell,70,179,249,-109.00,12.00,-109.00,2.90,65.5,4165.90,4166.90,4164.00,4164.00,148,187,335,-39.00,2.00,-63.00,3.20,62.5,-18,489,0.6154,0.0000,-211.00,-176.00,4174.58,-0.8752,DOWN,208.20,1.6090,2.4182
20260619 110143 529,4163.80,2,4163.80,4164.00,0.20,4163.80,3,4163.70,4,4163.60,5,4163.50,1,4163.40,3,4163.30,4,4163.20,4,4163.10,4,4163.00,12,4162.90,9,4164.00,4,4164.10,4,4164.20,5,4164.30,4,4164.40,5,4164.50,7,4164.60,7,4164.70,12,4164.80,14,4164.90,15,Sell,70,181,251,-111.00,12.00,-111.00,3.10,67.7,4165.90,4166.90,4163.80,4163.80,148,187,335,-39.00,2.00,-63.00,3.20,62.5,-18,489,0.6154,0.0000,-213.00,-178.00,4174.56,-0.8816,DOWN,208.20,1.6090,2.4325
20260619 110143 529,4163.80,2,4163.80,4164.00,0.20,4163.80,3,4163.70,4,4163.60,5,4163.50,1,4163.40,3,4163.30,4,4163.20,4,4163.10,4,4163.00,12,4162.90,9,4164.00,4,4164.10,4,4164.20,5,4164.30,4,4164.40,5,4164.50,7,4164.60,7,4164.70,12,4164.80,14,4164.90,15,Sell,70,183,253,-113.00,12.00,-113.00,3.10,67.7,4165.90,4166.90,4163.80,4163.80,148,187,335,-39.00,2.00,-63.00,3.20,62.5,-18,489,0.6154,0.0000,-215.00,-180.00,4174.56,-0.8816,DOWN,208.20,1.6090,2.4325
20260619 110146 398,4163.80,1,4163.60,4163.80,0.20,4163.60,2,4163.50,2,4163.40,3,4163.30,5,4163.20,4,4163.10,5,4163.00,7,4162.90,9,4162.80,8,4162.70,8,4163.80,3,4163.90,4,4164.00,7,4164.10,4,4164.20,5,4164.30,5,4164.40,6,4164.50,7,4164.60,15,4164.70,12,Sell,70,184,254,-114.00,12.00,-114.00,3.10,67.7,4165.90,4166.90,4163.80,4163.80,148,187,335,-39.00,2.00,-63.00,3.20,62.5,-18,489,0.6154,0.0000,-216.00,-181.00,4174.56,-0.8816,DOWN,208.20,1.6090,2.4325
20260619 110146 398,4163.80,1,4163.60,4163.80,0.20,4163.60,2,4163.50,2,4163.40,3,4163.30,5,4163.20,4,4163.10,5,4163.00,7,4162.90,9,4162.80,8,4162.70,8,4163.80,3,4163.90,4,4164.00,7,4164.10,4,4164.20,5,4164.30,5,4164.40,6,4164.50,7,4164.60,15,4164.70,12,Sell,70,185,255,-115.00,12.00,-115.00,3.10,67.7,4165.90,4166.90,4163.80,4163.80,148,187,335,-39.00,2.00,-63.00,3.20,62.5,-18,489,0.6154,0.0000,-217.00,-182.00,4174.56,-0.8816,DOWN,208.20,1.6090,2.4325
20260619 110146 960,4163.60,1,4163.40,4163.60,0.20,4163.40,3,4163.30,3,4163.20,3,4163.10,5,4163.00,7,4162.90,4,4162.80,8,4162.70,8,4162.60,9,4162.50,8,4163.60,1,4163.70,3,4163.80,3,4163.90,5,4164.00,9,4164.10,7,4164.20,6,4164.30,5,4164.40,14,4164.50,14,Sell,70,186,256,-116.00,12.00,-116.00,3.30,69.7,4165.90,4166.90,4163.60,4163.60,148,187,335,-39.00,2.00,-63.00,3.20,62.5,-18,489,0.6154,0.0000,-218.00,-183.00,4174.54,-0.8879,DOWN,208.20,1.6090,2.4468
20260619 110146 960,4163.40,1,4163.40,4163.60,0.20,4163.40,3,4163.30,3,4163.20,3,4163.10,5,4163.00,7,4162.90,4,4162.80,8,4162.70,8,4162.60,9,4162.50,8,4163.60,1,4163.70,3,4163.80,3,4163.90,5,4164.00,9,4164.10,7,4164.20,6,4164.30,5,4164.40,14,4164.50,14,Sell,70,187,257,-117.00,12.00,-117.00,3.50,71.4,4165.90,4166.90,4163.40,4163.40,148,187,335,-39.00,2.00,-63.00,3.20,62.5,-18,489,0.6154,0.0000,-219.00,-184.00,4174.52,-0.8943,DOWN,208.20,1.6090,2.4611
20260619 110146 960,4163.40,1,4163.40,4163.60,0.20,4163.40,3,4163.30,3,4163.20,3,4163.10,5,4163.00,7,4162.90,4,4162.80,8,4162.70,8,4162.60,9,4162.50,8,4163.60,1,4163.70,3,4163.80,3,4163.90,5,4164.00,9,4164.10,7,4164.20,6,4164.30,5,4164.40,14,4164.50,14,Sell,70,188,258,-118.00,12.00,-118.00,3.50,71.4,4165.90,4166.90,4163.40,4163.40,148,187,335,-39.00,2.00,-63.00,3.20,62.5,-18,489,0.6154,0.0000,-220.00,-185.00,4174.52,-0.8943,DOWN,208.20,1.6090,2.4611
20260619 110147 765,4163.40,1,4163.40,4163.60,0.20,4163.40,3,4163.30,3,4163.20,4,4163.10,6,4163.00,8,4162.90,4,4162.80,8,4162.70,8,4162.60,9,4162.50,8,4163.60,1,4163.70,3,4163.80,3,4163.90,5,4164.00,9,4164.10,7,4164.20,6,4164.30,5,4164.40,14,4164.50,14,Sell,70,189,259,-119.00,12.00,-119.00,3.50,71.4,4165.90,4166.90,4163.40,4163.40,148,187,335,-39.00,2.00,-63.00,3.20,62.5,-18,489,0.6154,0.0000,-221.00,-186.00,4174.52,-0.8943,DOWN,208.20,1.6090,2.4611
20260619 110147 896,4163.60,1,4163.50,4163.60,0.10,4163.50,3,4163.40,5,4163.30,4,4163.20,4,4163.10,6,4163.00,8,4162.90,4,4162.80,8,4162.70,8,4162.60,9,4163.70,3,4163.80,3,4163.90,5,4164.00,9,4164.10,7,4164.20,6,4164.30,5,4164.40,14,4164.50,14,4164.60,15,Buy,71,189,260,-118.00,12.00,-119.00,3.50,65.7,4165.90,4166.90,4163.40,4163.60,148,187,335,-39.00,2.00,-63.00,3.20,62.5,-18,489,0.6154,0.0085,-220.00,-185.00,4174.54,-0.8879,DOWN,208.20,1.6090,2.4611
20260619 110148 168,4163.80,1,4163.70,4163.90,0.20,4163.70,3,4163.60,4,4163.50,4,4163.40,4,4163.30,5,4163.20,5,4163.10,6,4163.00,8,4162.90,4,4162.80,8,4163.90,2,4164.00,7,4164.10,7,4164.20,6,4164.30,5,4164.40,14,4164.50,14,4164.60,15,4164.70,12,4164.80,15,Buy,72,189,261,-117.00,12.00,-119.00,3.50,60.0,4165.90,4166.90,4163.40,4163.80,148,187,335,-39.00,2.00,-63.00,3.20,62.5,-18,489,0.6154,0.0171,-219.00,-184.00,4174.56,-0.8816,DOWN,208.20,1.6090,2.4611
20260619 110148 269,4163.90,1,4163.80,4163.90,0.10,4163.80,2,4163.70,4,4163.60,4,4163.50,4,4163.40,4,4163.30,5,4163.20,6,4163.10,6,4163.00,8,4162.90,9,4164.00,5,4164.10,4,4164.20,6,4164.30,4,4164.40,14,4164.50,14,4164.60,15,4164.70,12,4164.80,15,4164.90,15,Buy,73,189,262,-116.00,12.00,-119.00,3.50,57.1,4165.90,4166.90,4163.40,4163.90,148,187,335,-39.00,2.00,-63.00,3.20,62.5,-18,489,0.6154,0.0259,-218.00,-183.00,4174.57,-0.8784,DOWN,208.20,1.6090,2.4611
20260619 110148 466,4163.70,1,4163.70,4163.90,0.20,4163.70,3,4163.60,4,4163.50,4,4163.40,5,4163.30,5,4163.20,6,4163.10,6,4163.00,8,4162.90,9,4162.80,8,4163.90,3,4164.00,6,4164.10,4,4164.20,5,4164.30,4,4164.40,6,4164.50,6,4164.60,15,4164.70,12,4164.80,15,Sell,73,190,263,-117.00,12.00,-119.00,3.50,62.9,4165.90,4166.90,4163.40,4163.70,148,187,335,-39.00,2.00,-63.00,3.20,62.5,-18,489,0.6154,0.0171,-219.00,-184.00,4174.55,-0.8847,DOWN,208.20,1.6090,2.4611
20260619 110148 606,4163.70,1,4163.70,4164.00,0.30,4163.70,2,4163.60,4,4163.50,4,4163.40,5,4163.30,5,4163.20,6,4163.10,6,4163.00,8,4162.90,9,4162.80,8,4164.00,6,4164.10,4,4164.20,5,4164.30,4,4164.40,6,4164.50,6,4164.60,15,4164.70,12,4164.80,15,4164.90,15,Sell,73,191,264,-118.00,12.00,-119.00,3.50,62.9,4165.90,4166.90,4163.40,4163.70,148,187,335,-39.00,2.00,-63.00,3.20,62.5,-18,489,0.6154,0.0085,-220.00,-185.00,4174.55,-0.8847,DOWN,208.20,1.6090,2.4611
20260619 110148 934,4163.80,1,4163.70,4164.00,0.30,4163.70,3,4163.60,4,4163.50,4,4163.40,6,4163.30,5,4163.20,6,4163.10,6,4163.00,8,4162.90,9,4162.80,8,4164.00,7,4164.10,4,4164.20,5,4164.30,4,4164.40,6,4164.50,6,4164.60,15,4164.70,12,4164.80,15,4164.90,15,Sell,73,192,265,-119.00,12.00,-119.00,3.50,60.0,4165.90,4166.90,4163.40,4163.80,148,187,335,-39.00,2.00,-63.00,3.20,62.5,-18,489,0.6154,0.0000,-221.00,-186.00,4174.56,-0.8816,DOWN,208.20,1.6090,2.4611
20260619 110149 364,4164.00,3,4163.70,4164.00,0.30,4163.70,3,4163.60,4,4163.50,4,4163.40,6,4163.30,5,4163.20,6,4163.10,6,4163.00,8,4162.90,9,4162.80,8,4164.00,3,4164.10,4,4164.20,5,4164.30,4,4164.40,6,4164.50,6,4164.60,15,4164.70,12,4164.80,15,4164.90,15,Buy,76,192,268,-116.00,12.00,-119.00,3.50,54.3,4165.90,4166.90,4163.40,4164.00,148,187,335,-39.00,2.00,-63.00,3.20,62.5,-18,489,0.6154,0.0259,-218.00,-183.00,4174.58,-0.8752,DOWN,208.20,1.6090,2.4611
20260619 110149 902,4164.00,1,4164.10,4164.30,0.20,4164.20,2,4164.10,3,4164.00,4,4163.90,6,4163.80,5,4163.70,4,4163.60,4,4163.50,5,4163.40,8,4163.30,6,4164.40,5,4164.50,5,4164.60,7,4164.70,3,4164.80,7,4164.90,15,4165.00,14,4165.10,13,4165.20,13,4165.30,14,Buy,77,192,269,-115.00,12.00,-119.00,3.50,54.3,4165.90,4166.90,4163.40,4164.00,148,187,335,-39.00,2.00,-63.00,3.20,62.5,-18,489,0.6154,0.0348,-217.00,-182.00,4174.58,-0.8752,DOWN,208.20,1.6090,2.4611
20260619 110149 902,4164.00,1,4164.10,4164.30,0.20,4164.20,2,4164.10,3,4164.00,4,4163.90,6,4163.80,5,4163.70,4,4163.60,4,4163.50,5,4163.40,8,4163.30,6,4164.40,5,4164.50,5,4164.60,7,4164.70,3,4164.80,7,4164.90,15,4165.00,14,4165.10,13,4165.20,13,4165.30,14,Buy,78,192,270,-114.00,12.00,-119.00,3.50,54.3,4165.90,4166.90,4163.40,4164.00,148,187,335,-39.00,2.00,-63.00,3.20,62.5,-18,489,0.6154,0.0439,-216.00,-181.00,4174.58,-0.8752,DOWN,208.20,1.6090,2.4611
20260619 110149 902,4164.00,1,4164.10,4164.30,0.20,4164.20,2,4164.10,3,4164.00,4,4163.90,6,4163.80,5,4163.70,4,4163.60,4,4163.50,5,4163.40,8,4163.30,6,4164.40,5,4164.50,5,4164.60,7,4164.70,3,4164.80,7,4164.90,15,4165.00,14,4165.10,13,4165.20,13,4165.30,14,Buy,79,192,271,-113.00,12.00,-119.00,3.50,54.3,4165.90,4166.90,4163.40,4164.00,148,187,335,-39.00,2.00,-63.00,3.20,62.5,-18,489,0.6154,0.0531,-215.00,-180.00,4174.58,-0.8752,DOWN,208.20,1.6090,2.4611
20260619 110149 905,4164.10,1,4164.10,4164.30,0.20,4164.20,2,4164.10,3,4164.00,4,4163.90,6,4163.80,5,4163.70,4,4163.60,4,4163.50,5,4163.40,8,4163.30,6,4164.40,5,4164.50,5,4164.60,7,4164.70,3,4164.80,7,4164.90,15,4165.00,14,4165.10,13,4165.20,13,4165.30,14,Buy,80,192,272,-112.00,12.00,-119.00,3.50,51.4,4165.90,4166.90,4163.40,4164.10,148,187,335,-39.00,2.00,-63.00,3.20,62.5,-18,489,0.6154,0.0625,-214.00,-179.00,4174.59,-0.8720,DOWN,208.20,1.6090,2.4611
20260619 110149 905,4164.10,1,4164.10,4164.30,0.20,4164.20,2,4164.10,3,4164.00,4,4163.90,6,4163.80,5,4163.70,4,4163.60,4,4163.50,5,4163.40,8,4163.30,6,4164.40,5,4164.50,5,4164.60,7,4164.70,3,4164.80,7,4164.90,15,4165.00,14,4165.10,13,4165.20,13,4165.30,14,Buy,81,192,273,-111.00,12.00,-119.00,3.50,51.4,4165.90,4166.90,4163.40,4164.10,148,187,335,-39.00,2.00,-63.00,3.20,62.5,-18,489,0.6154,0.0721,-213.00,-178.00,4174.59,-0.8720,DOWN,208.20,1.6090,2.4611
20260619 110149 912,4164.10,1,4164.10,4164.30,0.20,4164.20,2,4164.10,3,4164.00,4,4163.90,6,4163.80,5,4163.70,4,4163.60,4,4163.50,5,4163.40,8,4163.30,6,4164.40,5,4164.50,5,4164.60,7,4164.70,3,4164.80,7,4164.90,15,4165.00,14,4165.10,13,4165.20,13,4165.30,14,Sell,81,193,274,-112.00,12.00,-119.00,3.50,51.4,4165.90,4166.90,4163.40,4164.10,148,187,335,-39.00,2.00,-63.00,3.20,62.5,-18,489,0.6154,0.0625,-214.00,-179.00,4174.59,-0.8720,DOWN,208.20,1.6090,2.4611
20260619 110149 955,4164.20,1,4164.10,4164.30,0.20,4164.20,2,4164.10,3,4164.00,4,4163.90,6,4163.80,5,4163.70,4,4163.60,4,4163.50,5,4163.40,8,4163.30,6,4164.40,5,4164.50,5,4164.60,7,4164.70,3,4164.80,7,4164.90,15,4165.00,14,4165.10,13,4165.20,13,4165.30,14,Sell,81,194,275,-113.00,12.00,-119.00,3.50,48.6,4165.90,4166.90,4163.40,4164.20,148,187,335,-39.00,2.00,-63.00,3.20,62.5,-18,489,0.6154,0.0531,-215.00,-180.00,4174.60,-0.8689,DOWN,208.20,1.6090,2.4611
20260619 110149 955,4164.20,1,4164.10,4164.30,0.20,4164.20,2,4164.10,3,4164.00,4,4163.90,6,4163.80,5,4163.70,4,4163.60,4,4163.50,5,4163.40,8,4163.30,6,4164.40,5,4164.50,5,4164.60,7,4164.70,3,4164.80,7,4164.90,15,4165.00,14,4165.10,13,4165.20,13,4165.30,14,Sell,81,195,276,-114.00,12.00,-119.00,3.50,48.6,4165.90,4166.90,4163.40,4164.20,148,187,335,-39.00,2.00,-63.00,3.20,62.5,-18,489,0.6154,0.0439,-216.00,-181.00,4174.60,-0.8689,DOWN,208.20,1.6090,2.4611
20260619 110149 957,4164.10,1,4164.10,4164.30,0.20,4164.20,2,4164.10,3,4164.00,4,4163.90,6,4163.80,5,4163.70,4,4163.60,4,4163.50,5,4163.40,8,4163.30,6,4164.40,5,4164.50,5,4164.60,7,4164.70,3,4164.80,7,4164.90,15,4165.00,14,4165.10,13,4165.20,13,4165.30,14,Sell,81,196,277,-115.00,12.00,-119.00,3.50,51.4,4165.90,4166.90,4163.40,4164.10,148,187,335,-39.00,2.00,-63.00,3.20,62.5,-18,489,0.6154,0.0348,-217.00,-182.00,4174.59,-0.8720,DOWN,208.20,1.6090,2.4611
20260619 110149 957,4164.10,1,4164.10,4164.30,0.20,4164.20,2,4164.10,3,4164.00,4,4163.90,6,4163.80,5,4163.70,4,4163.60,4,4163.50,5,4163.40,8,4163.30,6,4164.40,5,4164.50,5,4164.60,7,4164.70,3,4164.80,7,4164.90,15,4165.00,14,4165.10,13,4165.20,13,4165.30,14,Sell,81,197,278,-116.00,12.00,-119.00,3.50,51.4,4165.90,4166.90,4163.40,4164.10,148,187,335,-39.00,2.00,-63.00,3.20,62.5,-18,489,0.6154,0.0259,-218.00,-183.00,4174.59,-0.8720,DOWN,208.20,1.6090,2.4611
20260619 110149 964,4164.10,1,4164.00,4164.20,0.20,4164.00,1,4163.90,4,4163.80,4,4163.70,4,4163.60,4,4163.50,5,4163.40,8,4163.30,6,4163.20,11,4163.10,11,4164.20,3,4164.30,3,4164.40,4,4164.50,6,4164.60,7,4164.70,3,4164.80,7,4164.90,7,4165.00,14,4165.10,13,Buy,82,197,279,-115.00,12.00,-119.00,3.50,51.4,4165.90,4166.90,4163.40,4164.10,148,187,335,-39.00,2.00,-63.00,3.20,62.5,-18,489,0.6154,0.0348,-217.00,-182.00,4174.59,-0.8720,DOWN,208.20,1.6090,2.4611
20260619 110150 835,4164.30,1,4164.20,4164.50,0.30,4164.20,3,4164.10,4,4164.00,5,4163.90,5,4163.80,4,4163.70,7,4163.60,5,4163.50,7,4163.40,12,4163.30,10,4164.50,4,4164.60,6,4164.70,4,4164.80,8,4164.90,8,4165.00,7,4165.10,5,4165.20,5,4165.30,14,4165.40,13,Buy,83,197,280,-114.00,12.00,-119.00,3.50,45.7,4165.90,4166.90,4163.40,4164.30,148,187,335,-39.00,2.00,-63.00,3.20,62.5,-18,489,0.6154,0.0439,-216.00,-181.00,4174.60,-0.8657,DOWN,208.20,1.6090,2.4611
20260619 110150 835,4164.30,2,4164.20,4164.50,0.30,4164.20,3,4164.10,4,4164.00,5,4163.90,5,4163.80,4,4163.70,7,4163.60,5,4163.50,7,4163.40,12,4163.30,10,4164.50,4,4164.60,6,4164.70,4,4164.80,8,4164.90,8,4165.00,7,4165.10,5,4165.20,5,4165.30,14,4165.40,13,Buy,85,197,282,-112.00,12.00,-119.00,3.50,45.7,4165.90,4166.90,4163.40,4164.30,148,187,335,-39.00,2.00,-63.00,3.20,62.5,-18,489,0.6154,0.0625,-214.00,-179.00,4174.60,-0.8657,DOWN,208.20,1.6090,2.4611
20260619 110150 843,4164.30,1,4164.20,4164.50,0.30,4164.20,3,4164.10,4,4164.00,5,4163.90,5,4163.80,4,4163.70,7,4163.60,5,4163.50,7,4163.40,12,4163.30,10,4164.50,4,4164.60,6,4164.70,4,4164.80,8,4164.90,8,4165.00,7,4165.10,5,4165.20,5,4165.30,14,4165.40,13,Sell,85,198,283,-113.00,12.00,-119.00,3.50,45.7,4165.90,4166.90,4163.40,4164.30,148,187,335,-39.00,2.00,-63.00,3.20,62.5,-18,489,0.6154,0.0531,-215.00,-180.00,4174.60,-0.8657,DOWN,208.20,1.6090,2.4611
20260619 110150 845,4164.30,1,4164.20,4164.50,0.30,4164.20,3,4164.10,4,4164.00,5,4163.90,5,4163.80,4,4163.70,7,4163.60,5,4163.50,7,4163.40,12,4163.30,10,4164.50,4,4164.60,6,4164.70,4,4164.80,8,4164.90,8,4165.00,7,4165.10,5,4165.20,5,4165.30,14,4165.40,13,Buy,86,198,284,-112.00,12.00,-119.00,3.50,45.7,4165.90,4166.90,4163.40,4164.30,148,187,335,-39.00,2.00,-63.00,3.20,62.5,-18,489,0.6154,0.0625,-214.00,-179.00,4174.60,-0.8657,DOWN,208.20,1.6090,2.4611
20260619 110151 214,4164.30,1,4164.30,4164.50,0.20,4164.20,2,4164.10,4,4164.00,5,4163.90,5,4163.80,4,4163.70,7,4163.60,5,4163.50,7,4163.40,12,4163.30,10,4164.40,1,4164.50,5,4164.60,6,4164.70,4,4164.80,8,4164.90,8,4165.00,7,4165.10,5,4165.20,5,4165.30,14,Sell,86,199,285,-113.00,12.00,-119.00,3.50,45.7,4165.90,4166.90,4163.40,4164.30,148,187,335,-39.00,2.00,-63.00,3.20,62.5,-18,489,0.6154,0.0531,-215.00,-180.00,4174.60,-0.8657,DOWN,208.20,1.6090,2.4611
20260619 110151 550,4164.10,1,4164.10,4164.30,0.20,4164.10,1,4164.00,4,4163.90,5,4163.80,4,4163.70,7,4163.60,5,4163.50,7,4163.40,12,4163.30,10,4163.20,11,4164.30,1,4164.40,3,4164.50,4,4164.60,6,4164.70,4,4164.80,8,4164.90,8,4165.00,7,4165.10,13,4165.20,13,Sell,86,200,286,-114.00,12.00,-119.00,3.50,51.4,4165.90,4166.90,4163.40,4164.10,148,187,335,-39.00,2.00,-63.00,3.20,62.5,-18,489,0.6154,0.0439,-216.00,-181.00,4174.59,-0.8720,DOWN,208.20,1.6090,2.4611
20260619 110151 550,4164.10,1,4164.10,4164.30,0.20,4164.10,1,4164.00,4,4163.90,5,4163.80,4,4163.70,7,4163.60,5,4163.50,7,4163.40,12,4163.30,10,4163.20,11,4164.30,1,4164.40,3,4164.50,4,4164.60,6,4164.70,4,4164.80,8,4164.90,8,4165.00,7,4165.10,13,4165.20,13,Sell,86,201,287,-115.00,12.00,-119.00,3.50,51.4,4165.90,4166.90,4163.40,4164.10,148,187,335,-39.00,2.00,-63.00,3.20,62.5,-18,489,0.6154,0.0348,-217.00,-182.00,4174.59,-0.8720,DOWN,208.20,1.6090,2.4611
20260619 110151 550,4164.10,1,4164.10,4164.30,0.20,4164.10,1,4164.00,4,4163.90,5,4163.80,4,4163.70,7,4163.60,5,4163.50,7,4163.40,12,4163.30,10,4163.20,11,4164.30,1,4164.40,3,4164.50,4,4164.60,6,4164.70,4,4164.80,8,4164.90,8,4165.00,7,4165.10,13,4165.20,13,Sell,86,202,288,-116.00,12.00,-119.00,3.50,51.4,4165.90,4166.90,4163.40,4164.10,148,187,335,-39.00,2.00,-63.00,3.20,62.5,-18,489,0.6154,0.0259,-218.00,-183.00,4174.59,-0.8720,DOWN,208.20,1.6090,2.4611
20260619 110151 924,4164.10,1,4164.00,4164.20,0.20,4164.00,1,4163.90,3,4163.80,4,4163.70,4,4163.60,5,4163.50,7,4163.40,7,4163.30,10,4163.20,11,4163.10,11,4164.20,2,4164.30,4,4164.40,4,4164.50,4,4164.60,7,4164.70,4,4164.80,8,4164.90,8,4165.00,7,4165.10,13,Sell,86,203,289,-117.00,12.00,-119.00,3.50,51.4,4165.90,4166.90,4163.40,4164.10,148,187,335,-39.00,2.00,-63.00,3.20,62.5,-18,489,0.6154,0.0171,-219.00,-184.00,4174.59,-0.8720,DOWN,208.20,1.6090,2.4611
20260619 110152 303,4164.00,1,4164.00,4164.20,0.20,4163.90,2,4163.80,2,4163.70,4,4163.60,5,4163.50,7,4163.40,7,4163.30,10,4163.20,11,4163.10,11,4163.00,13,4164.20,5,4164.30,4,4164.40,4,4164.50,4,4164.60,7,4164.70,4,4164.80,8,4164.90,8,4165.00,7,4165.10,13,Sell,86,204,290,-118.00,12.00,-119.00,3.50,54.3,4165.90,4166.90,4163.40,4164.00,148,187,335,-39.00,2.00,-63.00,3.20,62.5,-18,489,0.6154,0.0085,-220.00,-185.00,4174.58,-0.8752,DOWN,208.20,1.6090,2.4611
20260619 110152 845,4164.00,1,4164.10,4164.30,0.20,4164.10,1,4164.00,6,4163.90,4,4163.80,3,4163.70,3,4163.60,5,4163.50,5,4163.40,6,4163.30,5,4163.20,6,4164.30,5,4164.40,4,4164.50,5,4164.60,9,4164.70,4,4164.80,8,4164.90,16,4165.00,15,4165.10,13,4165.20,13,Sell,86,205,291,-119.00,12.00,-119.00,3.50,54.3,4165.90,4166.90,4163.40,4164.00,148,187,335,-39.00,2.00,-63.00,3.20,62.5,-18,489,0.6154,0.0000,-221.00,-186.00,4174.58,-0.8752,DOWN,208.20,1.6090,2.4611
20260619 110152 846,4163.90,1,4164.10,4164.30,0.20,4164.10,1,4164.00,6,4163.90,4,4163.80,3,4163.70,3,4163.60,5,4163.50,5,4163.40,6,4163.30,5,4163.20,6,4164.30,5,4164.40,4,4164.50,5,4164.60,9,4164.70,4,4164.80,8,4164.90,16,4165.00,15,4165.10,13,4165.20,13,Sell,86,206,292,-120.00,12.00,-120.00,3.50,57.1,4165.90,4166.90,4163.40,4163.90,148,187,335,-39.00,2.00,-63.00,3.20,62.5,-18,489,0.6154,0.0000,-222.00,-187.00,4174.57,-0.8784,DOWN,208.20,1.6090,2.4611
20260619 110152 846,4163.90,1,4164.10,4164.30,0.20,4164.10,1,4164.00,6,4163.90,4,4163.80,3,4163.70,3,4163.60,5,4163.50,5,4163.40,6,4163.30,5,4163.20,6,4164.30,5,4164.40,4,4164.50,5,4164.60,9,4164.70,4,4164.80,8,4164.90,16,4165.00,15,4165.10,13,4165.20,13,Sell,86,207,293,-121.00,12.00,-121.00,3.50,57.1,4165.90,4166.90,4163.40,4163.90,148,187,335,-39.00,2.00,-63.00,3.20,62.5,-18,489,0.6154,0.0000,-223.00,-188.00,4174.57,-0.8784,DOWN,208.20,1.6090,2.4611
20260619 110152 868,4164.10,1,4164.10,4164.30,0.20,4164.10,1,4164.00,6,4163.90,4,4163.80,3,4163.70,3,4163.60,5,4163.50,5,4163.40,6,4163.30,5,4163.20,6,4164.30,5,4164.40,4,4164.50,5,4164.60,9,4164.70,4,4164.80,8,4164.90,16,4165.00,15,4165.10,13,4165.20,13,Buy,87,207,294,-120.00,12.00,-121.00,3.50,51.4,4165.90,4166.90,4163.40,4164.10,148,187,335,-39.00,2.00,-63.00,3.20,62.5,-18,489,0.6154,0.0083,-222.00,-187.00,4174.59,-0.8720,DOWN,208.20,1.6090,2.4611
20260619 110154 086,4164.30,1,4164.10,4164.30,0.20,4164.10,1,4164.00,4,4163.90,4,4163.80,4,4163.70,3,4163.60,5,4163.50,5,4163.40,7,4163.30,5,4163.20,11,4164.30,2,4164.40,4,4164.50,5,4164.60,9,4164.70,4,4164.80,8,4164.90,15,4165.00,15,4165.10,13,4165.20,13,Buy,88,207,295,-119.00,12.00,-121.00,3.50,45.7,4165.90,4166.90,4163.40,4164.30,148,187,335,-39.00,2.00,-63.00,3.20,62.5,-18,489,0.6154,0.0168,-221.00,-186.00,4174.60,-0.8657,DOWN,208.20,1.6090,2.4611
20260619 110155 228,4164.20,1,4164.10,4164.30,0.20,4164.10,2,4164.00,3,4163.90,6,4163.80,4,4163.70,3,4163.60,5,4163.50,5,4163.40,12,4163.30,10,4163.20,11,4164.30,2,4164.40,6,4164.50,4,4164.60,9,4164.70,4,4164.80,8,4164.90,7,4165.00,7,4165.10,13,4165.20,13,Buy,89,207,296,-118.00,12.00,-121.00,3.50,48.6,4165.90,4166.90,4163.40,4164.20,148,187,335,-39.00,2.00,-63.00,3.20,62.5,-18,489,0.6154,0.0254,-220.00,-185.00,4174.60,-0.8689,DOWN,208.20,1.6090,2.4611
20260619 110155 228,4164.20,1,4164.10,4164.30,0.20,4164.10,2,4164.00,3,4163.90,6,4163.80,4,4163.70,3,4163.60,5,4163.50,5,4163.40,12,4163.30,10,4163.20,11,4164.30,2,4164.40,6,4164.50,4,4164.60,9,4164.70,4,4164.80,8,4164.90,7,4165.00,7,4165.10,13,4165.20,13,Buy,90,207,297,-117.00,12.00,-121.00,3.50,48.6,4165.90,4166.90,4163.40,4164.20,148,187,335,-39.00,2.00,-63.00,3.20,62.5,-18,489,0.6154,0.0342,-219.00,-184.00,4174.60,-0.8689,DOWN,208.20,1.6090,2.4611
20260619 110155 706,4164.20,1,4164.10,4164.30,0.20,4164.10,1,4164.00,3,4163.90,6,4163.80,4,4163.70,3,4163.60,5,4163.50,7,4163.40,12,4163.30,10,4163.20,11,4164.30,2,4164.40,6,4164.50,5,4164.60,9,4164.70,4,4164.80,8,4164.90,7,4165.00,7,4165.10,13,4165.20,13,Buy,91,207,298,-116.00,12.00,-121.00,3.50,48.6,4165.90,4166.90,4163.40,4164.20,148,187,335,-39.00,2.00,-63.00,3.20,62.5,-18,489,0.6154,0.0431,-218.00,-183.00,4174.60,-0.8689,DOWN,208.20,1.6090,2.4611
20260619 110155 787,4164.20,1,4164.20,4164.40,0.20,4164.20,2,4164.10,3,4164.00,4,4163.90,6,4163.80,4,4163.70,3,4163.60,6,4163.50,12,4163.40,12,4163.30,10,4164.40,1,4164.50,3,4164.60,6,4164.70,3,4164.80,8,4164.90,7,4165.00,7,4165.10,14,4165.20,13,4165.30,14,Buy,92,207,299,-115.00,12.00,-121.00,3.50,48.6,4165.90,4166.90,4163.40,4164.20,148,187,335,-39.00,2.00,-63.00,3.20,62.5,-18,489,0.6154,0.0522,-217.00,-182.00,4174.60,-0.8689,DOWN,208.20,1.6090,2.4611
20260619 110155 787,4164.40,1,4164.20,4164.40,0.20,4164.20,2,4164.10,3,4164.00,4,4163.90,6,4163.80,4,4163.70,3,4163.60,6,4163.50,12,4163.40,12,4163.30,10,4164.40,1,4164.50,3,4164.60,6,4164.70,3,4164.80,8,4164.90,7,4165.00,7,4165.10,14,4165.20,13,4165.30,14,Buy,93,207,300,-114.00,12.00,-121.00,3.50,42.9,4165.90,4166.90,4163.40,4164.40,148,187,335,-39.00,2.00,-63.00,3.20,62.5,-18,489,0.6154,0.0614,-216.00,-181.00,4174.61,-0.8625,DOWN,208.20,1.6090,2.4611
20260619 110155 787,4164.40,1,4164.20,4164.40,0.20,4164.20,2,4164.10,3,4164.00,4,4163.90,6,4163.80,4,4163.70,3,4163.60,6,4163.50,12,4163.40,12,4163.30,10,4164.40,1,4164.50,3,4164.60,6,4164.70,3,4164.80,8,4164.90,7,4165.00,7,4165.10,14,4165.20,13,4165.30,14,Buy,94,207,301,-113.00,12.00,-121.00,3.50,42.9,4165.90,4166.90,4163.40,4164.40,148,187,335,-39.00,2.00,-63.00,3.20,62.5,-18,489,0.6154,0.0708,-215.00,-180.00,4174.61,-0.8625,DOWN,208.20,1.6090,2.4611
20260619 110155 787,4164.40,1,4164.20,4164.40,0.20,4164.20,2,4164.10,3,4164.00,4,4163.90,6,4163.80,4,4163.70,3,4163.60,6,4163.50,12,4163.40,12,4163.30,10,4164.40,1,4164.50,3,4164.60,6,4164.70,3,4164.80,8,4164.90,7,4165.00,7,4165.10,14,4165.20,13,4165.30,14,Buy,95,207,302,-112.00,12.00,-121.00,3.50,42.9,4165.90,4166.90,4163.40,4164.40,148,187,335,-39.00,2.00,-63.00,3.20,62.5,-18,489,0.6154,0.0804,-214.00,-179.00,4174.61,-0.8625,DOWN,208.20,1.6090,2.4611
20260619 110155 787,4164.40,1,4164.20,4164.40,0.20,4164.20,2,4164.10,3,4164.00,4,4163.90,6,4163.80,4,4163.70,3,4163.60,6,4163.50,12,4163.40,12,4163.30,10,4164.40,1,4164.50,3,4164.60,6,4164.70,3,4164.80,8,4164.90,7,4165.00,7,4165.10,14,4165.20,13,4165.30,14,Buy,96,207,303,-111.00,12.00,-121.00,3.50,42.9,4165.90,4166.90,4163.40,4164.40,148,187,335,-39.00,2.00,-63.00,3.20,62.5,-18,489,0.6154,0.0901,-213.00,-178.00,4174.61,-0.8625,DOWN,208.20,1.6090,2.4611
20260619 110155 787,4164.40,1,4164.20,4164.40,0.20,4164.20,2,4164.10,3,4164.00,4,4163.90,6,4163.80,4,4163.70,3,4163.60,6,4163.50,12,4163.40,12,4163.30,10,4164.40,1,4164.50,3,4164.60,6,4164.70,3,4164.80,8,4164.90,7,4165.00,7,4165.10,14,4165.20,13,4165.30,14,Buy,97,207,304,-110.00,12.00,-121.00,3.50,42.9,4165.90,4166.90,4163.40,4164.40,148,187,335,-39.00,2.00,-63.00,3.20,62.5,-18,489,0.6154,0.1000,-212.00,-177.00,4174.61,-0.8625,DOWN,208.20,1.6090,2.4611
20260619 110155 787,4164.50,1,4164.20,4164.40,0.20,4164.20,2,4164.10,3,4164.00,4,4163.90,6,4163.80,4,4163.70,3,4163.60,6,4163.50,12,4163.40,12,4163.30,10,4164.40,1,4164.50,3,4164.60,6,4164.70,3,4164.80,8,4164.90,7,4165.00,7,4165.10,14,4165.20,13,4165.30,14,Buy,98,207,305,-109.00,12.00,-121.00,3.50,40.0,4165.90,4166.90,4163.40,4164.50,148,187,335,-39.00,2.00,-63.00,3.20,62.5,-18,489,0.6154,0.1101,-211.00,-176.00,4174.62,-0.8593,DOWN,208.20,1.6090,2.4611
20260619 110155 787,4164.50,1,4164.20,4164.40,0.20,4164.20,2,4164.10,3,4164.00,4,4163.90,6,4163.80,4,4163.70,3,4163.60,6,4163.50,12,4163.40,12,4163.30,10,4164.40,1,4164.50,3,4164.60,6,4164.70,3,4164.80,8,4164.90,7,4165.00,7,4165.10,14,4165.20,13,4165.30,14,Buy,99,207,306,-108.00,12.00,-121.00,3.50,40.0,4165.90,4166.90,4163.40,4164.50,148,187,335,-39.00,2.00,-63.00,3.20,62.5,-18,489,0.6154,0.1204,-210.00,-175.00,4174.62,-0.8593,DOWN,208.20,1.6090,2.4611
20260619 110155 787,4164.50,1,4164.20,4164.40,0.20,4164.20,2,4164.10,3,4164.00,4,4163.90,6,4163.80,4,4163.70,3,4163.60,6,4163.50,12,4163.40,12,4163.30,10,4164.40,1,4164.50,3,4164.60,6,4164.70,3,4164.80,8,4164.90,7,4165.00,7,4165.10,14,4165.20,13,4165.30,14,Buy,100,207,307,-107.00,12.00,-121.00,3.50,40.0,4165.90,4166.90,4163.40,4164.50,148,187,335,-39.00,2.00,-63.00,3.20,62.5,-18,489,0.6154,0.1308,-209.00,-174.00,4174.62,-0.8593,DOWN,208.20,1.6090,2.4611
20260619 110155 787,4164.50,1,4164.20,4164.40,0.20,4164.20,2,4164.10,3,4164.00,4,4163.90,6,4163.80,4,4163.70,3,4163.60,6,4163.50,12,4163.40,12,4163.30,10,4164.40,1,4164.50,3,4164.60,6,4164.70,3,4164.80,8,4164.90,7,4165.00,7,4165.10,14,4165.20,13,4165.30,14,Buy,101,207,308,-106.00,12.00,-121.00,3.50,40.0,4165.90,4166.90,4163.40,4164.50,148,187,335,-39.00,2.00,-63.00,3.20,62.5,-18,489,0.6154,0.1415,-208.00,-173.00,4174.62,-0.8593,DOWN,208.20,1.6090,2.4611
20260619 110155 790,4164.40,1,4164.20,4164.40,0.20,4164.20,2,4164.10,3,4164.00,4,4163.90,6,4163.80,4,4163.70,3,4163.60,6,4163.50,12,4163.40,12,4163.30,10,4164.40,1,4164.50,3,4164.60,6,4164.70,3,4164.80,8,4164.90,7,4165.00,7,4165.10,14,4165.20,13,4165.30,14,Buy,102,207,309,-105.00,12.00,-121.00,3.50,42.9,4165.90,4166.90,4163.40,4164.40,148,187,335,-39.00,2.00,-63.00,3.20,62.5,-18,489,0.6154,0.1524,-207.00,-172.00,4174.61,-0.8625,DOWN,208.20,1.6090,2.4611
20260619 110155 845,4164.20,1,4164.20,4164.40,0.20,4164.20,2,4164.10,3,4164.00,4,4163.90,6,4163.80,4,4163.70,3,4163.60,6,4163.50,12,4163.40,12,4163.30,10,4164.40,1,4164.50,3,4164.60,6,4164.70,3,4164.80,8,4164.90,7,4165.00,7,4165.10,14,4165.20,13,4165.30,14,Sell,102,208,310,-106.00,12.00,-121.00,3.50,48.6,4165.90,4166.90,4163.40,4164.20,148,187,335,-39.00,2.00,-63.00,3.20,62.5,-18,489,0.6154,0.1415,-208.00,-173.00,4174.60,-0.8689,DOWN,208.20,1.6090,2.4611
20260619 110155 845,4164.10,1,4164.20,4164.40,0.20,4164.20,2,4164.10,3,4164.00,4,4163.90,6,4163.80,4,4163.70,3,4163.60,6,4163.50,12,4163.40,12,4163.30,10,4164.40,1,4164.50,3,4164.60,6,4164.70,3,4164.80,8,4164.90,7,4165.00,7,4165.10,14,4165.20,13,4165.30,14,Sell,102,209,311,-107.00,12.00,-121.00,3.50,51.4,4165.90,4166.90,4163.40,4164.10,148,187,335,-39.00,2.00,-63.00,3.20,62.5,-18,489,0.6154,0.1308,-209.00,-174.00,4174.59,-0.8720,DOWN,208.20,1.6090,2.4611
20260619 110155 889,4164.40,1,4164.20,4164.40,0.20,4164.20,2,4164.10,3,4164.00,4,4163.90,6,4163.80,4,4163.70,3,4163.60,6,4163.50,12,4163.40,12,4163.30,10,4164.40,1,4164.50,3,4164.60,6,4164.70,3,4164.80,8,4164.90,7,4165.00,7,4165.10,14,4165.20,13,4165.30,14,Buy,103,209,312,-106.00,12.00,-121.00,3.50,42.9,4165.90,4166.90,4163.40,4164.40,148,187,335,-39.00,2.00,-63.00,3.20,62.5,-18,489,0.6154,0.1415,-208.00,-173.00,4174.61,-0.8625,DOWN,208.20,1.6090,2.4611
20260619 110156 546,4164.20,1,4164.20,4164.40,0.20,4164.20,3,4164.10,4,4164.00,5,4163.90,6,4163.80,5,4163.70,4,4163.60,5,4163.50,7,4163.40,7,4163.30,10,4164.40,3,4164.50,4,4164.60,6,4164.70,3,4164.80,8,4164.90,15,4165.00,15,4165.10,14,4165.20,12,4165.30,14,Sell,103,210,313,-107.00,12.00,-121.00,3.50,48.6,4165.90,4166.90,4163.40,4164.20,148,187,335,-39.00,2.00,-63.00,3.20,62.5,-18,489,0.6154,0.1308,-209.00,-174.00,4174.60,-0.8689,DOWN,208.20,1.6090,2.4611
20260619 110156 547,4164.10,1,4164.20,4164.40,0.20,4164.20,3,4164.10,4,4164.00,5,4163.90,6,4163.80,5,4163.70,4,4163.60,5,4163.50,7,4163.40,7,4163.30,10,4164.40,3,4164.50,4,4164.60,6,4164.70,3,4164.80,8,4164.90,15,4165.00,15,4165.10,14,4165.20,12,4165.30,14,Sell,103,211,314,-108.00,12.00,-121.00,3.50,51.4,4165.90,4166.90,4163.40,4164.10,148,187,335,-39.00,2.00,-63.00,3.20,62.5,-18,489,0.6154,0.1204,-210.00,-175.00,4174.59,-0.8720,DOWN,208.20,1.6090,2.4611
20260619 110156 547,4164.10,1,4164.20,4164.40,0.20,4164.20,3,4164.10,4,4164.00,5,4163.90,6,4163.80,5,4163.70,4,4163.60,5,4163.50,7,4163.40,7,4163.30,10,4164.40,3,4164.50,4,4164.60,6,4164.70,3,4164.80,8,4164.90,15,4165.00,15,4165.10,14,4165.20,12,4165.30,14,Sell,103,212,315,-109.00,12.00,-121.00,3.50,51.4,4165.90,4166.90,4163.40,4164.10,148,187,335,-39.00,2.00,-63.00,3.20,62.5,-18,489,0.6154,0.1101,-211.00,-176.00,4174.59,-0.8720,DOWN,208.20,1.6090,2.4611
20260619 110156 547,4164.10,1,4164.20,4164.40,0.20,4164.20,3,4164.10,4,4164.00,5,4163.90,6,4163.80,5,4163.70,4,4163.60,5,4163.50,7,4163.40,7,4163.30,10,4164.40,3,4164.50,4,4164.60,6,4164.70,3,4164.80,8,4164.90,15,4165.00,15,4165.10,14,4165.20,12,4165.30,14,Sell,103,213,316,-110.00,12.00,-121.00,3.50,51.4,4165.90,4166.90,4163.40,4164.10,148,187,335,-39.00,2.00,-63.00,3.20,62.5,-18,489,0.6154,0.1000,-212.00,-177.00,4174.59,-0.8720,DOWN,208.20,1.6090,2.4611
20260619 110156 766,4164.30,1,4164.10,4164.40,0.30,4164.10,4,4164.00,5,4163.90,6,4163.80,5,4163.70,4,4163.60,5,4163.50,7,4163.40,7,4163.30,10,4163.20,11,4164.40,4,4164.50,5,4164.60,7,4164.70,4,4164.80,8,4164.90,7,4165.00,15,4165.10,14,4165.20,12,4165.30,14,Sell,103,214,317,-111.00,12.00,-121.00,3.50,45.7,4165.90,4166.90,4163.40,4164.30,148,187,335,-39.00,2.00,-63.00,3.20,62.5,-18,489,0.6154,0.0901,-213.00,-178.00,4174.60,-0.8657,DOWN,208.20,1.6090,2.4611
20260619 110157 909,4164.20,1,4164.00,4164.20,0.20,4164.00,2,4163.90,4,4163.80,5,4163.70,4,4163.60,5,4163.50,7,4163.40,7,4163.30,5,4163.20,11,4163.10,11,4164.20,3,4164.30,4,4164.40,5,4164.50,3,4164.60,8,4164.70,4,4164.80,8,4164.90,7,4165.00,15,4165.10,14,Buy,104,214,318,-110.00,12.00,-121.00,3.50,48.6,4165.90,4166.90,4163.40,4164.20,148,187,335,-39.00,2.00,-63.00,3.20,62.5,-18,489,0.6154,0.1000,-212.00,-177.00,4174.60,-0.8689,DOWN,208.20,1.6090,2.4611
20260619 110157 909,4164.20,1,4164.00,4164.20,0.20,4164.00,2,4163.90,4,4163.80,5,4163.70,4,4163.60,5,4163.50,7,4163.40,7,4163.30,5,4163.20,11,4163.10,11,4164.20,3,4164.30,4,4164.40,5,4164.50,3,4164.60,8,4164.70,4,4164.80,8,4164.90,7,4165.00,15,4165.10,14,Buy,105,214,319,-109.00,12.00,-121.00,3.50,48.6,4165.90,4166.90,4163.40,4164.20,148,187,335,-39.00,2.00,-63.00,3.20,62.5,-18,489,0.6154,0.1101,-211.00,-176.00,4174.60,-0.8689,DOWN,208.20,1.6090,2.4611
20260619 110157 913,4164.10,1,4164.00,4164.20,0.20,4164.00,2,4163.90,4,4163.80,5,4163.70,4,4163.60,5,4163.50,7,4163.40,7,4163.30,5,4163.20,11,4163.10,11,4164.20,3,4164.30,4,4164.40,5,4164.50,3,4164.60,8,4164.70,4,4164.80,8,4164.90,7,4165.00,15,4165.10,14,Sell,105,215,320,-110.00,12.00,-121.00,3.50,51.4,4165.90,4166.90,4163.40,4164.10,148,187,335,-39.00,2.00,-63.00,3.20,62.5,-18,489,0.6154,0.1000,-212.00,-177.00,4174.59,-0.8720,DOWN,208.20,1.6090,2.4611
20260619 110157 913,4164.10,1,4164.00,4164.20,0.20,4164.00,2,4163.90,4,4163.80,5,4163.70,4,4163.60,5,4163.50,7,4163.40,7,4163.30,5,4163.20,11,4163.10,11,4164.20,3,4164.30,4,4164.40,5,4164.50,3,4164.60,8,4164.70,4,4164.80,8,4164.90,7,4165.00,15,4165.10,14,Sell,105,216,321,-111.00,12.00,-121.00,3.50,51.4,4165.90,4166.90,4163.40,4164.10,148,187,335,-39.00,2.00,-63.00,3.20,62.5,-18,489,0.6154,0.0901,-213.00,-178.00,4174.59,-0.8720,DOWN,208.20,1.6090,2.4611
20260619 110157 913,4164.10,1,4164.00,4164.20,0.20,4164.00,2,4163.90,4,4163.80,5,4163.70,4,4163.60,5,4163.50,7,4163.40,7,4163.30,5,4163.20,11,4163.10,11,4164.20,3,4164.30,4,4164.40,5,4164.50,3,4164.60,8,4164.70,4,4164.80,8,4164.90,7,4165.00,15,4165.10,14,Sell,105,217,322,-112.00,12.00,-121.00,3.50,51.4,4165.90,4166.90,4163.40,4164.10,148,187,335,-39.00,2.00,-63.00,3.20,62.5,-18,489,0.6154,0.0804,-214.00,-179.00,4174.59,-0.8720,DOWN,208.20,1.6090,2.4611
20260619 110157 915,4164.10,1,4164.00,4164.20,0.20,4164.00,2,4163.90,4,4163.80,5,4163.70,4,4163.60,5,4163.50,7,4163.40,7,4163.30,5,4163.20,11,4163.10,11,4164.20,3,4164.30,4,4164.40,5,4164.50,3,4164.60,8,4164.70,4,4164.80,8,4164.90,7,4165.00,15,4165.10,14,Buy,106,217,323,-111.00,12.00,-121.00,3.50,51.4,4165.90,4166.90,4163.40,4164.10,148,187,335,-39.00,2.00,-63.00,3.20,62.5,-18,489,0.6154,0.0901,-213.00,-178.00,4174.59,-0.8720,DOWN,208.20,1.6090,2.4611
20260619 110157 931,4164.10,1,4164.00,4164.20,0.20,4164.00,2,4163.90,4,4163.80,5,4163.70,4,4163.60,5,4163.50,7,4163.40,7,4163.30,5,4163.20,11,4163.10,11,4164.20,3,4164.30,4,4164.40,5,4164.50,3,4164.60,8,4164.70,4,4164.80,8,4164.90,7,4165.00,15,4165.10,14,Sell,106,218,324,-112.00,12.00,-121.00,3.50,51.4,4165.90,4166.90,4163.40,4164.10,148,187,335,-39.00,2.00,-63.00,3.20,62.5,-18,489,0.6154,0.0804,-214.00,-179.00,4174.59,-0.8720,DOWN,208.20,1.6090,2.4611
20260619 110158 303,4164.00,1,4163.90,4164.10,0.20,4164.00,3,4163.90,4,4163.80,4,4163.70,5,4163.60,5,4163.50,7,4163.40,7,4163.30,5,4163.20,11,4163.10,11,4164.20,3,4164.30,4,4164.40,5,4164.50,4,4164.60,8,4164.70,4,4164.80,8,4164.90,7,4165.00,15,4165.10,14,Sell,106,219,325,-113.00,12.00,-121.00,3.50,54.3,4165.90,4166.90,4163.40,4164.00,148,187,335,-39.00,2.00,-63.00,3.20,62.5,-18,489,0.6154,0.0708,-215.00,-180.00,4174.58,-0.8752,DOWN,208.20,1.6090,2.4611
20260619 110158 305,4164.10,1,4163.90,4164.10,0.20,4164.00,3,4163.90,4,4163.80,4,4163.70,5,4163.60,5,4163.50,7,4163.40,7,4163.30,5,4163.20,11,4163.10,11,4164.20,3,4164.30,4,4164.40,5,4164.50,4,4164.60,8,4164.70,4,4164.80,8,4164.90,7,4165.00,15,4165.10,14,Buy,107,219,326,-112.00,12.00,-121.00,3.50,51.4,4165.90,4166.90,4163.40,4164.10,148,187,335,-39.00,2.00,-63.00,3.20,62.5,-18,489,0.6154,0.0804,-214.00,-179.00,4174.59,-0.8720,DOWN,208.20,1.6090,2.4611
20260619 110159 087,4164.10,1,4163.90,4164.20,0.30,4163.90,4,4163.80,4,4163.70,5,4163.60,5,4163.50,5,4163.40,7,4163.30,5,4163.20,11,4163.10,11,4163.00,12,4164.20,3,4164.30,5,4164.40,6,4164.50,8,4164.60,8,4164.70,4,4164.80,8,4164.90,15,4165.00,15,4165.10,14,Sell,107,220,327,-113.00,12.00,-121.00,3.50,51.4,4165.90,4166.90,4163.40,4164.10,148,187,335,-39.00,2.00,-63.00,3.20,62.5,-18,489,0.6154,0.0708,-215.00,-180.00,4174.59,-0.8720,DOWN,208.20,1.6090,2.4611
20260619 110159 202,4163.90,1,4163.80,4164.00,0.20,4163.80,2,4163.70,3,4163.60,4,4163.50,5,4163.40,7,4163.30,5,4163.20,6,4163.10,11,4163.00,12,4162.90,10,4164.00,3,4164.10,5,4164.20,3,4164.30,5,4164.40,6,4164.50,8,4164.60,8,4164.70,4,4164.80,8,4164.90,15,Sell,107,221,328,-114.00,12.00,-121.00,3.50,57.1,4165.90,4166.90,4163.40,4163.90,148,187,335,-39.00,2.00,-63.00,3.20,62.5,-18,489,0.6154,0.0614,-216.00,-181.00,4174.57,-0.8784,DOWN,208.20,1.6090,2.4611
20260619 110159 202,4163.90,2,4163.80,4164.00,0.20,4163.80,2,4163.70,3,4163.60,4,4163.50,5,4163.40,7,4163.30,5,4163.20,6,4163.10,11,4163.00,12,4162.90,10,4164.00,3,4164.10,5,4164.20,3,4164.30,5,4164.40,6,4164.50,8,4164.60,8,4164.70,4,4164.80,8,4164.90,15,Sell,107,223,330,-116.00,12.00,-121.00,3.50,57.1,4165.90,4166.90,4163.40,4163.90,148,187,335,-39.00,2.00,-63.00,3.20,62.5,-18,489,0.6154,0.0431,-218.00,-183.00,4174.57,-0.8784,DOWN,208.20,1.6090,2.4611
20260619 110200 329,4163.90,1,4164.00,4164.20,0.20,4164.00,2,4163.90,3,4163.80,5,4163.70,3,4163.60,5,4163.50,6,4163.40,7,4163.30,5,4163.20,6,4163.10,11,4164.20,1,4164.30,4,4164.40,6,4164.50,8,4164.60,8,4164.70,4,4164.80,8,4164.90,15,4165.00,15,4165.10,14,Sell,0,1,1,-1.00,-1.00,-1.00,0.00,0.0,4163.90,4163.90,4163.90,4163.90,107,223,330,-116.00,12.00,-121.00,3.50,57.1,-162,399,0.0431,0.0000,-166.00,-238.00,4174.57,-0.8784,DOWN,217.30,1.5186,2.2853
20260619 110200 342,4164.10,1,4164.00,4164.20,0.20,4164.00,2,4163.90,3,4163.80,5,4163.70,3,4163.60,5,4163.50,6,4163.40,7,4163.30,5,4163.20,6,4163.10,11,4164.20,1,4164.30,4,4164.40,6,4164.50,8,4164.60,8,4164.70,4,4164.80,8,4164.90,15,4165.00,15,4165.10,14,Buy,1,1,2,0.00,0.00,-1.00,0.20,100.0,4163.90,4164.10,4163.90,4164.10,107,223,330,-116.00,12.00,-121.00,3.50,57.1,-162,399,0.0431,0.0000,-165.00,-237.00,4174.59,-0.8720,DOWN,217.30,1.5186,2.2996
20260619 110203 253,4164.10,1,4164.10,4164.30,0.20,4164.00,3,4163.90,3,4163.80,5,4163.70,3,4163.60,5,4163.50,6,4163.40,7,4163.30,5,4163.20,6,4163.10,11,4164.20,1,4164.30,4,4164.40,6,4164.50,8,4164.60,8,4164.70,4,4164.80,8,4164.90,15,4165.00,15,4165.10,14,Sell,1,2,3,-1.00,0.00,-1.00,0.20,100.0,4163.90,4164.10,4163.90,4164.10,107,223,330,-116.00,12.00,-121.00,3.50,57.1,-162,399,0.0431,0.0000,-166.00,-238.00,4174.59,-0.8720,DOWN,217.30,1.5186,2.2996
20260619 110203 275,4164.10,1,4164.00,4164.20,0.20,4164.00,2,4163.90,2,4163.80,5,4163.70,4,4163.60,5,4163.50,6,4163.40,7,4163.30,5,4163.20,11,4163.10,11,4164.20,3,4164.30,5,4164.40,6,4164.50,8,4164.60,8,4164.70,4,4164.80,8,4164.90,15,4165.00,15,4165.10,14,Sell,1,3,4,-2.00,0.00,-2.00,0.20,100.0,4163.90,4164.10,4163.90,4164.10,107,223,330,-116.00,12.00,-121.00,3.50,57.1,-162,399,0.0431,0.0000,-167.00,-239.00,4174.59,-0.8720,DOWN,217.30,1.5186,2.2996
20260619 110203 275,4164.10,1,4164.00,4164.20,0.20,4164.00,2,4163.90,2,4163.80,5,4163.70,4,4163.60,5,4163.50,6,4163.40,7,4163.30,5,4163.20,11,4163.10,11,4164.20,3,4164.30,5,4164.40,6,4164.50,8,4164.60,8,4164.70,4,4164.80,8,4164.90,15,4165.00,15,4165.10,14,Sell,1,4,5,-3.00,0.00,-3.00,0.20,100.0,4163.90,4164.10,4163.90,4164.10,107,223,330,-116.00,12.00,-121.00,3.50,57.1,-162,399,0.0431,0.0000,-168.00,-240.00,4174.59,-0.8720,DOWN,217.30,1.5186,2.2996
20260619 110203 275,4164.10,1,4164.00,4164.20,0.20,4164.00,2,4163.90,2,4163.80,5,4163.70,4,4163.60,5,4163.50,6,4163.40,7,4163.30,5,4163.20,11,4163.10,11,4164.20,3,4164.30,5,4164.40,6,4164.50,8,4164.60,8,4164.70,4,4164.80,8,4164.90,15,4165.00,15,4165.10,14,Sell,1,5,6,-4.00,0.00,-4.00,0.20,100.0,4163.90,4164.10,4163.90,4164.10,107,223,330,-116.00,12.00,-121.00,3.50,57.1,-162,399,0.0431,0.0000,-169.00,-241.00,4174.59,-0.8720,DOWN,217.30,1.5186,2.2996
20260619 110203 555,4164.00,1,4163.90,4164.10,0.20,4163.90,1,4163.80,4,4163.70,4,4163.60,4,4163.50,6,4163.40,7,4163.30,5,4163.20,6,4163.10,11,4163.00,12,4164.10,2,4164.20,2,4164.30,4,4164.40,6,4164.50,8,4164.60,8,4164.70,4,4164.80,8,4164.90,15,4165.00,15,Sell,1,6,7,-5.00,0.00,-5.00,0.20,50.0,4163.90,4164.10,4163.90,4164.00,107,223,330,-116.00,12.00,-121.00,3.50,57.1,-162,399,0.0431,0.0000,-170.00,-242.00,4174.58,-0.8752,DOWN,217.30,1.5186,2.2996
20260619 110203 555,4164.00,1,4163.90,4164.10,0.20,4163.90,1,4163.80,4,4163.70,4,4163.60,4,4163.50,6,4163.40,7,4163.30,5,4163.20,6,4163.10,11,4163.00,12,4164.10,2,4164.20,2,4164.30,4,4164.40,6,4164.50,8,4164.60,8,4164.70,4,4164.80,8,4164.90,15,4165.00,15,Sell,1,7,8,-6.00,0.00,-6.00,0.20,50.0,4163.90,4164.10,4163.90,4164.00,107,223,330,-116.00,12.00,-121.00,3.50,57.1,-162,399,0.0431,0.0000,-171.00,-243.00,4174.58,-0.8752,DOWN,217.30,1.5186,2.2996
20260619 110203 555,4164.00,1,4163.90,4164.10,0.20,4163.90,1,4163.80,4,4163.70,4,4163.60,4,4163.50,6,4163.40,7,4163.30,5,4163.20,6,4163.10,11,4163.00,12,4164.10,2,4164.20,2,4164.30,4,4164.40,6,4164.50,8,4164.60,8,4164.70,4,4164.80,8,4164.90,15,4165.00,15,Sell,1,8,9,-7.00,0.00,-7.00,0.20,50.0,4163.90,4164.10,4163.90,4164.00,107,223,330,-116.00,12.00,-121.00,3.50,57.1,-162,399,0.0431,0.0000,-172.00,-244.00,4174.58,-0.8752,DOWN,217.30,1.5186,2.2996
20260619 110204 062,4164.00,1,4163.90,4164.10,0.20,4163.90,1,4163.80,4,4163.70,3,4163.60,4,4163.50,6,4163.40,7,4163.30,5,4163.20,6,4163.10,11,4163.00,12,4164.10,4,4164.20,2,4164.30,4,4164.40,6,4164.50,8,4164.60,8,4164.70,4,4164.80,16,4164.90,15,4165.00,15,Buy,2,8,10,-6.00,0.00,-7.00,0.20,50.0,4163.90,4164.10,4163.90,4164.00,107,223,330,-116.00,12.00,-121.00,3.50,57.1,-162,399,0.0431,0.1667,-171.00,-243.00,4174.58,-0.8752,DOWN,217.30,1.5186,2.2996
20260619 110204 074,4164.00,1,4163.90,4164.10,0.20,4163.90,1,4163.80,4,4163.70,3,4163.60,4,4163.50,6,4163.40,7,4163.30,5,4163.20,6,4163.10,11,4163.00,12,4164.10,4,4164.20,2,4164.30,4,4164.40,6,4164.50,8,4164.60,8,4164.70,4,4164.80,16,4164.90,15,4165.00,15,Buy,3,8,11,-5.00,0.00,-7.00,0.20,50.0,4163.90,4164.10,4163.90,4164.00,107,223,330,-116.00,12.00,-121.00,3.50,57.1,-162,399,0.0431,0.4000,-170.00,-242.00,4174.58,-0.8752,DOWN,217.30,1.5186,2.2996
20260619 110204 161,4164.10,1,4163.90,4164.10,0.20,4164.00,1,4163.90,3,4163.80,4,4163.70,3,4163.60,4,4163.50,6,4163.40,7,4163.30,5,4163.20,6,4163.10,11,4164.20,2,4164.30,4,4164.40,6,4164.50,8,4164.60,8,4164.70,4,4164.80,16,4164.90,15,4165.00,15,4165.10,14,Buy,4,8,12,-4.00,0.00,-7.00,0.20,100.0,4163.90,4164.10,4163.90,4164.10,107,223,330,-116.00,12.00,-121.00,3.50,57.1,-162,399,0.0431,0.7500,-169.00,-241.00,4174.59,-0.8720,DOWN,217.30,1.5186,2.2996
20260619 110204 161,4164.10,1,4163.90,4164.10,0.20,4164.00,1,4163.90,3,4163.80,4,4163.70,3,4163.60,4,4163.50,6,4163.40,7,4163.30,5,4163.20,6,4163.10,11,4164.20,2,4164.30,4,4164.40,6,4164.50,8,4164.60,8,4164.70,4,4164.80,16,4164.90,15,4165.00,15,4165.10,14,Buy,5,8,13,-3.00,0.00,-7.00,0.20,100.0,4163.90,4164.10,4163.90,4164.10,107,223,330,-116.00,12.00,-121.00,3.50,57.1,-162,399,0.0431,1.3333,-168.00,-240.00,4174.59,-0.8720,DOWN,217.30,1.5186,2.2996
20260619 110204 161,4164.10,1,4163.90,4164.10,0.20,4164.00,1,4163.90,3,4163.80,4,4163.70,3,4163.60,4,4163.50,6,4163.40,7,4163.30,5,4163.20,6,4163.10,11,4164.20,2,4164.30,4,4164.40,6,4164.50,8,4164.60,8,4164.70,4,4164.80,16,4164.90,15,4165.00,15,4165.10,14,Buy,6,8,14,-2.00,0.00,-7.00,0.20,100.0,4163.90,4164.10,4163.90,4164.10,107,223,330,-116.00,12.00,-121.00,3.50,57.1,-162,399,0.0431,2.5000,-167.00,-239.00,4174.59,-0.8720,DOWN,217.30,1.5186,2.2996
20260619 110204 908,4164.00,1,4163.90,4164.10,0.20,4163.90,2,4163.80,3,4163.70,3,4163.60,4,4163.50,5,4163.40,7,4163.30,5,4163.20,6,4163.10,11,4163.00,12,4164.00,2,4164.10,5,4164.20,2,4164.30,3,4164.40,6,4164.50,8,4164.60,8,4164.70,4,4164.80,16,4164.90,15,Buy,7,8,15,-1.00,0.00,-7.00,0.20,50.0,4163.90,4164.10,4163.90,4164.00,107,223,330,-116.00,12.00,-121.00,3.50,57.1,-162,399,0.0431,6.0000,-166.00,-238.00,4174.58,-0.8752,DOWN,217.30,1.5186,2.2996
20260619 110204 918,4164.10,1,4163.90,4164.10,0.20,4163.90,2,4163.80,3,4163.70,3,4163.60,4,4163.50,5,4163.40,7,4163.30,5,4163.20,6,4163.10,11,4163.00,12,4164.00,2,4164.10,5,4164.20,2,4164.30,3,4164.40,6,4164.50,8,4164.60,8,4164.70,4,4164.80,16,4164.90,15,Buy,8,8,16,0.00,0.00,-7.00,0.20,100.0,4163.90,4164.10,4163.90,4164.10,107,223,330,-116.00,12.00,-121.00,3.50,57.1,-162,399,0.0431,0.0000,-165.00,-237.00,4174.59,-0.8720,DOWN,217.30,1.5186,2.2996
20260619 110204 918,4164.10,1,4163.90,4164.10,0.20,4163.90,2,4163.80,3,4163.70,3,4163.60,4,4163.50,5,4163.40,7,4163.30,5,4163.20,6,4163.10,11,4163.00,12,4164.00,2,4164.10,5,4164.20,2,4164.30,3,4164.40,6,4164.50,8,4164.60,8,4164.70,4,4164.80,16,4164.90,15,Buy,9,8,17,1.00,1.00,-7.00,0.20,100.0,4163.90,4164.10,4163.90,4164.10,107,223,330,-116.00,12.00,-121.00,3.50,57.1,-162,399,0.0431,0.0000,-164.00,-236.00,4174.59,-0.8720,DOWN,217.30,1.5186,2.2996
20260619 110204 918,4164.20,1,4163.90,4164.10,0.20,4163.90,2,4163.80,3,4163.70,3,4163.60,4,4163.50,5,4163.40,7,4163.30,5,4163.20,6,4163.10,11,4163.00,12,4164.00,2,4164.10,5,4164.20,2,4164.30,3,4164.40,6,4164.50,8,4164.60,8,4164.70,4,4164.80,16,4164.90,15,Buy,10,8,18,2.00,2.00,-7.00,0.30,100.0,4163.90,4164.20,4163.90,4164.20,107,223,330,-116.00,12.00,-121.00,3.50,57.1,-162,399,0.0431,0.0000,-163.00,-235.00,4174.60,-0.8689,DOWN,217.30,1.5186,2.3067
20260619 110205 303,4163.90,1,4163.80,4164.00,0.20,4163.80,4,4163.70,3,4163.60,4,4163.50,5,4163.40,6,4163.30,5,4163.20,6,4163.10,11,4163.00,12,4162.90,9,4164.00,3,4164.10,5,4164.20,4,4164.30,4,4164.40,6,4164.50,8,4164.60,8,4164.70,4,4164.80,16,4164.90,15,Sell,10,9,19,1.00,2.00,-7.00,0.30,0.0,4163.90,4164.20,4163.90,4163.90,107,223,330,-116.00,12.00,-121.00,3.50,57.1,-162,399,0.0431,1.0000,-164.00,-236.00,4174.57,-0.8784,DOWN,217.30,1.5186,2.3067
20260619 110205 303,4163.90,1,4163.80,4164.00,0.20,4163.80,4,4163.70,3,4163.60,4,4163.50,5,4163.40,6,4163.30,5,4163.20,6,4163.10,11,4163.00,12,4162.90,9,4164.00,3,4164.10,5,4164.20,4,4164.30,4,4164.40,6,4164.50,8,4164.60,8,4164.70,4,4164.80,16,4164.90,15,Sell,10,10,20,0.00,2.00,-7.00,0.30,0.0,4163.90,4164.20,4163.90,4163.90,107,223,330,-116.00,12.00,-121.00,3.50,57.1,-162,399,0.0431,2.0000,-165.00,-237.00,4174.57,-0.8784,DOWN,217.30,1.5186,2.3067
20260619 110205 879,4163.80,1,4163.80,4164.00,0.20,4163.80,3,4163.70,3,4163.60,4,4163.50,5,4163.40,6,4163.30,5,4163.20,6,4163.10,11,4163.00,12,4162.90,9,4164.00,3,4164.10,5,4164.20,4,4164.30,4,4164.40,6,4164.50,8,4164.60,8,4164.70,4,4164.80,16,4164.90,15,Sell,10,11,21,-1.00,2.00,-7.00,0.40,25.0,4163.90,4164.20,4163.80,4163.80,107,223,330,-116.00,12.00,-121.00,3.50,57.1,-162,399,0.0431,6.0000,-166.00,-238.00,4174.56,-0.8816,DOWN,217.30,1.5186,2.3139
20260619 110205 976,4163.80,1,4163.80,4164.00,0.20,4163.80,2,4163.70,3,4163.60,4,4163.50,5,4163.40,6,4163.30,5,4163.20,6,4163.10,11,4163.00,12,4162.90,9,4164.00,3,4164.10,5,4164.20,4,4164.30,4,4164.40,6,4164.50,8,4164.60,8,4164.70,4,4164.80,16,4164.90,15,Sell,10,12,22,-2.00,2.00,-7.00,0.40,25.0,4163.90,4164.20,4163.80,4163.80,107,223,330,-116.00,12.00,-121.00,3.50,57.1,-162,399,0.0431,2.5000,-167.00,-239.00,4174.56,-0.8816,DOWN,217.30,1.5186,2.3139
20260619 110206 444,4163.80,1,4163.80,4164.00,0.20,4163.70,3,4163.60,3,4163.50,4,4163.40,6,4163.30,5,4163.20,6,4163.10,11,4163.00,11,4162.90,9,4162.80,7,4163.90,2,4164.00,3,4164.10,5,4164.20,4,4164.30,4,4164.40,6,4164.50,8,4164.60,8,4164.70,4,4164.80,16,Sell,10,13,23,-3.00,2.00,-7.00,0.40,25.0,4163.90,4164.20,4163.80,4163.80,107,223,330,-116.00,12.00,-121.00,3.50,57.1,-162,399,0.0431,1.3333,-168.00,-240.00,4174.56,-0.8816,DOWN,217.30,1.5186,2.3139
20260619 110206 444,4163.80,1,4163.80,4164.00,0.20,4163.70,3,4163.60,3,4163.50,4,4163.40,6,4163.30,5,4163.20,6,4163.10,11,4163.00,11,4162.90,9,4162.80,7,4163.90,2,4164.00,3,4164.10,5,4164.20,4,4164.30,4,4164.40,6,4164.50,8,4164.60,8,4164.70,4,4164.80,16,Sell,10,14,24,-4.00,2.00,-7.00,0.40,25.0,4163.90,4164.20,4163.80,4163.80,107,223,330,-116.00,12.00,-121.00,3.50,57.1,-162,399,0.0431,0.7500,-169.00,-241.00,4174.56,-0.8816,DOWN,217.30,1.5186,2.3139
20260619 110206 446,4163.70,1,4163.80,4164.00,0.20,4163.70,3,4163.60,3,4163.50,4,4163.40,6,4163.30,5,4163.20,6,4163.10,11,4163.00,11,4162.90,9,4162.80,7,4163.90,2,4164.00,3,4164.10,5,4164.20,4,4164.30,4,4164.40,6,4164.50,8,4164.60,8,4164.70,4,4164.80,16,Sell,10,15,25,-5.00,2.00,-7.00,0.50,40.0,4163.90,4164.20,4163.70,4163.70,107,223,330,-116.00,12.00,-121.00,3.50,57.1,-162,399,0.0431,0.4000,-170.00,-242.00,4174.55,-0.8847,DOWN,217.30,1.5186,2.3210
20260619 110206 446,4163.80,1,4163.80,4164.00,0.20,4163.80,1,4163.70,5,4163.60,3,4163.50,5,4163.40,5,4163.30,5,4163.20,6,4163.10,11,4163.00,11,4162.90,9,4164.00,2,4164.10,4,4164.20,3,4164.30,4,4164.40,6,4164.50,8,4164.60,8,4164.70,4,4164.80,16,4164.90,15,Buy,11,15,26,-4.00,2.00,-7.00,0.50,20.0,4163.90,4164.20,4163.70,4163.80,107,223,330,-116.00,12.00,-121.00,3.50,57.1,-162,399,0.0431,0.7500,-169.00,-241.00,4174.56,-0.8816,DOWN,217.30,1.5186,2.3210
20260619 110206 448,4163.90,1,4163.80,4164.00,0.20,4163.80,1,4163.70,5,4163.60,3,4163.50,5,4163.40,5,4163.30,5,4163.20,6,4163.10,11,4163.00,11,4162.90,9,4164.00,2,4164.10,4,4164.20,3,4164.30,4,4164.40,6,4164.50,8,4164.60,8,4164.70,4,4164.80,16,4164.90,15,Buy,12,15,27,-3.00,2.00,-7.00,0.50,0.0,4163.90,4164.20,4163.70,4163.90,107,223,330,-116.00,12.00,-121.00,3.50,57.1,-162,399,0.0431,1.3333,-168.00,-240.00,4174.57,-0.8784,DOWN,217.30,1.5186,2.3210
20260619 110206 463,4164.00,1,4163.80,4164.00,0.20,4163.80,1,4163.70,5,4163.60,3,4163.50,5,4163.40,5,4163.30,5,4163.20,6,4163.10,11,4163.00,11,4162.90,9,4164.00,2,4164.10,4,4164.20,3,4164.30,4,4164.40,6,4164.50,8,4164.60,8,4164.70,4,4164.80,16,4164.90,15,Buy,13,15,28,-2.00,2.00,-7.00,0.50,20.0,4163.90,4164.20,4163.70,4164.00,107,223,330,-116.00,12.00,-121.00,3.50,57.1,-162,399,0.0431,2.5000,-167.00,-239.00,4174.58,-0.8752,DOWN,217.30,1.5186,2.3210
20260619 110207 088,4163.90,1,4163.70,4163.90,0.20,4163.70,3,4163.60,3,4163.50,5,4163.40,5,4163.30,5,4163.20,6,4163.10,11,4163.00,11,4162.90,9,4162.80,7,4164.00,4,4164.10,4,4164.20,3,4164.30,4,4164.40,6,4164.50,8,4164.60,8,4164.70,4,4164.80,16,4164.90,15,Buy,14,15,29,-1.00,2.00,-7.00,0.50,0.0,4163.90,4164.20,4163.70,4163.90,107,223,330,-116.00,12.00,-121.00,3.50,57.1,-162,399,0.0431,6.0000,-166.00,-238.00,4174.57,-0.8784,DOWN,217.30,1.5186,2.3210
20260619 110207 088,4163.90,1,4163.70,4163.90,0.20,4163.70,3,4163.60,3,4163.50,5,4163.40,5,4163.30,5,4163.20,6,4163.10,11,4163.00,11,4162.90,9,4162.80,7,4164.00,4,4164.10,4,4164.20,3,4164.30,4,4164.40,6,4164.50,8,4164.60,8,4164.70,4,4164.80,16,4164.90,15,Buy,15,15,30,0.00,2.00,-7.00,0.50,0.0,4163.90,4164.20,4163.70,4163.90,107,223,330,-116.00,12.00,-121.00,3.50,57.1,-162,399,0.0431,2.0000,-165.00,-237.00,4174.57,-0.8784,DOWN,217.30,1.5186,2.3210
20260619 110207 361,4163.80,1,4163.70,4163.90,0.20,4163.70,3,4163.60,3,4163.50,5,4163.40,5,4163.30,5,4163.20,6,4163.10,11,4163.00,11,4162.90,9,4162.80,7,4163.90,2,4164.00,4,4164.10,4,4164.20,3,4164.30,4,4164.40,6,4164.50,8,4164.60,8,4164.70,4,4164.80,16,Buy,16,15,31,1.00,2.00,-7.00,0.50,20.0,4163.90,4164.20,4163.70,4163.80,107,223,330,-116.00,12.00,-121.00,3.50,57.1,-162,399,0.0431,1.0000,-164.00,-236.00,4174.56,-0.8816,DOWN,217.30,1.5186,2.3210
20260619 110208 015,4163.70,1,4163.50,4163.80,0.30,4163.50,4,4163.40,5,4163.30,5,4163.20,6,4163.10,11,4163.00,11,4162.90,9,4162.80,7,4162.70,8,4162.60,9,4163.80,3,4163.90,3,4164.00,4,4164.10,4,4164.20,3,4164.30,4,4164.40,6,4164.50,8,4164.60,8,4164.70,4,Sell,16,16,32,0.00,2.00,-7.00,0.50,40.0,4163.90,4164.20,4163.70,4163.70,107,223,330,-116.00,12.00,-121.00,3.50,57.1,-162,399,0.0431,2.0000,-165.00,-237.00,4174.55,-0.8847,DOWN,217.30,1.5186,2.3210
20260619 110208 433,4163.70,1,4163.50,4163.70,0.20,4163.50,2,4163.40,4,4163.30,3,4163.20,4,4163.10,6,4163.00,6,4162.90,4,4162.80,7,4162.70,8,4162.60,9,4163.70,4,4163.80,4,4163.90,2,4164.00,5,4164.10,5,4164.20,4,4164.30,4,4164.40,6,4164.50,18,4164.60,18,Buy,17,16,33,1.00,2.00,-7.00,0.50,40.0,4163.90,4164.20,4163.70,4163.70,107,223,330,-116.00,12.00,-121.00,3.50,57.1,-162,399,0.0431,1.0000,-164.00,-236.00,4174.55,-0.8847,DOWN,217.30,1.5186,2.3210
20260619 110208 566,4163.70,1,4163.70,4163.80,0.10,4163.70,1,4163.60,3,4163.50,3,4163.40,4,4163.30,3,4163.20,4,4163.10,6,4163.00,6,4162.90,4,4162.80,7,4163.80,2,4163.90,2,4164.00,5,4164.10,5,4164.20,4,4164.30,4,4164.40,6,4164.50,18,4164.60,18,4164.70,14,Buy,18,16,34,2.00,2.00,-7.00,0.50,40.0,4163.90,4164.20,4163.70,4163.70,107,223,330,-116.00,12.00,-121.00,3.50,57.1,-162,399,0.0431,0.0000,-163.00,-235.00,4174.55,-0.8847,DOWN,217.30,1.5186,2.3210
20260619 110208 914,4163.60,1,4163.60,4163.80,0.20,4163.60,1,4163.50,3,4163.40,4,4163.30,3,4163.20,4,4163.10,6,4163.00,6,4162.90,4,4162.80,7,4162.70,8,4163.80,4,4163.90,3,4164.00,5,4164.10,5,4164.20,4,4164.30,4,4164.40,6,4164.50,18,4164.60,18,4164.70,14,Sell,18,17,35,1.00,2.00,-7.00,0.60,50.0,4163.90,4164.20,4163.60,4163.60,107,223,330,-116.00,12.00,-121.00,3.50,57.1,-162,399,0.0431,1.0000,-164.00,-236.00,4174.54,-0.8879,DOWN,217.30,1.5186,2.3281
20260619 110210 273,4163.80,1,4163.70,4163.90,0.20,4163.70,2,4163.60,4,4163.50,2,4163.40,4,4163.30,3,4163.20,4,4163.10,6,4163.00,6,4162.90,4,4162.80,7,4163.90,2,4164.00,5,4164.10,4,4164.20,4,4164.30,4,4164.40,6,4164.50,8,4164.60,18,4164.70,14,4164.80,16,Sell,18,18,36,0.00,2.00,-7.00,0.60,16.7,4163.90,4164.20,4163.60,4163.80,107,223,330,-116.00,12.00,-121.00,3.50,57.1,-162,399,0.0431,2.0000,-165.00,-237.00,4174.56,-0.8816,DOWN,217.30,1.5186,2.3281
20260619 110210 273,4163.80,1,4163.70,4163.90,0.20,4163.70,2,4163.60,4,4163.50,2,4163.40,4,4163.30,3,4163.20,4,4163.10,6,4163.00,6,4162.90,4,4162.80,7,4163.90,2,4164.00,5,4164.10,4,4164.20,4,4164.30,4,4164.40,6,4164.50,8,4164.60,18,4164.70,14,4164.80,16,Sell,18,19,37,-1.00,2.00,-7.00,0.60,16.7,4163.90,4164.20,4163.60,4163.80,107,223,330,-116.00,12.00,-121.00,3.50,57.1,-162,399,0.0431,6.0000,-166.00,-238.00,4174.56,-0.8816,DOWN,217.30,1.5186,2.3281
20260619 110210 273,4163.70,1,4163.70,4163.90,0.20,4163.70,2,4163.60,4,4163.50,2,4163.40,4,4163.30,3,4163.20,4,4163.10,6,4163.00,6,4162.90,4,4162.80,7,4163.90,2,4164.00,5,4164.10,4,4164.20,4,4164.30,4,4164.40,6,4164.50,8,4164.60,18,4164.70,14,4164.80,16,Sell,18,20,38,-2.00,2.00,-7.00,0.60,33.3,4163.90,4164.20,4163.60,4163.70,107,223,330,-116.00,12.00,-121.00,3.50,57.1,-162,399,0.0431,2.5000,-167.00,-239.00,4174.55,-0.8847,DOWN,217.30,1.5186,2.3281
20260619 110210 273,4163.70,1,4163.70,4163.90,0.20,4163.70,2,4163.60,4,4163.50,2,4163.40,4,4163.30,3,4163.20,4,4163.10,6,4163.00,6,4162.90,4,4162.80,7,4163.90,2,4164.00,5,4164.10,4,4164.20,4,4164.30,4,4164.40,6,4164.50,8,4164.60,18,4164.70,14,4164.80,16,Sell,18,21,39,-3.00,2.00,-7.00,0.60,33.3,4163.90,4164.20,4163.60,4163.70,107,223,330,-116.00,12.00,-121.00,3.50,57.1,-162,399,0.0431,1.3333,-168.00,-240.00,4174.55,-0.8847,DOWN,217.30,1.5186,2.3281
20260619 110210 273,4163.70,1,4163.70,4163.90,0.20,4163.70,2,4163.60,4,4163.50,2,4163.40,4,4163.30,3,4163.20,4,4163.10,6,4163.00,6,4162.90,4,4162.80,7,4163.90,2,4164.00,5,4164.10,4,4164.20,4,4164.30,4,4164.40,6,4164.50,8,4164.60,18,4164.70,14,4164.80,16,Sell,18,22,40,-4.00,2.00,-7.00,0.60,33.3,4163.90,4164.20,4163.60,4163.70,107,223,330,-116.00,12.00,-121.00,3.50,57.1,-162,399,0.0431,0.7500,-169.00,-241.00,4174.55,-0.8847,DOWN,217.30,1.5186,2.3281
20260619 110214 398,4163.90,1,4163.80,4164.00,0.20,4163.80,2,4163.70,3,4163.60,3,4163.50,2,4163.40,5,4163.30,3,4163.20,2,4163.10,6,4163.00,6,4162.90,8,4164.00,4,4164.10,4,4164.20,3,4164.30,3,4164.40,6,4164.50,8,4164.60,18,4164.70,14,4164.80,16,4164.90,15,Buy,19,22,41,-3.00,2.00,-7.00,0.60,0.0,4163.90,4164.20,4163.60,4163.90,107,223,330,-116.00,12.00,-121.00,3.50,57.1,-162,399,0.0431,1.3333,-168.00,-240.00,4174.57,-0.8784,DOWN,217.30,1.5186,2.3281
20260619 110214 398,4163.90,2,4163.80,4164.00,0.20,4163.80,2,4163.70,3,4163.60,3,4163.50,2,4163.40,5,4163.30,3,4163.20,2,4163.10,6,4163.00,6,4162.90,8,4164.00,4,4164.10,4,4164.20,3,4164.30,3,4164.40,6,4164.50,8,4164.60,18,4164.70,14,4164.80,16,4164.90,15,Buy,21,22,43,-1.00,2.00,-7.00,0.60,0.0,4163.90,4164.20,4163.60,4163.90,107,223,330,-116.00,12.00,-121.00,3.50,57.1,-162,399,0.0431,6.0000,-166.00,-238.00,4174.57,-0.8784,DOWN,217.30,1.5186,2.3281
20260619 110214 398,4163.90,1,4163.80,4164.00,0.20,4163.80,2,4163.70,3,4163.60,3,4163.50,2,4163.40,5,4163.30,3,4163.20,2,4163.10,6,4163.00,6,4162.90,8,4164.00,4,4164.10,4,4164.20,3,4164.30,3,4164.40,6,4164.50,8,4164.60,18,4164.70,14,4164.80,16,4164.90,15,Buy,22,22,44,0.00,2.00,-7.00,0.60,0.0,4163.90,4164.20,4163.60,4163.90,107,223,330,-116.00,12.00,-121.00,3.50,57.1,-162,399,0.0431,2.0000,-165.00,-237.00,4174.57,-0.8784,DOWN,217.30,1.5186,2.3281
20260619 110215 562,4164.00,1,4163.80,4164.00,0.20,4163.80,2,4163.70,3,4163.60,6,4163.50,3,4163.40,5,4163.30,3,4163.20,2,4163.10,6,4163.00,6,4162.90,8,4164.00,3,4164.10,4,4164.20,3,4164.30,3,4164.40,6,4164.50,8,4164.60,18,4164.70,14,4164.80,16,4164.90,15,Buy,23,22,45,1.00,2.00,-7.00,0.60,16.7,4163.90,4164.20,4163.60,4164.00,107,223,330,-116.00,12.00,-121.00,3.50,57.1,-162,399,0.0431,1.0000,-164.00,-236.00,4174.58,-0.8752,DOWN,217.30,1.5186,2.3281
20260619 110215 562,4164.00,1,4163.80,4164.00,0.20,4163.80,2,4163.70,3,4163.60,6,4163.50,3,4163.40,5,4163.30,3,4163.20,2,4163.10,6,4163.00,6,4162.90,8,4164.00,3,4164.10,4,4164.20,3,4164.30,3,4164.40,6,4164.50,8,4164.60,18,4164.70,14,4164.80,16,4164.90,15,Buy,24,22,46,2.00,2.00,-7.00,0.60,16.7,4163.90,4164.20,4163.60,4164.00,107,223,330,-116.00,12.00,-121.00,3.50,57.1,-162,399,0.0431,0.0000,-163.00,-235.00,4174.58,-0.8752,DOWN,217.30,1.5186,2.3281
20260619 110216 263,4164.00,1,4163.90,4164.00,0.10,4163.80,3,4163.70,3,4163.60,6,4163.50,3,4163.40,5,4163.30,3,4163.20,2,4163.10,6,4163.00,6,4162.90,8,4164.00,3,4164.10,4,4164.20,3,4164.30,3,4164.40,6,4164.50,8,4164.60,18,4164.70,14,4164.80,16,4164.90,15,Buy,25,22,47,3.00,3.00,-7.00,0.60,16.7,4163.90,4164.20,4163.60,4164.00,107,223,330,-116.00,12.00,-121.00,3.50,57.1,-162,399,0.0431,0.0000,-162.00,-234.00,4174.58,-0.8752,DOWN,217.30,1.5186,2.3281
20260619 110216 268,4164.00,1,4163.90,4164.00,0.10,4163.80,3,4163.70,3,4163.60,6,4163.50,3,4163.40,5,4163.30,3,4163.20,2,4163.10,6,4163.00,6,4162.90,8,4164.00,3,4164.10,4,4164.20,3,4164.30,3,4164.40,6,4164.50,8,4164.60,18,4164.70,14,4164.80,16,4164.90,15,Buy,26,22,48,4.00,4.00,-7.00,0.60,16.7,4163.90,4164.20,4163.60,4164.00,107,223,330,-116.00,12.00,-121.00,3.50,57.1,-162,399,0.0431,0.0000,-161.00,-233.00,4174.58,-0.8752,DOWN,217.30,1.5186,2.3281
20260619 110216 268,4164.00,1,4163.90,4164.00,0.10,4163.80,3,4163.70,3,4163.60,6,4163.50,3,4163.40,5,4163.30,3,4163.20,2,4163.10,6,4163.00,6,4162.90,8,4164.00,3,4164.10,4,4164.20,3,4164.30,3,4164.40,6,4164.50,8,4164.60,18,4164.70,14,4164.80,16,4164.90,15,Buy,27,22,49,5.00,5.00,-7.00,0.60,16.7,4163.90,4164.20,4163.60,4164.00,107,223,330,-116.00,12.00,-121.00,3.50,57.1,-162,399,0.0431,0.0000,-160.00,-232.00,4174.58,-0.8752,DOWN,217.30,1.5186,2.3281
20260619 110216 293,4164.00,1,4164.00,4164.20,0.20,4164.00,4,4163.90,5,4163.80,4,4163.70,2,4163.60,6,4163.50,3,4163.40,5,4163.30,3,4163.20,2,4163.10,11,4164.20,1,4164.30,3,4164.40,6,4164.50,8,4164.60,8,4164.70,14,4164.80,16,4164.90,15,4165.00,14,4165.10,14,Sell,27,23,50,4.00,5.00,-7.00,0.60,16.7,4163.90,4164.20,4163.60,4164.00,107,223,330,-116.00,12.00,-121.00,3.50,57.1,-162,399,0.0431,0.2500,-161.00,-233.00,4174.58,-0.8752,DOWN,217.30,1.5186,2.3281
20260619 110216 775,4164.20,1,4164.40,4164.50,0.10,4164.20,3,4164.10,7,4164.00,3,4163.90,4,4163.80,4,4163.70,2,4163.60,5,4163.50,3,4163.40,6,4163.30,4,4164.40,5,4164.50,8,4164.60,7,4164.70,4,4164.80,8,4164.90,7,4165.00,14,4165.10,14,4165.20,12,4165.30,15,Buy,28,23,51,5.00,5.00,-7.00,0.60,50.0,4163.90,4164.20,4163.60,4164.20,107,223,330,-116.00,12.00,-121.00,3.50,57.1,-162,399,0.0431,0.0000,-160.00,-232.00,4174.60,-0.8689,DOWN,217.30,1.5186,2.3281
20260619 110216 828,4164.40,1,4164.40,4164.50,0.10,4164.20,3,4164.10,7,4164.00,3,4163.90,4,4163.80,4,4163.70,2,4163.60,5,4163.50,3,4163.40,6,4163.30,4,4164.40,5,4164.50,8,4164.60,7,4164.70,4,4164.80,8,4164.90,7,4165.00,14,4165.10,14,4165.20,12,4165.30,15,Buy,29,23,52,6.00,6.00,-7.00,0.80,62.5,4163.90,4164.40,4163.60,4164.40,107,223,330,-116.00,12.00,-121.00,3.50,57.1,-162,399,0.0431,0.0000,-159.00,-231.00,4174.61,-0.8625,DOWN,217.30,1.5186,2.3424
20260619 110216 828,4164.40,1,4164.40,4164.50,0.10,4164.20,3,4164.10,7,4164.00,3,4163.90,4,4163.80,4,4163.70,2,4163.60,5,4163.50,3,4163.40,6,4163.30,4,4164.40,5,4164.50,8,4164.60,7,4164.70,4,4164.80,8,4164.90,7,4165.00,14,4165.10,14,4165.20,12,4165.30,15,Buy,30,23,53,7.00,7.00,-7.00,0.80,62.5,4163.90,4164.40,4163.60,4164.40,107,223,330,-116.00,12.00,-121.00,3.50,57.1,-162,399,0.0431,0.0000,-158.00,-230.00,4174.61,-0.8625,DOWN,217.30,1.5186,2.3424
20260619 110216 828,4164.40,1,4164.40,4164.50,0.10,4164.20,3,4164.10,7,4164.00,3,4163.90,4,4163.80,4,4163.70,2,4163.60,5,4163.50,3,4163.40,6,4163.30,4,4164.40,5,4164.50,8,4164.60,7,4164.70,4,4164.80,8,4164.90,7,4165.00,14,4165.10,14,4165.20,12,4165.30,15,Buy,31,23,54,8.00,8.00,-7.00,0.80,62.5,4163.90,4164.40,4163.60,4164.40,107,223,330,-116.00,12.00,-121.00,3.50,57.1,-162,399,0.0431,0.0000,-157.00,-229.00,4174.61,-0.8625,DOWN,217.30,1.5186,2.3424
20260619 110216 833,4164.50,2,4164.40,4164.50,0.10,4164.20,3,4164.10,7,4164.00,3,4163.90,4,4163.80,4,4163.70,2,4163.60,5,4163.50,3,4163.40,6,4163.30,4,4164.40,5,4164.50,8,4164.60,7,4164.70,4,4164.80,8,4164.90,7,4165.00,14,4165.10,14,4165.20,12,4165.30,15,Buy,33,23,56,10.00,10.00,-7.00,0.90,66.7,4163.90,4164.50,4163.60,4164.50,107,223,330,-116.00,12.00,-121.00,3.50,57.1,-162,399,0.0431,0.0000,-155.00,-227.00,4174.62,-0.8593,DOWN,217.30,1.5186,2.3496
20260619 110216 833,4164.50,1,4164.40,4164.50,0.10,4164.20,3,4164.10,7,4164.00,3,4163.90,4,4163.80,4,4163.70,2,4163.60,5,4163.50,3,4163.40,6,4163.30,4,4164.40,5,4164.50,8,4164.60,7,4164.70,4,4164.80,8,4164.90,7,4165.00,14,4165.10,14,4165.20,12,4165.30,15,Buy,34,23,57,11.00,11.00,-7.00,0.90,66.7,4163.90,4164.50,4163.60,4164.50,107,223,330,-116.00,12.00,-121.00,3.50,57.1,-162,399,0.0431,0.0000,-154.00,-226.00,4174.62,-0.8593,DOWN,217.30,1.5186,2.3496
20260619 110216 833,4164.50,1,4164.40,4164.50,0.10,4164.20,3,4164.10,7,4164.00,3,4163.90,4,4163.80,4,4163.70,2,4163.60,5,4163.50,3,4163.40,6,4163.30,4,4164.40,5,4164.50,8,4164.60,7,4164.70,4,4164.80,8,4164.90,7,4165.00,14,4165.10,14,4165.20,12,4165.30,15,Buy,35,23,58,12.00,12.00,-7.00,0.90,66.7,4163.90,4164.50,4163.60,4164.50,107,223,330,-116.00,12.00,-121.00,3.50,57.1,-162,399,0.0431,0.0000,-153.00,-225.00,4174.62,-0.8593,DOWN,217.30,1.5186,2.3496
20260619 110216 844,4164.70,1,4164.80,4164.90,0.10,4165.00,2,4164.90,5,4164.80,4,4164.70,2,4164.60,4,4164.50,4,4164.40,7,4164.30,4,4164.20,5,4164.10,12,4165.20,2,4165.30,7,4165.40,4,4165.50,6,4165.60,6,4165.70,6,4165.80,7,4165.90,14,4166.00,14,4166.10,16,Buy,36,23,59,13.00,13.00,-7.00,1.10,72.7,4163.90,4164.70,4163.60,4164.70,107,223,330,-116.00,12.00,-121.00,3.50,57.1,-162,399,0.0431,0.0000,-152.00,-224.00,4174.64,-0.8530,DOWN,217.30,1.5186,2.3639
20260619 110216 849,4164.80,1,4164.80,4164.90,0.10,4165.00,2,4164.90,5,4164.80,4,4164.70,2,4164.60,4,4164.50,4,4164.40,7,4164.30,4,4164.20,5,4164.10,12,4165.20,2,4165.30,7,4165.40,4,4165.50,6,4165.60,6,4165.70,6,4165.80,7,4165.90,14,4166.00,14,4166.10,16,Buy,37,23,60,14.00,14.00,-7.00,1.20,75.0,4163.90,4164.80,4163.60,4164.80,107,223,330,-116.00,12.00,-121.00,3.50,57.1,-162,399,0.0431,0.0000,-151.00,-223.00,4174.65,-0.8498,DOWN,217.30,1.5186,2.3710
20260619 110216 869,4165.00,1,4164.80,4164.90,0.10,4165.00,2,4164.90,5,4164.80,4,4164.70,2,4164.60,4,4164.50,4,4164.40,7,4164.30,4,4164.20,5,4164.10,12,4165.20,2,4165.30,7,4165.40,4,4165.50,6,4165.60,6,4165.70,6,4165.80,7,4165.90,14,4166.00,14,4166.10,16,Buy,38,23,61,15.00,15.00,-7.00,1.40,78.6,4163.90,4165.00,4163.60,4165.00,107,223,330,-116.00,12.00,-121.00,3.50,57.1,-162,399,0.0431,0.0000,-150.00,-222.00,4174.67,-0.8435,DOWN,217.30,1.5186,2.3853
20260619 110216 869,4165.00,1,4164.80,4164.90,0.10,4165.00,2,4164.90,5,4164.80,4,4164.70,2,4164.60,4,4164.50,4,4164.40,7,4164.30,4,4164.20,5,4164.10,12,4165.20,2,4165.30,7,4165.40,4,4165.50,6,4165.60,6,4165.70,6,4165.80,7,4165.90,14,4166.00,14,4166.10,16,Buy,39,23,62,16.00,16.00,-7.00,1.40,78.6,4163.90,4165.00,4163.60,4165.00,107,223,330,-116.00,12.00,-121.00,3.50,57.1,-162,399,0.0431,0.0000,-149.00,-221.00,4174.67,-0.8435,DOWN,217.30,1.5186,2.3853
20260619 110216 869,4165.10,1,4164.90,4165.10,0.20,4164.90,2,4164.80,3,4164.70,3,4164.60,4,4164.50,4,4164.40,7,4164.30,4,4164.20,5,4164.10,12,4164.00,11,4165.10,2,4165.20,5,4165.30,9,4165.40,5,4165.50,6,4165.60,6,4165.70,6,4165.80,18,4165.90,14,4166.00,14,Buy,40,23,63,17.00,17.00,-7.00,1.50,80.0,4163.90,4165.10,4163.60,4165.10,107,223,330,-116.00,12.00,-121.00,3.50,57.1,-162,399,0.0431,0.0000,-148.00,-220.00,4174.68,-0.8403,DOWN,217.30,1.5186,2.3924
20260619 110216 869,4165.10,1,4164.90,4165.10,0.20,4164.90,2,4164.80,3,4164.70,3,4164.60,4,4164.50,4,4164.40,7,4164.30,4,4164.20,5,4164.10,12,4164.00,11,4165.10,2,4165.20,5,4165.30,9,4165.40,5,4165.50,6,4165.60,6,4165.70,6,4165.80,18,4165.90,14,4166.00,14,Buy,41,23,64,18.00,18.00,-7.00,1.50,80.0,4163.90,4165.10,4163.60,4165.10,107,223,330,-116.00,12.00,-121.00,3.50,57.1,-162,399,0.0431,0.0000,-147.00,-219.00,4174.68,-0.8403,DOWN,217.30,1.5186,2.3924
20260619 110216 869,4165.10,1,4164.90,4165.10,0.20,4164.90,2,4164.80,3,4164.70,3,4164.60,4,4164.50,4,4164.40,7,4164.30,4,4164.20,5,4164.10,12,4164.00,11,4165.10,2,4165.20,5,4165.30,9,4165.40,5,4165.50,6,4165.60,6,4165.70,6,4165.80,18,4165.90,14,4166.00,14,Buy,42,23,65,19.00,19.00,-7.00,1.50,80.0,4163.90,4165.10,4163.60,4165.10,107,223,330,-116.00,12.00,-121.00,3.50,57.1,-162,399,0.0431,0.0000,-146.00,-218.00,4174.68,-0.8403,DOWN,217.30,1.5186,2.3924
20260619 110216 869,4165.10,2,4164.90,4165.10,0.20,4164.90,2,4164.80,3,4164.70,3,4164.60,4,4164.50,4,4164.40,7,4164.30,4,4164.20,5,4164.10,12,4164.00,11,4165.10,2,4165.20,5,4165.30,9,4165.40,5,4165.50,6,4165.60,6,4165.70,6,4165.80,18,4165.90,14,4166.00,14,Buy,44,23,67,21.00,21.00,-7.00,1.50,80.0,4163.90,4165.10,4163.60,4165.10,107,223,330,-116.00,12.00,-121.00,3.50,57.1,-162,399,0.0431,0.0000,-144.00,-216.00,4174.68,-0.8403,DOWN,217.30,1.5186,2.3924
20260619 110216 878,4165.00,1,4164.90,4165.10,0.20,4164.90,2,4164.80,3,4164.70,3,4164.60,4,4164.50,4,4164.40,7,4164.30,4,4164.20,5,4164.10,12,4164.00,11,4165.10,2,4165.20,5,4165.30,9,4165.40,5,4165.50,6,4165.60,6,4165.70,6,4165.80,18,4165.90,14,4166.00,14,Sell,44,24,68,20.00,21.00,-7.00,1.50,73.3,4163.90,4165.10,4163.60,4165.00,107,223,330,-116.00,12.00,-121.00,3.50,57.1,-162,399,0.0431,0.0500,-145.00,-217.00,4174.67,-0.8435,DOWN,217.30,1.5186,2.3924
20260619 110216 878,4165.00,1,4164.90,4165.10,0.20,4164.90,2,4164.80,3,4164.70,3,4164.60,4,4164.50,4,4164.40,7,4164.30,4,4164.20,5,4164.10,12,4164.00,11,4165.10,2,4165.20,5,4165.30,9,4165.40,5,4165.50,6,4165.60,6,4165.70,6,4165.80,18,4165.90,14,4166.00,14,Sell,44,25,69,19.00,21.00,-7.00,1.50,73.3,4163.90,4165.10,4163.60,4165.00,107,223,330,-116.00,12.00,-121.00,3.50,57.1,-162,399,0.0431,0.1053,-146.00,-218.00,4174.67,-0.8435,DOWN,217.30,1.5186,2.3924
20260619 110216 882,4164.80,1,4164.90,4165.10,0.20,4164.90,2,4164.80,3,4164.70,3,4164.60,4,4164.50,4,4164.40,7,4164.30,4,4164.20,5,4164.10,12,4164.00,11,4165.10,2,4165.20,5,4165.30,9,4165.40,5,4165.50,6,4165.60,6,4165.70,6,4165.80,18,4165.90,14,4166.00,14,Sell,44,26,70,18.00,21.00,-7.00,1.50,60.0,4163.90,4165.10,4163.60,4164.80,107,223,330,-116.00,12.00,-121.00,3.50,57.1,-162,399,0.0431,0.1667,-147.00,-219.00,4174.65,-0.8498,DOWN,217.30,1.5186,2.3924
20260619 110216 918,4165.00,1,4164.90,4165.10,0.20,4164.90,2,4164.80,3,4164.70,3,4164.60,4,4164.50,4,4164.40,7,4164.30,4,4164.20,5,4164.10,12,4164.00,11,4165.10,1,4165.20,5,4165.30,9,4165.40,5,4165.50,6,4165.60,6,4165.70,6,4165.80,18,4165.90,14,4166.00,14,Sell,44,27,71,17.00,21.00,-7.00,1.50,73.3,4163.90,4165.10,4163.60,4165.00,107,223,330,-116.00,12.00,-121.00,3.50,57.1,-162,399,0.0431,0.2353,-148.00,-220.00,4174.67,-0.8435,DOWN,217.30,1.5186,2.3924
20260619 110217 117,4165.00,1,4164.90,4165.00,0.10,4164.90,2,4164.80,3,4164.70,3,4164.60,5,4164.50,5,4164.40,8,4164.30,5,4164.20,5,4164.10,12,4164.00,11,4165.00,5,4165.10,1,4165.20,4,4165.30,9,4165.40,5,4165.50,6,4165.60,6,4165.70,6,4165.80,18,4165.90,14,Buy,45,27,72,18.00,21.00,-7.00,1.50,73.3,4163.90,4165.10,4163.60,4165.00,107,223,330,-116.00,12.00,-121.00,3.50,57.1,-162,399,0.0431,0.1667,-147.00,-219.00,4174.67,-0.8435,DOWN,217.30,1.5186,2.3924
20260619 110217 120,4165.00,1,4164.90,4165.00,0.10,4164.90,2,4164.80,3,4164.70,3,4164.60,5,4164.50,5,4164.40,8,4164.30,5,4164.20,5,4164.10,12,4164.00,11,4165.00,5,4165.10,1,4165.20,4,4165.30,9,4165.40,5,4165.50,6,4165.60,6,4165.70,6,4165.80,18,4165.90,14,Buy,46,27,73,19.00,21.00,-7.00,1.50,73.3,4163.90,4165.10,4163.60,4165.00,107,223,330,-116.00,12.00,-121.00,3.50,57.1,-162,399,0.0431,0.1053,-146.00,-218.00,4174.67,-0.8435,DOWN,217.30,1.5186,2.3924
20260619 110217 120,4165.00,2,4164.90,4165.00,0.10,4164.90,2,4164.80,3,4164.70,3,4164.60,5,4164.50,5,4164.40,8,4164.30,5,4164.20,5,4164.10,12,4164.00,11,4165.00,5,4165.10,1,4165.20,4,4165.30,9,4165.40,5,4165.50,6,4165.60,6,4165.70,6,4165.80,18,4165.90,14,Buy,48,27,75,21.00,21.00,-7.00,1.50,73.3,4163.90,4165.10,4163.60,4165.00,107,223,330,-116.00,12.00,-121.00,3.50,57.1,-162,399,0.0431,0.0000,-144.00,-216.00,4174.67,-0.8435,DOWN,217.30,1.5186,2.3924
20260619 110217 122,4165.00,1,4165.00,4165.20,0.20,4165.00,3,4164.90,5,4164.80,3,4164.70,3,4164.60,4,4164.50,4,4164.40,8,4164.30,5,4164.20,5,4164.10,12,4165.20,4,4165.30,9,4165.40,5,4165.50,7,4165.60,6,4165.70,6,4165.80,18,4165.90,14,4166.00,14,4166.10,16,Buy,49,27,76,22.00,22.00,-7.00,1.50,73.3,4163.90,4165.10,4163.60,4165.00,107,223,330,-116.00,12.00,-121.00,3.50,57.1,-162,399,0.0431,0.0000,-143.00,-215.00,4174.67,-0.8435,DOWN,217.30,1.5186,2.3924
20260619 110217 136,4165.10,1,4165.00,4165.20,0.20,4165.00,3,4164.90,5,4164.80,3,4164.70,3,4164.60,4,4164.50,4,4164.40,8,4164.30,5,4164.20,5,4164.10,12,4165.20,4,4165.30,9,4165.40,5,4165.50,7,4165.60,6,4165.70,6,4165.80,18,4165.90,14,4166.00,14,4166.10,16,Buy,50,27,77,23.00,23.00,-7.00,1.50,80.0,4163.90,4165.10,4163.60,4165.10,107,223,330,-116.00,12.00,-121.00,3.50,57.1,-162,399,0.0431,0.0000,-142.00,-214.00,4174.68,-0.8403,DOWN,217.30,1.5186,2.3924
20260619 110217 717,4165.00,1,4164.90,4165.10,0.20,4164.90,3,4164.80,3,4164.70,3,4164.60,4,4164.50,4,4164.40,8,4164.30,5,4164.20,6,4164.10,11,4164.00,11,4165.10,2,4165.20,4,4165.30,9,4165.40,5,4165.50,7,4165.60,6,4165.70,6,4165.80,18,4165.90,14,4166.00,14,Sell,50,28,78,22.00,23.00,-7.00,1.50,73.3,4163.90,4165.10,4163.60,4165.00,107,223,330,-116.00,12.00,-121.00,3.50,57.1,-162,399,0.0431,0.0455,-143.00,-215.00,4174.67,-0.8435,DOWN,217.30,1.5186,2.3924
20260619 110218 053,4165.10,1,4165.10,4165.30,0.20,4165.10,2,4165.00,4,4164.90,4,4164.80,5,4164.70,4,4164.60,4,4164.50,4,4164.40,8,4164.30,5,4164.20,11,4165.30,2,4165.40,4,4165.50,7,4165.60,6,4165.70,6,4165.80,18,4165.90,14,4166.00,14,4166.10,16,4166.20,14,Sell,50,29,79,21.00,23.00,-7.00,1.50,80.0,4163.90,4165.10,4163.60,4165.10,107,223,330,-116.00,12.00,-121.00,3.50,57.1,-162,399,0.0431,0.0952,-144.00,-216.00,4174.68,-0.8403,DOWN,217.30,1.5186,2.3924
20260619 110218 053,4165.10,1,4165.10,4165.30,0.20,4165.10,2,4165.00,4,4164.90,4,4164.80,5,4164.70,4,4164.60,4,4164.50,4,4164.40,8,4164.30,5,4164.20,11,4165.30,2,4165.40,4,4165.50,7,4165.60,6,4165.70,6,4165.80,18,4165.90,14,4166.00,14,4166.10,16,4166.20,14,Sell,50,30,80,20.00,23.00,-7.00,1.50,80.0,4163.90,4165.10,4163.60,4165.10,107,223,330,-116.00,12.00,-121.00,3.50,57.1,-162,399,0.0431,0.1500,-145.00,-217.00,4174.68,-0.8403,DOWN,217.30,1.5186,2.3924
20260619 110218 057,4165.30,1,4165.10,4165.30,0.20,4165.10,2,4165.00,4,4164.90,4,4164.80,5,4164.70,4,4164.60,4,4164.50,4,4164.40,8,4164.30,5,4164.20,11,4165.30,2,4165.40,4,4165.50,7,4165.60,6,4165.70,6,4165.80,18,4165.90,14,4166.00,14,4166.10,16,4166.20,14,Buy,51,30,81,21.00,23.00,-7.00,1.70,82.4,4163.90,4165.30,4163.60,4165.30,107,223,330,-116.00,12.00,-121.00,3.50,57.1,-162,399,0.0431,0.0952,-144.00,-216.00,4174.70,-0.8340,DOWN,217.30,1.5186,2.4067
20260619 110218 057,4165.30,2,4165.10,4165.30,0.20,4165.10,2,4165.00,4,4164.90,4,4164.80,5,4164.70,4,4164.60,4,4164.50,4,4164.40,8,4164.30,5,4164.20,11,4165.30,2,4165.40,4,4165.50,7,4165.60,6,4165.70,6,4165.80,18,4165.90,14,4166.00,14,4166.10,16,4166.20,14,Buy,53,30,83,23.00,23.00,-7.00,1.70,82.4,4163.90,4165.30,4163.60,4165.30,107,223,330,-116.00,12.00,-121.00,3.50,57.1,-162,399,0.0431,0.0000,-142.00,-214.00,4174.70,-0.8340,DOWN,217.30,1.5186,2.4067
20260619 110218 130,4165.30,1,4165.10,4165.30,0.20,4165.10,2,4165.00,4,4164.90,4,4164.80,5,4164.70,4,4164.60,4,4164.50,4,4164.40,8,4164.30,5,4164.20,11,4165.30,1,4165.40,4,4165.50,7,4165.60,6,4165.70,6,4165.80,18,4165.90,14,4166.00,14,4166.10,16,4166.20,14,Buy,54,30,84,24.00,24.00,-7.00,1.70,82.4,4163.90,4165.30,4163.60,4165.30,107,223,330,-116.00,12.00,-121.00,3.50,57.1,-162,399,0.0431,0.0000,-141.00,-213.00,4174.70,-0.8340,DOWN,217.30,1.5186,2.4067
20260619 110218 327,4165.10,1,4165.00,4165.20,0.20,4165.00,3,4164.90,4,4164.80,5,4164.70,4,4164.60,4,4164.50,4,4164.40,8,4164.30,5,4164.20,11,4164.10,10,4165.20,2,4165.30,5,4165.40,4,4165.50,6,4165.60,6,4165.70,6,4165.80,8,4165.90,14,4166.00,14,4166.10,16,Sell,54,31,85,23.00,24.00,-7.00,1.70,70.6,4163.90,4165.30,4163.60,4165.10,107,223,330,-116.00,12.00,-121.00,3.50,57.1,-162,399,0.0431,0.0435,-142.00,-214.00,4174.68,-0.8403,DOWN,217.30,1.5186,2.4067
20260619 110218 340,4165.20,1,4165.00,4165.20,0.20,4165.00,3,4164.90,4,4164.80,5,4164.70,4,4164.60,4,4164.50,4,4164.40,8,4164.30,5,4164.20,11,4164.10,10,4165.20,2,4165.30,5,4165.40,4,4165.50,6,4165.60,6,4165.70,6,4165.80,8,4165.90,14,4166.00,14,4166.10,16,Buy,55,31,86,24.00,24.00,-7.00,1.70,76.5,4163.90,4165.30,4163.60,4165.20,107,223,330,-116.00,12.00,-121.00,3.50,57.1,-162,399,0.0431,0.0000,-141.00,-213.00,4174.69,-0.8371,DOWN,217.30,1.5186,2.4067
20260619 110218 535,4165.00,1,4164.90,4165.10,0.20,4164.90,1,4164.80,3,4164.70,2,4164.60,4,4164.50,4,4164.40,7,4164.30,5,4164.20,7,4164.10,5,4164.00,11,4165.10,2,4165.20,5,4165.30,6,4165.40,3,4165.50,7,4165.60,6,4165.70,6,4165.80,8,4165.90,14,4166.00,14,Sell,55,32,87,23.00,24.00,-7.00,1.70,64.7,4163.90,4165.30,4163.60,4165.00,107,223,330,-116.00,12.00,-121.00,3.50,57.1,-162,399,0.0431,0.0435,-142.00,-214.00,4174.67,-0.8435,DOWN,217.30,1.5186,2.4067
20260619 110218 535,4165.00,1,4164.90,4165.10,0.20,4164.90,1,4164.80,3,4164.70,2,4164.60,4,4164.50,4,4164.40,7,4164.30,5,4164.20,7,4164.10,5,4164.00,11,4165.10,2,4165.20,5,4165.30,6,4165.40,3,4165.50,7,4165.60,6,4165.70,6,4165.80,8,4165.90,14,4166.00,14,Sell,55,33,88,22.00,24.00,-7.00,1.70,64.7,4163.90,4165.30,4163.60,4165.00,107,223,330,-116.00,12.00,-121.00,3.50,57.1,-162,399,0.0431,0.0909,-143.00,-215.00,4174.67,-0.8435,DOWN,217.30,1.5186,2.4067
20260619 110218 535,4165.00,1,4164.90,4165.10,0.20,4164.90,1,4164.80,3,4164.70,2,4164.60,4,4164.50,4,4164.40,7,4164.30,5,4164.20,7,4164.10,5,4164.00,11,4165.10,2,4165.20,5,4165.30,6,4165.40,3,4165.50,7,4165.60,6,4165.70,6,4165.80,8,4165.90,14,4166.00,14,Sell,55,34,89,21.00,24.00,-7.00,1.70,64.7,4163.90,4165.30,4163.60,4165.00,107,223,330,-116.00,12.00,-121.00,3.50,57.1,-162,399,0.0431,0.1429,-144.00,-216.00,4174.67,-0.8435,DOWN,217.30,1.5186,2.4067
20260619 110218 571,4164.90,1,4164.90,4165.10,0.20,4164.90,1,4164.80,3,4164.70,2,4164.60,4,4164.50,4,4164.40,7,4164.30,5,4164.20,7,4164.10,5,4164.00,11,4165.10,2,4165.20,5,4165.30,6,4165.40,3,4165.50,7,4165.60,6,4165.70,6,4165.80,8,4165.90,14,4166.00,14,Sell,55,35,90,20.00,24.00,-7.00,1.70,58.8,4163.90,4165.30,4163.60,4164.90,107,223,330,-116.00,12.00,-121.00,3.50,57.1,-162,399,0.0431,0.2000,-145.00,-217.00,4174.66,-0.8467,DOWN,217.30,1.5186,2.4067
20260619 110218 573,4164.90,1,4164.90,4165.10,0.20,4164.90,1,4164.80,3,4164.70,2,4164.60,4,4164.50,4,4164.40,7,4164.30,5,4164.20,7,4164.10,5,4164.00,11,4165.10,2,4165.20,5,4165.30,6,4165.40,3,4165.50,7,4165.60,6,4165.70,6,4165.80,8,4165.90,14,4166.00,14,Sell,55,36,91,19.00,24.00,-7.00,1.70,58.8,4163.90,4165.30,4163.60,4164.90,107,223,330,-116.00,12.00,-121.00,3.50,57.1,-162,399,0.0431,0.2632,-146.00,-218.00,4174.66,-0.8467,DOWN,217.30,1.5186,2.4067
20260619 110218 881,4165.10,1,4164.90,4165.10,0.20,4164.90,1,4164.80,3,4164.70,2,4164.60,4,4164.50,4,4164.40,7,4164.30,5,4164.20,7,4164.10,5,4164.00,11,4165.10,3,4165.20,4,4165.30,6,4165.40,3,4165.50,7,4165.60,6,4165.70,6,4165.80,8,4165.90,14,4166.00,14,Buy,56,36,92,20.00,24.00,-7.00,1.70,70.6,4163.90,4165.30,4163.60,4165.10,107,223,330,-116.00,12.00,-121.00,3.50,57.1,-162,399,0.0431,0.2000,-145.00,-217.00,4174.68,-0.8403,DOWN,217.30,1.5186,2.4067
20260619 110218 881,4165.10,1,4164.90,4165.10,0.20,4164.90,1,4164.80,3,4164.70,2,4164.60,4,4164.50,4,4164.40,7,4164.30,5,4164.20,7,4164.10,5,4164.00,11,4165.10,3,4165.20,4,4165.30,6,4165.40,3,4165.50,7,4165.60,6,4165.70,6,4165.80,8,4165.90,14,4166.00,14,Buy,57,36,93,21.00,24.00,-7.00,1.70,70.6,4163.90,4165.30,4163.60,4165.10,107,223,330,-116.00,12.00,-121.00,3.50,57.1,-162,399,0.0431,0.1429,-144.00,-216.00,4174.68,-0.8403,DOWN,217.30,1.5186,2.4067
20260619 110218 881,4165.20,1,4164.90,4165.10,0.20,4164.90,1,4164.80,3,4164.70,2,4164.60,4,4164.50,4,4164.40,7,4164.30,5,4164.20,7,4164.10,5,4164.00,11,4165.10,3,4165.20,4,4165.30,6,4165.40,3,4165.50,7,4165.60,6,4165.70,6,4165.80,8,4165.90,14,4166.00,14,Buy,58,36,94,22.00,24.00,-7.00,1.70,76.5,4163.90,4165.30,4163.60,4165.20,107,223,330,-116.00,12.00,-121.00,3.50,57.1,-162,399,0.0431,0.0909,-143.00,-215.00,4174.69,-0.8371,DOWN,217.30,1.5186,2.4067
20260619 110218 915,4164.90,1,4164.90,4165.10,0.20,4164.90,1,4164.80,3,4164.70,2,4164.60,4,4164.50,4,4164.40,7,4164.30,5,4164.20,7,4164.10,5,4164.00,11,4165.10,3,4165.20,4,4165.30,6,4165.40,3,4165.50,7,4165.60,6,4165.70,6,4165.80,8,4165.90,14,4166.00,14,Sell,58,37,95,21.00,24.00,-7.00,1.70,58.8,4163.90,4165.30,4163.60,4164.90,107,223,330,-116.00,12.00,-121.00,3.50,57.1,-162,399,0.0431,0.1429,-144.00,-216.00,4174.66,-0.8467,DOWN,217.30,1.5186,2.4067
20260619 110218 915,4164.90,1,4164.90,4165.10,0.20,4164.90,1,4164.80,3,4164.70,2,4164.60,4,4164.50,4,4164.40,7,4164.30,5,4164.20,7,4164.10,5,4164.00,11,4165.10,3,4165.20,4,4165.30,6,4165.40,3,4165.50,7,4165.60,6,4165.70,6,4165.80,8,4165.90,14,4166.00,14,Sell,58,38,96,20.00,24.00,-7.00,1.70,58.8,4163.90,4165.30,4163.60,4164.90,107,223,330,-116.00,12.00,-121.00,3.50,57.1,-162,399,0.0431,0.2000,-145.00,-217.00,4174.66,-0.8467,DOWN,217.30,1.5186,2.4067
20260619 110220 097,4164.90,1,4164.90,4165.10,0.20,4164.90,1,4164.80,3,4164.70,3,4164.60,4,4164.50,4,4164.40,7,4164.30,5,4164.20,7,4164.10,5,4164.00,11,4165.10,2,4165.20,4,4165.30,6,4165.40,3,4165.50,7,4165.60,6,4165.70,6,4165.80,8,4165.90,14,4166.00,14,Sell,58,39,97,19.00,24.00,-7.00,1.70,58.8,4163.90,4165.30,4163.60,4164.90,107,223,330,-116.00,12.00,-121.00,3.50,57.1,-162,399,0.0431,0.2632,-146.00,-218.00,4174.66,-0.8467,DOWN,217.30,1.5186,2.4067
20260619 110220 097,4164.90,1,4164.90,4165.10,0.20,4164.90,1,4164.80,3,4164.70,3,4164.60,4,4164.50,4,4164.40,7,4164.30,5,4164.20,7,4164.10,5,4164.00,11,4165.10,2,4165.20,4,4165.30,6,4165.40,3,4165.50,7,4165.60,6,4165.70,6,4165.80,8,4165.90,14,4166.00,14,Sell,58,40,98,18.00,24.00,-7.00,1.70,58.8,4163.90,4165.30,4163.60,4164.90,107,223,330,-116.00,12.00,-121.00,3.50,57.1,-162,399,0.0431,0.3333,-147.00,-219.00,4174.66,-0.8467,DOWN,217.30,1.5186,2.4067
20260619 110220 097,4164.90,1,4164.90,4165.10,0.20,4164.90,1,4164.80,3,4164.70,3,4164.60,4,4164.50,4,4164.40,7,4164.30,5,4164.20,7,4164.10,5,4164.00,11,4165.10,2,4165.20,4,4165.30,6,4165.40,3,4165.50,7,4165.60,6,4165.70,6,4165.80,8,4165.90,14,4166.00,14,Sell,58,41,99,17.00,24.00,-7.00,1.70,58.8,4163.90,4165.30,4163.60,4164.90,107,223,330,-116.00,12.00,-121.00,3.50,57.1,-162,399,0.0431,0.4118,-148.00,-220.00,4174.66,-0.8467,DOWN,217.30,1.5186,2.4067
20260619 110220 097,4164.80,1,4164.90,4165.10,0.20,4164.90,1,4164.80,3,4164.70,3,4164.60,4,4164.50,4,4164.40,7,4164.30,5,4164.20,7,4164.10,5,4164.00,11,4165.10,2,4165.20,4,4165.30,6,4165.40,3,4165.50,7,4165.60,6,4165.70,6,4165.80,8,4165.90,14,4166.00,14,Sell,58,42,100,16.00,24.00,-7.00,1.70,52.9,4163.90,4165.30,4163.60,4164.80,107,223,330,-116.00,12.00,-121.00,3.50,57.1,-162,399,0.0431,0.5000,-149.00,-221.00,4174.65,-0.8498,DOWN,217.30,1.5186,2.4067
20260619 110220 097,4164.80,1,4164.90,4165.10,0.20,4164.90,1,4164.80,3,4164.70,3,4164.60,4,4164.50,4,4164.40,7,4164.30,5,4164.20,7,4164.10,5,4164.00,11,4165.10,2,4165.20,4,4165.30,6,4165.40,3,4165.50,7,4165.60,6,4165.70,6,4165.80,8,4165.90,14,4166.00,14,Sell,58,43,101,15.00,24.00,-7.00,1.70,52.9,4163.90,4165.30,4163.60,4164.80,107,223,330,-116.00,12.00,-121.00,3.50,57.1,-162,399,0.0431,0.6000,-150.00,-222.00,4174.65,-0.8498,DOWN,217.30,1.5186,2.4067
20260619 110220 285,4165.10,1,4164.90,4165.10,0.20,4165.00,1,4164.90,4,4164.80,2,4164.70,2,4164.60,4,4164.50,4,4164.40,7,4164.30,5,4164.20,7,4164.10,5,4165.20,1,4165.30,7,4165.40,4,4165.50,6,4165.60,6,4165.70,6,4165.80,8,4165.90,14,4166.00,14,4166.10,16,Buy,59,43,102,16.00,24.00,-7.00,1.70,70.6,4163.90,4165.30,4163.60,4165.10,107,223,330,-116.00,12.00,-121.00,3.50,57.1,-162,399,0.0431,0.5000,-149.00,-221.00,4174.68,-0.8403,DOWN,217.30,1.5186,2.4067
20260619 110220 285,4165.10,1,4164.90,4165.10,0.20,4165.00,1,4164.90,4,4164.80,2,4164.70,2,4164.60,4,4164.50,4,4164.40,7,4164.30,5,4164.20,7,4164.10,5,4165.20,1,4165.30,7,4165.40,4,4165.50,6,4165.60,6,4165.70,6,4165.80,8,4165.90,14,4166.00,14,4166.10,16,Buy,60,43,103,17.00,24.00,-7.00,1.70,70.6,4163.90,4165.30,4163.60,4165.10,107,223,330,-116.00,12.00,-121.00,3.50,57.1,-162,399,0.0431,0.4118,-148.00,-220.00,4174.68,-0.8403,DOWN,217.30,1.5186,2.4067
20260619 110221 316,4165.20,1,4165.00,4165.20,0.20,4165.00,2,4164.90,3,4164.80,2,4164.70,2,4164.60,4,4164.50,4,4164.40,7,4164.30,5,4164.20,7,4164.10,5,4165.20,2,4165.30,7,4165.40,4,4165.50,6,4165.60,6,4165.70,6,4165.80,8,4165.90,14,4166.00,14,4166.10,16,Buy,61,43,104,18.00,24.00,-7.00,1.70,76.5,4163.90,4165.30,4163.60,4165.20,107,223,330,-116.00,12.00,-121.00,3.50,57.1,-162,399,0.0431,0.3333,-147.00,-219.00,4174.69,-0.8371,DOWN,217.30,1.5186,2.4067
20260619 110221 400,4165.20,1,4165.20,4165.30,0.10,4165.10,4,4165.00,4,4164.90,3,4164.80,3,4164.70,2,4164.60,4,4164.50,4,4164.40,8,4164.30,10,4164.20,11,4165.30,1,4165.40,2,4165.50,4,4165.60,6,4165.70,6,4165.80,8,4165.90,5,4166.00,14,4166.10,16,4166.20,14,Sell,61,44,105,17.00,24.00,-7.00,1.70,76.5,4163.90,4165.30,4163.60,4165.20,107,223,330,-116.00,12.00,-121.00,3.50,57.1,-162,399,0.0431,0.4118,-148.00,-220.00,4174.69,-0.8371,DOWN,217.30,1.5186,2.4067
20260619 110221 400,4165.20,1,4165.20,4165.30,0.10,4165.10,4,4165.00,4,4164.90,3,4164.80,3,4164.70,2,4164.60,4,4164.50,4,4164.40,8,4164.30,10,4164.20,11,4165.30,1,4165.40,2,4165.50,4,4165.60,6,4165.70,6,4165.80,8,4165.90,5,4166.00,14,4166.10,16,4166.20,14,Sell,61,45,106,16.00,24.00,-7.00,1.70,76.5,4163.90,4165.30,4163.60,4165.20,107,223,330,-116.00,12.00,-121.00,3.50,57.1,-162,399,0.0431,0.5000,-149.00,-221.00,4174.69,-0.8371,DOWN,217.30,1.5186,2.4067
20260619 110222 866,4165.10,1,4165.10,4165.30,0.20,4165.10,1,4165.00,4,4164.90,3,4164.80,3,4164.70,2,4164.60,5,4164.50,5,4164.40,8,4164.30,10,4164.20,11,4165.30,10,4165.40,2,4165.50,4,4165.60,6,4165.70,6,4165.80,8,4165.90,5,4166.00,14,4166.10,16,4166.20,14,Sell,61,46,107,15.00,24.00,-7.00,1.70,70.6,4163.90,4165.30,4163.60,4165.10,107,223,330,-116.00,12.00,-121.00,3.50,57.1,-162,399,0.0431,0.6000,-150.00,-222.00,4174.68,-0.8403,DOWN,217.30,1.5186,2.4067
20260619 110223 469,4165.30,1,4165.30,4165.50,0.20,4165.30,2,4165.20,3,4165.10,3,4165.00,4,4164.90,3,4164.80,3,4164.70,3,4164.60,5,4164.50,5,4164.40,13,4165.50,1,4165.60,4,4165.70,6,4165.80,8,4165.90,5,4166.00,5,4166.10,16,4166.20,14,4166.30,17,4166.40,17,Buy,62,46,108,16.00,24.00,-7.00,1.70,82.4,4163.90,4165.30,4163.60,4165.30,107,223,330,-116.00,12.00,-121.00,3.50,57.1,-162,399,0.0431,0.5000,-149.00,-221.00,4174.70,-0.8340,DOWN,217.30,1.5186,2.4067
20260619 110223 469,4165.30,2,4165.30,4165.50,0.20,4165.30,2,4165.20,3,4165.10,3,4165.00,4,4164.90,3,4164.80,3,4164.70,3,4164.60,5,4164.50,5,4164.40,13,4165.50,1,4165.60,4,4165.70,6,4165.80,8,4165.90,5,4166.00,5,4166.10,16,4166.20,14,4166.30,17,4166.40,17,Buy,64,46,110,18.00,24.00,-7.00,1.70,82.4,4163.90,4165.30,4163.60,4165.30,107,223,330,-116.00,12.00,-121.00,3.50,57.1,-162,399,0.0431,0.3333,-147.00,-219.00,4174.70,-0.8340,DOWN,217.30,1.5186,2.4067
20260619 110223 469,4165.30,6,4165.30,4165.50,0.20,4165.30,2,4165.20,3,4165.10,3,4165.00,4,4164.90,3,4164.80,3,4164.70,3,4164.60,5,4164.50,5,4164.40,13,4165.50,1,4165.60,4,4165.70,6,4165.80,8,4165.90,5,4166.00,5,4166.10,16,4166.20,14,4166.30,17,4166.40,17,Buy,70,46,116,24.00,24.00,-7.00,1.70,82.4,4163.90,4165.30,4163.60,4165.30,107,223,330,-116.00,12.00,-121.00,3.50,57.1,-162,399,0.0431,0.0000,-141.00,-213.00,4174.70,-0.8340,DOWN,217.30,1.5186,2.4067
20260619 110223 557,4165.40,1,4165.30,4165.50,0.20,4165.30,1,4165.20,3,4165.10,3,4165.00,4,4164.90,3,4164.80,3,4164.70,3,4164.60,5,4164.50,5,4164.40,12,4165.50,2,4165.60,3,4165.70,6,4165.80,8,4165.90,5,4166.00,5,4166.10,16,4166.20,14,4166.30,17,4166.40,17,Sell,70,47,117,23.00,24.00,-7.00,1.80,83.3,4163.90,4165.40,4163.60,4165.40,107,223,330,-116.00,12.00,-121.00,3.50,57.1,-162,399,0.0431,0.0435,-142.00,-214.00,4174.71,-0.8308,DOWN,217.30,1.5186,2.4139
20260619 110223 571,4165.30,1,4165.00,4165.20,0.20,4165.00,3,4164.90,3,4164.80,3,4164.70,2,4164.60,4,4164.50,5,4164.40,7,4164.30,5,4164.20,6,4164.10,10,4165.20,1,4165.30,2,4165.40,6,4165.50,5,4165.60,3,4165.70,6,4165.80,8,4165.90,5,4166.00,5,4166.10,16,Sell,70,48,118,22.00,24.00,-7.00,1.80,77.8,4163.90,4165.40,4163.60,4165.30,107,223,330,-116.00,12.00,-121.00,3.50,57.1,-162,399,0.0431,0.0909,-143.00,-215.00,4174.70,-0.8340,DOWN,217.30,1.5186,2.4139
20260619 110223 652,4165.20,1,4165.30,4165.40,0.10,4165.00,3,4164.90,3,4164.80,3,4164.70,2,4164.60,4,4164.50,4,4164.40,7,4164.30,5,4164.20,6,4164.10,10,4165.30,3,4165.40,6,4165.50,5,4165.60,3,4165.70,6,4165.80,8,4165.90,5,4166.00,5,4166.10,16,4166.20,14,Buy,71,48,119,23.00,24.00,-7.00,1.80,72.2,4163.90,4165.40,4163.60,4165.20,107,223,330,-116.00,12.00,-121.00,3.50,57.1,-162,399,0.0431,0.0435,-142.00,-214.00,4174.69,-0.8371,DOWN,217.30,1.5186,2.4139
20260619 110223 652,4165.30,1,4165.30,4165.40,0.10,4165.00,3,4164.90,3,4164.80,3,4164.70,2,4164.60,4,4164.50,4,4164.40,7,4164.30,5,4164.20,6,4164.10,10,4165.30,3,4165.40,6,4165.50,5,4165.60,3,4165.70,6,4165.80,8,4165.90,5,4166.00,5,4166.10,16,4166.20,14,Buy,72,48,120,24.00,24.00,-7.00,1.80,77.8,4163.90,4165.40,4163.60,4165.30,107,223,330,-116.00,12.00,-121.00,3.50,57.1,-162,399,0.0431,0.0000,-141.00,-213.00,4174.70,-0.8340,DOWN,217.30,1.5186,2.4139
20260619 110223 652,4165.30,1,4165.30,4165.40,0.10,4165.00,3,4164.90,3,4164.80,3,4164.70,2,4164.60,4,4164.50,4,4164.40,7,4164.30,5,4164.20,6,4164.10,10,4165.30,3,4165.40,6,4165.50,5,4165.60,3,4165.70,6,4165.80,8,4165.90,5,4166.00,5,4166.10,16,4166.20,14,Buy,73,48,121,25.00,25.00,-7.00,1.80,77.8,4163.90,4165.40,4163.60,4165.30,107,223,330,-116.00,12.00,-121.00,3.50,57.1,-162,399,0.0431,0.0000,-140.00,-212.00,4174.70,-0.8340,DOWN,217.30,1.5186,2.4139
20260619 110223 652,4165.30,2,4165.30,4165.40,0.10,4165.00,3,4164.90,3,4164.80,3,4164.70,2,4164.60,4,4164.50,4,4164.40,7,4164.30,5,4164.20,6,4164.10,10,4165.30,3,4165.40,6,4165.50,5,4165.60,3,4165.70,6,4165.80,8,4165.90,5,4166.00,5,4166.10,16,4166.20,14,Sell,73,50,123,23.00,25.00,-7.00,1.80,77.8,4163.90,4165.40,4163.60,4165.30,107,223,330,-116.00,12.00,-121.00,3.50,57.1,-162,399,0.0431,0.0870,-142.00,-214.00,4174.70,-0.8340,DOWN,217.30,1.5186,2.4139
20260619 110224 060,4165.00,1,4164.90,4165.10,0.20,4164.90,2,4164.80,2,4164.70,2,4164.60,4,4164.50,4,4164.40,7,4164.30,5,4164.20,6,4164.10,10,4164.00,11,4165.10,1,4165.20,4,4165.30,6,4165.40,7,4165.50,5,4165.60,3,4165.70,6,4165.80,8,4165.90,5,4166.00,15,Sell,73,51,124,22.00,25.00,-7.00,1.80,61.1,4163.90,4165.40,4163.60,4165.00,107,223,330,-116.00,12.00,-121.00,3.50,57.1,-162,399,0.0431,0.1364,-143.00,-215.00,4174.67,-0.8435,DOWN,217.30,1.5186,2.4139
20260619 110224 060,4165.00,1,4164.90,4165.10,0.20,4164.90,2,4164.80,2,4164.70,2,4164.60,4,4164.50,4,4164.40,7,4164.30,5,4164.20,6,4164.10,10,4164.00,11,4165.10,1,4165.20,4,4165.30,6,4165.40,7,4165.50,5,4165.60,3,4165.70,6,4165.80,8,4165.90,5,4166.00,15,Sell,73,52,125,21.00,25.00,-7.00,1.80,61.1,4163.90,4165.40,4163.60,4165.00,107,223,330,-116.00,12.00,-121.00,3.50,57.1,-162,399,0.0431,0.1905,-144.00,-216.00,4174.67,-0.8435,DOWN,217.30,1.5186,2.4139
20260619 110225 567,4165.10,1,4165.10,4165.30,0.20,4165.10,1,4165.00,3,4164.90,4,4164.80,4,4164.70,2,4164.60,4,4164.50,4,4164.40,7,4164.30,5,4164.20,6,4165.30,5,4165.40,7,4165.50,5,4165.60,3,4165.70,6,4165.80,8,4165.90,5,4166.00,15,4166.10,16,4166.20,14,Sell,73,53,126,20.00,25.00,-7.00,1.80,66.7,4163.90,4165.40,4163.60,4165.10,107,223,330,-116.00,12.00,-121.00,3.50,57.1,-162,399,0.0431,0.2500,-145.00,-217.00,4174.68,-0.8403,DOWN,217.30,1.5186,2.4139
20260619 110226 569,4165.30,1,4165.20,4165.40,0.20,4165.20,1,4165.10,2,4165.00,3,4164.90,4,4164.80,4,4164.70,2,4164.60,4,4164.50,4,4164.40,7,4164.30,5,4165.40,4,4165.50,4,4165.60,3,4165.70,6,4165.80,8,4165.90,5,4166.00,15,4166.10,16,4166.20,14,4166.30,17,Buy,74,53,127,21.00,25.00,-7.00,1.80,77.8,4163.90,4165.40,4163.60,4165.30,107,223,330,-116.00,12.00,-121.00,3.50,57.1,-162,399,0.0431,0.1905,-144.00,-216.00,4174.70,-0.8340,DOWN,217.30,1.5186,2.4139
20260619 110226 569,4165.30,1,4165.20,4165.40,0.20,4165.20,1,4165.10,2,4165.00,3,4164.90,4,4164.80,4,4164.70,2,4164.60,4,4164.50,4,4164.40,7,4164.30,5,4165.40,4,4165.50,4,4165.60,3,4165.70,6,4165.80,8,4165.90,5,4166.00,15,4166.10,16,4166.20,14,4166.30,17,Buy,75,53,128,22.00,25.00,-7.00,1.80,77.8,4163.90,4165.40,4163.60,4165.30,107,223,330,-116.00,12.00,-121.00,3.50,57.1,-162,399,0.0431,0.1364,-143.00,-215.00,4174.70,-0.8340,DOWN,217.30,1.5186,2.4139
20260619 110226 569,4165.30,1,4165.20,4165.40,0.20,4165.20,1,4165.10,2,4165.00,3,4164.90,4,4164.80,4,4164.70,2,4164.60,4,4164.50,4,4164.40,7,4164.30,5,4165.40,4,4165.50,4,4165.60,3,4165.70,6,4165.80,8,4165.90,5,4166.00,15,4166.10,16,4166.20,14,4166.30,17,Buy,76,53,129,23.00,25.00,-7.00,1.80,77.8,4163.90,4165.40,4163.60,4165.30,107,223,330,-116.00,12.00,-121.00,3.50,57.1,-162,399,0.0431,0.0870,-142.00,-214.00,4174.70,-0.8340,DOWN,217.30,1.5186,2.4139
20260619 110226 570,4165.20,1,4165.20,4165.40,0.20,4165.20,1,4165.10,2,4165.00,3,4164.90,4,4164.80,4,4164.70,2,4164.60,4,4164.50,4,4164.40,7,4164.30,5,4165.40,4,4165.50,4,4165.60,3,4165.70,6,4165.80,8,4165.90,5,4166.00,15,4166.10,16,4166.20,14,4166.30,17,Sell,76,54,130,22.00,25.00,-7.00,1.80,72.2,4163.90,4165.40,4163.60,4165.20,107,223,330,-116.00,12.00,-121.00,3.50,57.1,-162,399,0.0431,0.1364,-143.00,-215.00,4174.69,-0.8371,DOWN,217.30,1.5186,2.4139
20260619 110226 659,4165.30,1,4165.20,4165.50,0.30,4165.20,3,4165.10,2,4165.00,3,4164.90,4,4164.80,4,4164.70,2,4164.60,4,4164.50,4,4164.40,7,4164.30,10,4165.50,5,4165.60,2,4165.70,6,4165.80,8,4165.90,5,4166.00,5,4166.10,16,4166.20,14,4166.30,17,4166.40,17,Sell,76,55,131,21.00,25.00,-7.00,1.80,77.8,4163.90,4165.40,4163.60,4165.30,107,223,330,-116.00,12.00,-121.00,3.50,57.1,-162,399,0.0431,0.1905,-144.00,-216.00,4174.70,-0.8340,DOWN,217.30,1.5186,2.4139
20260619 110226 932,4165.30,1,4165.30,4165.50,0.20,4165.30,1,4165.20,3,4165.10,2,4165.00,3,4164.90,4,4164.80,4,4164.70,2,4164.60,4,4164.50,4,4164.40,12,4165.50,2,4165.60,2,4165.70,5,4165.80,8,4165.90,5,4166.00,5,4166.10,16,4166.20,14,4166.30,17,4166.40,17,Sell,76,56,132,20.00,25.00,-7.00,1.80,77.8,4163.90,4165.40,4163.60,4165.30,107,223,330,-116.00,12.00,-121.00,3.50,57.1,-162,399,0.0431,0.2500,-145.00,-217.00,4174.70,-0.8340,DOWN,217.30,1.5186,2.4139
20260619 110227 041,4165.40,1,4165.30,4165.40,0.10,4165.30,1,4165.20,3,4165.10,2,4165.00,3,4164.90,4,4164.80,5,4164.70,3,4164.60,5,4164.50,4,4164.40,12,4165.40,4,4165.50,2,4165.60,1,4165.70,5,4165.80,6,4165.90,5,4166.00,5,4166.10,16,4166.20,14,4166.30,17,Sell,76,57,133,19.00,25.00,-7.00,1.80,83.3,4163.90,4165.40,4163.60,4165.40,107,223,330,-116.00,12.00,-121.00,3.50,57.1,-162,399,0.0431,0.3158,-146.00,-218.00,4174.71,-0.8308,DOWN,217.30,1.5186,2.4139
20260619 110227 110,4165.30,1,4165.30,4165.50,0.20,4165.30,2,4165.20,5,4165.10,3,4165.00,3,4164.90,4,4164.80,5,4164.70,3,4164.60,5,4164.50,5,4164.40,12,4165.50,2,4165.60,1,4165.70,5,4165.80,5,4165.90,5,4166.00,5,4166.10,16,4166.20,14,4166.30,17,4166.40,17,Sell,76,58,134,18.00,25.00,-7.00,1.80,77.8,4163.90,4165.40,4163.60,4165.30,107,223,330,-116.00,12.00,-121.00,3.50,57.1,-162,399,0.0431,0.3889,-147.00,-219.00,4174.70,-0.8340,DOWN,217.30,1.5186,2.4139
20260619 110227 115,4165.40,1,4165.30,4165.50,0.20,4165.30,2,4165.20,5,4165.10,3,4165.00,3,4164.90,4,4164.80,5,4164.70,3,4164.60,5,4164.50,5,4164.40,12,4165.50,2,4165.60,1,4165.70,5,4165.80,5,4165.90,5,4166.00,5,4166.10,16,4166.20,14,4166.30,17,4166.40,17,Buy,77,58,135,19.00,25.00,-7.00,1.80,83.3,4163.90,4165.40,4163.60,4165.40,107,223,330,-116.00,12.00,-121.00,3.50,57.1,-162,399,0.0431,0.3158,-146.00,-218.00,4174.71,-0.8308,DOWN,217.30,1.5186,2.4139
20260619 110227 115,4165.40,3,4165.30,4165.50,0.20,4165.30,2,4165.20,5,4165.10,3,4165.00,3,4164.90,4,4164.80,5,4164.70,3,4164.60,5,4164.50,5,4164.40,12,4165.50,2,4165.60,1,4165.70,5,4165.80,5,4165.90,5,4166.00,5,4166.10,16,4166.20,14,4166.30,17,4166.40,17,Buy,80,58,138,22.00,25.00,-7.00,1.80,83.3,4163.90,4165.40,4163.60,4165.40,107,223,330,-116.00,12.00,-121.00,3.50,57.1,-162,399,0.0431,0.1364,-143.00,-215.00,4174.71,-0.8308,DOWN,217.30,1.5186,2.4139
20260619 110228 414,4165.30,1,4165.30,4165.50,0.20,4165.30,1,4165.20,5,4165.10,3,4165.00,3,4164.90,4,4164.80,5,4164.70,3,4164.60,5,4164.50,5,4164.40,12,4165.50,3,4165.60,1,4165.70,5,4165.80,5,4165.90,5,4166.00,5,4166.10,16,4166.20,14,4166.30,17,4166.40,16,Sell,80,59,139,21.00,25.00,-7.00,1.80,77.8,4163.90,4165.40,4163.60,4165.30,107,223,330,-116.00,12.00,-121.00,3.50,57.1,-162,399,0.0431,0.1905,-144.00,-216.00,4174.70,-0.8340,DOWN,217.30,1.5186,2.4139
20260619 110229 897,4165.50,1,4165.40,4165.60,0.20,4165.40,2,4165.30,4,4165.20,5,4165.10,3,4165.00,3,4164.90,4,4164.80,6,4164.70,3,4164.60,9,4164.50,10,4165.60,3,4165.70,5,4165.80,4,4165.90,3,4166.00,5,4166.10,6,4166.20,4,4166.30,7,4166.40,12,4166.50,9,Buy,81,59,140,22.00,25.00,-7.00,1.90,84.2,4163.90,4165.50,4163.60,4165.50,107,223,330,-116.00,12.00,-121.00,3.50,57.1,-162,399,0.0431,0.1364,-143.00,-215.00,4174.72,-0.8276,DOWN,217.30,1.5186,2.4210
20260619 110229 897,4165.50,1,4165.40,4165.60,0.20,4165.40,2,4165.30,4,4165.20,5,4165.10,3,4165.00,3,4164.90,4,4164.80,6,4164.70,3,4164.60,9,4164.50,10,4165.60,3,4165.70,5,4165.80,4,4165.90,3,4166.00,5,4166.10,6,4166.20,4,4166.30,7,4166.40,12,4166.50,9,Buy,82,59,141,23.00,25.00,-7.00,1.90,84.2,4163.90,4165.50,4163.60,4165.50,107,223,330,-116.00,12.00,-121.00,3.50,57.1,-162,399,0.0431,0.0870,-142.00,-214.00,4174.72,-0.8276,DOWN,217.30,1.5186,2.4210
20260619 110229 910,4165.60,1,4165.40,4165.60,0.20,4165.40,2,4165.30,4,4165.20,5,4165.10,3,4165.00,3,4164.90,4,4164.80,6,4164.70,3,4164.60,9,4164.50,10,4165.60,3,4165.70,5,4165.80,4,4165.90,3,4166.00,5,4166.10,6,4166.20,4,4166.30,7,4166.40,12,4166.50,9,Sell,82,60,142,22.00,25.00,-7.00,2.00,85.0,4163.90,4165.60,4163.60,4165.60,107,223,330,-116.00,12.00,-121.00,3.50,57.1,-162,399,0.0431,0.1364,-143.00,-215.00,4174.73,-0.8244,DOWN,217.30,1.5186,2.4281
20260619 110229 911,4165.60,1,4165.40,4165.60,0.20,4165.40,2,4165.30,4,4165.20,5,4165.10,3,4165.00,3,4164.90,4,4164.80,6,4164.70,3,4164.60,9,4164.50,10,4165.60,3,4165.70,5,4165.80,4,4165.90,3,4166.00,5,4166.10,6,4166.20,4,4166.30,7,4166.40,12,4166.50,9,Sell,82,61,143,21.00,25.00,-7.00,2.00,85.0,4163.90,4165.60,4163.60,4165.60,107,223,330,-116.00,12.00,-121.00,3.50,57.1,-162,399,0.0431,0.1905,-144.00,-216.00,4174.73,-0.8244,DOWN,217.30,1.5186,2.4281
20260619 110229 924,4165.60,1,4165.40,4165.60,0.20,4165.40,2,4165.30,4,4165.20,5,4165.10,3,4165.00,3,4164.90,4,4164.80,6,4164.70,3,4164.60,9,4164.50,10,4165.60,3,4165.70,5,4165.80,4,4165.90,3,4166.00,5,4166.10,6,4166.20,4,4166.30,7,4166.40,12,4166.50,9,Buy,83,61,144,22.00,25.00,-7.00,2.00,85.0,4163.90,4165.60,4163.60,4165.60,107,223,330,-116.00,12.00,-121.00,3.50,57.1,-162,399,0.0431,0.1364,-143.00,-215.00,4174.73,-0.8244,DOWN,217.30,1.5186,2.4281
20260619 110232 096,4165.70,1,4165.50,4165.70,0.20,4165.50,2,4165.40,5,4165.30,5,4165.20,4,4165.10,3,4165.00,3,4164.90,5,4164.80,6,4164.70,8,4164.60,9,4165.70,1,4165.80,1,4165.90,3,4166.00,4,4166.10,6,4166.20,4,4166.30,7,4166.40,12,4166.50,9,4166.60,11,Buy,84,61,145,23.00,25.00,-7.00,2.10,85.7,4163.90,4165.70,4163.60,4165.70,107,223,330,-116.00,12.00,-121.00,3.50,57.1,-162,399,0.0431,0.0870,-142.00,-214.00,4174.74,-0.8213,DOWN,217.30,1.5186,2.4353
20260619 110232 323,4165.70,1,4165.60,4165.80,0.20,4165.60,1,4165.50,3,4165.40,5,4165.30,5,4165.20,4,4165.10,3,4165.00,3,4164.90,5,4164.80,6,4164.70,8,4165.80,3,4165.90,3,4166.00,4,4166.10,6,4166.20,4,4166.30,7,4166.40,12,4166.50,9,4166.60,11,4166.70,9,Buy,85,61,146,24.00,25.00,-7.00,2.10,85.7,4163.90,4165.70,4163.60,4165.70,107,223,330,-116.00,12.00,-121.00,3.50,57.1,-162,399,0.0431,0.0417,-141.00,-213.00,4174.74,-0.8213,DOWN,217.30,1.5186,2.4353
20260619 110233 215,4165.80,1,4165.60,4165.80,0.20,4165.60,1,4165.50,3,4165.40,5,4165.30,5,4165.20,4,4165.10,3,4165.00,3,4164.90,5,4164.80,6,4164.70,8,4165.80,3,4165.90,3,4166.00,4,4166.10,6,4166.20,4,4166.30,7,4166.40,12,4166.50,9,4166.60,11,4166.70,9,Buy,86,61,147,25.00,25.00,-7.00,2.20,86.4,4163.90,4165.80,4163.60,4165.80,107,223,330,-116.00,12.00,-121.00,3.50,57.1,-162,399,0.0431,0.0000,-140.00,-212.00,4174.75,-0.8181,DOWN,217.30,1.5186,2.4424
20260619 110235 268,4165.80,1,4165.60,4165.80,0.20,4165.60,4,4165.50,3,4165.40,5,4165.30,5,4165.20,4,4165.10,3,4165.00,6,4164.90,5,4164.80,6,4164.70,7,4165.80,1,4165.90,3,4166.00,4,4166.10,4,4166.20,4,4166.30,7,4166.40,12,4166.50,9,4166.60,11,4166.70,9,Buy,87,61,148,26.00,26.00,-7.00,2.20,86.4,4163.90,4165.80,4163.60,4165.80,107,223,330,-116.00,12.00,-121.00,3.50,57.1,-162,399,0.0431,0.0000,-139.00,-211.00,4174.75,-0.8181,DOWN,217.30,1.5186,2.4424
20260619 110235 268,4165.90,1,4165.60,4165.80,0.20,4165.60,4,4165.50,3,4165.40,5,4165.30,5,4165.20,4,4165.10,3,4165.00,6,4164.90,5,4164.80,6,4164.70,7,4165.80,1,4165.90,3,4166.00,4,4166.10,4,4166.20,4,4166.30,7,4166.40,12,4166.50,9,4166.60,11,4166.70,9,Buy,88,61,149,27.00,27.00,-7.00,2.30,87.0,4163.90,4165.90,4163.60,4165.90,107,223,330,-116.00,12.00,-121.00,3.50,57.1,-162,399,0.0431,0.0000,-138.00,-210.00,4174.76,-0.8149,DOWN,217.30,1.5186,2.4496
20260619 110235 268,4165.90,1,4165.60,4165.80,0.20,4165.60,4,4165.50,3,4165.40,5,4165.30,5,4165.20,4,4165.10,3,4165.00,6,4164.90,5,4164.80,6,4164.70,7,4165.80,1,4165.90,3,4166.00,4,4166.10,4,4166.20,4,4166.30,7,4166.40,12,4166.50,9,4166.60,11,4166.70,9,Buy,89,61,150,28.00,28.00,-7.00,2.30,87.0,4163.90,4165.90,4163.60,4165.90,107,223,330,-116.00,12.00,-121.00,3.50,57.1,-162,399,0.0431,0.0000,-137.00,-209.00,4174.76,-0.8149,DOWN,217.30,1.5186,2.4496
20260619 110235 779,4165.60,1,4165.50,4165.70,0.20,4165.50,2,4165.40,2,4165.30,5,4165.20,4,4165.10,3,4165.00,4,4164.90,4,4164.80,6,4164.70,2,4164.60,9,4165.70,3,4165.80,6,4165.90,5,4166.00,4,4166.10,5,4166.20,4,4166.30,7,4166.40,12,4166.50,9,4166.60,11,Sell,89,62,151,27.00,28.00,-7.00,2.30,73.9,4163.90,4165.90,4163.60,4165.60,107,223,330,-116.00,12.00,-121.00,3.50,57.1,-162,399,0.0431,0.0370,-138.00,-210.00,4174.73,-0.8244,DOWN,217.30,1.5186,2.4496
20260619 110235 780,4165.50,1,4165.50,4165.70,0.20,4165.50,2,4165.40,2,4165.30,5,4165.20,4,4165.10,3,4165.00,4,4164.90,4,4164.80,6,4164.70,2,4164.60,9,4165.70,3,4165.80,6,4165.90,5,4166.00,4,4166.10,5,4166.20,4,4166.30,7,4166.40,12,4166.50,9,4166.60,11,Sell,89,63,152,26.00,28.00,-7.00,2.30,69.6,4163.90,4165.90,4163.60,4165.50,107,223,330,-116.00,12.00,-121.00,3.50,57.1,-162,399,0.0431,0.0769,-139.00,-211.00,4174.72,-0.8276,DOWN,217.30,1.5186,2.4496
20260619 110235 780,4165.50,1,4165.50,4165.70,0.20,4165.50,2,4165.40,2,4165.30,5,4165.20,4,4165.10,3,4165.00,4,4164.90,4,4164.80,6,4164.70,2,4164.60,9,4165.70,3,4165.80,6,4165.90,5,4166.00,4,4166.10,5,4166.20,4,4166.30,7,4166.40,12,4166.50,9,4166.60,11,Sell,89,64,153,25.00,28.00,-7.00,2.30,69.6,4163.90,4165.90,4163.60,4165.50,107,223,330,-116.00,12.00,-121.00,3.50,57.1,-162,399,0.0431,0.1200,-140.00,-212.00,4174.72,-0.8276,DOWN,217.30,1.5186,2.4496
20260619 110235 783,4165.50,1,4165.50,4165.70,0.20,4165.50,2,4165.40,2,4165.30,5,4165.20,4,4165.10,3,4165.00,4,4164.90,4,4164.80,6,4164.70,2,4164.60,9,4165.70,3,4165.80,6,4165.90,5,4166.00,4,4166.10,5,4166.20,4,4166.30,7,4166.40,12,4166.50,9,4166.60,11,Buy,90,64,154,26.00,28.00,-7.00,2.30,69.6,4163.90,4165.90,4163.60,4165.50,107,223,330,-116.00,12.00,-121.00,3.50,57.1,-162,399,0.0431,0.0769,-139.00,-211.00,4174.72,-0.8276,DOWN,217.30,1.5186,2.4496
20260619 110236 082,4165.90,1,4165.70,4165.90,0.20,4165.70,2,4165.60,4,4165.50,3,4165.40,3,4165.30,6,4165.20,4,4165.10,3,4165.00,5,4164.90,5,4164.80,14,4165.90,2,4166.00,3,4166.10,3,4166.20,4,4166.30,7,4166.40,6,4166.50,4,4166.60,11,4166.70,9,4166.80,9,Buy,91,64,155,27.00,28.00,-7.00,2.30,87.0,4163.90,4165.90,4163.60,4165.90,107,223,330,-116.00,12.00,-121.00,3.50,57.1,-162,399,0.0431,0.0370,-138.00,-210.00,4174.76,-0.8149,DOWN,217.30,1.5186,2.4496
20260619 110236 126,4165.90,1,4165.90,4166.10,0.20,4165.90,1,4165.80,4,4165.70,3,4165.60,4,4165.50,3,4165.40,3,4165.30,6,4165.20,4,4165.10,4,4165.00,5,4166.10,3,4166.20,2,4166.30,7,4166.40,6,4166.50,4,4166.60,12,4166.70,9,4166.80,9,4166.90,11,4167.00,11,Buy,92,64,156,28.00,28.00,-7.00,2.30,87.0,4163.90,4165.90,4163.60,4165.90,107,223,330,-116.00,12.00,-121.00,3.50,57.1,-162,399,0.0431,0.0000,-137.00,-209.00,4174.76,-0.8149,DOWN,217.30,1.5186,2.4496
20260619 110236 342,4166.30,1,4166.30,4166.40,0.10,4166.30,2,4166.20,3,4166.10,3,4166.00,3,4165.90,4,4165.80,5,4165.70,3,4165.60,5,4165.50,4,4165.40,9,4166.40,1,4166.50,2,4166.60,4,4166.70,4,4166.80,4,4166.90,5,4167.00,5,4167.10,15,4167.20,16,4167.30,16,Sell,92,65,157,27.00,28.00,-7.00,2.70,88.9,4163.90,4166.30,4163.60,4166.30,107,223,330,-116.00,12.00,-121.00,3.50,57.1,-162,399,0.0431,0.0370,-138.00,-210.00,4174.80,-0.8022,DOWN,217.30,1.5186,2.4781
20260619 110236 445,4166.40,1,4166.40,4166.60,0.20,4166.40,2,4166.30,5,4166.20,3,4166.10,4,4166.00,4,4165.90,4,4165.80,5,4165.70,5,4165.60,5,4165.50,9,4166.60,2,4166.70,3,4166.80,4,4166.90,5,4167.00,5,4167.10,15,4167.20,16,4167.30,16,4167.40,10,4167.50,12,Buy,93,65,158,28.00,28.00,-7.00,2.80,89.3,4163.90,4166.40,4163.60,4166.40,107,223,330,-116.00,12.00,-121.00,3.50,57.1,-162,399,0.0431,0.0000,-137.00,-209.00,4174.80,-0.7990,DOWN,217.30,1.5186,2.4853
20260619 110237 132,4166.60,1,4166.50,4166.60,0.10,4166.40,2,4166.30,5,4166.20,3,4166.10,3,4166.00,4,4165.90,4,4165.80,5,4165.70,5,4165.60,5,4165.50,9,4166.60,1,4166.70,3,4166.80,4,4166.90,5,4167.00,5,4167.10,15,4167.20,16,4167.30,16,4167.40,10,4167.50,12,Buy,94,65,159,29.00,29.00,-7.00,3.00,90.0,4163.90,4166.60,4163.60,4166.60,107,223,330,-116.00,12.00,-121.00,3.50,57.1,-162,399,0.0431,0.0000,-136.00,-208.00,4174.82,-0.7927,DOWN,217.30,1.5186,2.4996
20260619 110237 233,4166.70,1,4166.60,4166.80,0.20,4166.60,2,4166.50,3,4166.40,4,4166.30,6,4166.20,4,4166.10,4,4166.00,5,4165.90,5,4165.80,11,4165.70,9,4166.80,1,4166.90,5,4167.00,4,4167.10,5,4167.20,6,4167.30,7,4167.40,5,4167.50,6,4167.60,14,4167.70,10,Sell,94,66,160,28.00,29.00,-7.00,3.10,90.3,4163.90,4166.70,4163.60,4166.70,107,223,330,-116.00,12.00,-121.00,3.50,57.1,-162,399,0.0431,0.0357,-137.00,-209.00,4174.83,-0.7895,DOWN,217.30,1.5186,2.5067
20260619 110237 334,4166.80,1,4166.60,4166.80,0.20,4166.60,2,4166.50,3,4166.40,4,4166.30,6,4166.20,4,4166.10,4,4166.00,5,4165.90,5,4165.80,11,4165.70,9,4166.80,1,4166.90,5,4167.00,5,4167.10,5,4167.20,6,4167.30,7,4167.40,5,4167.50,6,4167.60,14,4167.70,10,Buy,95,66,161,29.00,29.00,-7.00,3.20,90.6,4163.90,4166.80,4163.60,4166.80,107,223,330,-116.00,12.00,-121.00,3.50,57.1,-162,399,0.0431,0.0000,-136.00,-208.00,4174.84,-0.7863,DOWN,217.30,1.5186,2.5139
20260619 110238 148,4166.70,1,4166.50,4166.80,0.30,4166.50,3,4166.40,3,4166.30,4,4166.20,4,4166.10,3,4166.00,4,4165.90,5,4165.80,11,4165.70,9,4165.60,9,4166.80,4,4166.90,5,4167.00,5,4167.10,6,4167.20,6,4167.30,7,4167.40,5,4167.50,6,4167.60,14,4167.70,10,Buy,96,66,162,30.00,30.00,-7.00,3.20,87.5,4163.90,4166.80,4163.60,4166.70,107,223,330,-116.00,12.00,-121.00,3.50,57.1,-162,399,0.0431,0.0000,-135.00,-207.00,4174.83,-0.7895,DOWN,217.30,1.5186,2.5139
20260619 110238 299,4166.70,1,4166.60,4166.70,0.10,4166.60,2,4166.50,4,4166.40,3,4166.30,5,4166.20,4,4166.10,3,4166.00,4,4165.90,5,4165.80,11,4165.70,9,4166.80,1,4166.90,4,4167.00,4,4167.10,6,4167.20,6,4167.30,7,4167.40,5,4167.50,6,4167.60,14,4167.70,10,Buy,97,66,163,31.00,31.00,-7.00,3.20,87.5,4163.90,4166.80,4163.60,4166.70,107,223,330,-116.00,12.00,-121.00,3.50,57.1,-162,399,0.0431,0.0000,-134.00,-206.00,4174.83,-0.7895,DOWN,217.30,1.5186,2.5139
20260619 110238 640,4166.80,1,4166.80,4167.00,0.20,4166.80,3,4166.70,3,4166.60,4,4166.50,4,4166.40,4,4166.30,5,4166.20,4,4166.10,3,4166.00,5,4165.90,10,4167.00,4,4167.10,3,4167.20,6,4167.30,7,4167.40,5,4167.50,7,4167.60,14,4167.70,10,4167.80,9,4167.90,14,Buy,98,66,164,32.00,32.00,-7.00,3.20,90.6,4163.90,4166.80,4163.60,4166.80,107,223,330,-116.00,12.00,-121.00,3.50,57.1,-162,399,0.0431,0.0000,-133.00,-205.00,4174.84,-0.7863,DOWN,217.30,1.5186,2.5139
20260619 110239 194,4167.00,1,4166.90,4167.10,0.20,4166.90,2,4166.80,3,4166.70,3,4166.60,4,4166.50,3,4166.40,4,4166.30,5,4166.20,5,4166.10,4,4166.00,5,4167.10,3,4167.20,5,4167.30,6,4167.40,5,4167.50,7,4167.60,9,4167.70,14,4167.80,13,4167.90,14,4168.00,17,Buy,99,66,165,33.00,33.00,-7.00,3.40,91.2,4163.90,4167.00,4163.60,4167.00,107,223,330,-116.00,12.00,-121.00,3.50,57.1,-162,399,0.0431,0.0000,-132.00,-204.00,4174.86,-0.7800,DOWN,217.30,1.5186,2.5281
20260619 110239 307,4167.00,1,4166.90,4167.10,0.20,4166.90,1,4166.80,3,4166.70,3,4166.60,4,4166.50,3,4166.40,4,4166.30,5,4166.20,5,4166.10,4,4166.00,5,4167.10,4,4167.20,4,4167.30,6,4167.40,6,4167.50,7,4167.60,9,4167.70,14,4167.80,13,4167.90,14,4168.00,17,Buy,100,66,166,34.00,34.00,-7.00,3.40,91.2,4163.90,4167.00,4163.60,4167.00,107,223,330,-116.00,12.00,-121.00,3.50,57.1,-162,399,0.0431,0.0000,-131.00,-203.00,4174.86,-0.7800,DOWN,217.30,1.5186,2.5281
20260619 110239 307,4167.10,1,4166.90,4167.10,0.20,4166.90,1,4166.80,3,4166.70,3,4166.60,4,4166.50,3,4166.40,4,4166.30,5,4166.20,5,4166.10,4,4166.00,5,4167.10,4,4167.20,4,4167.30,6,4167.40,6,4167.50,7,4167.60,9,4167.70,14,4167.80,13,4167.90,14,4168.00,17,Buy,101,66,167,35.00,35.00,-7.00,3.50,91.4,4163.90,4167.10,4163.60,4167.10,107,223,330,-116.00,12.00,-121.00,3.50,57.1,-162,399,0.0431,0.0000,-130.00,-202.00,4174.87,-0.7768,DOWN,217.30,1.5186,2.5353
20260619 110239 307,4167.10,1,4166.90,4167.10,0.20,4166.90,1,4166.80,3,4166.70,3,4166.60,4,4166.50,3,4166.40,4,4166.30,5,4166.20,5,4166.10,4,4166.00,5,4167.10,4,4167.20,4,4167.30,6,4167.40,6,4167.50,7,4167.60,9,4167.70,14,4167.80,13,4167.90,14,4168.00,17,Buy,102,66,168,36.00,36.00,-7.00,3.50,91.4,4163.90,4167.10,4163.60,4167.10,107,223,330,-116.00,12.00,-121.00,3.50,57.1,-162,399,0.0431,0.0000,-129.00,-201.00,4174.87,-0.7768,DOWN,217.30,1.5186,2.5353
20260619 110239 307,4167.10,1,4166.90,4167.10,0.20,4166.90,1,4166.80,3,4166.70,3,4166.60,4,4166.50,3,4166.40,4,4166.30,5,4166.20,5,4166.10,4,4166.00,5,4167.10,4,4167.20,4,4167.30,6,4167.40,6,4167.50,7,4167.60,9,4167.70,14,4167.80,13,4167.90,14,4168.00,17,Buy,103,66,169,37.00,37.00,-7.00,3.50,91.4,4163.90,4167.10,4163.60,4167.10,107,223,330,-116.00,12.00,-121.00,3.50,57.1,-162,399,0.0431,0.0000,-128.00,-200.00,4174.87,-0.7768,DOWN,217.30,1.5186,2.5353
20260619 110239 307,4167.20,1,4166.90,4167.10,0.20,4166.90,1,4166.80,3,4166.70,3,4166.60,4,4166.50,3,4166.40,4,4166.30,5,4166.20,5,4166.10,4,4166.00,5,4167.10,4,4167.20,4,4167.30,6,4167.40,6,4167.50,7,4167.60,9,4167.70,14,4167.80,13,4167.90,14,4168.00,17,Buy,104,66,170,38.00,38.00,-7.00,3.60,91.7,4163.90,4167.20,4163.60,4167.20,107,223,330,-116.00,12.00,-121.00,3.50,57.1,-162,399,0.0431,0.0000,-127.00,-199.00,4174.88,-0.7736,DOWN,217.30,1.5186,2.5424
20260619 110239 390,4167.10,1,4167.10,4167.20,0.10,4167.10,1,4167.00,2,4166.90,4,4166.80,3,4166.70,2,4166.60,4,4166.50,3,4166.40,5,4166.30,6,4166.20,9,4167.20,1,4167.30,4,4167.40,4,4167.50,7,4167.60,9,4167.70,5,4167.80,4,4167.90,4,4168.00,7,4168.10,15,Buy,105,66,171,39.00,39.00,-7.00,3.60,88.9,4163.90,4167.20,4163.60,4167.10,107,223,330,-116.00,12.00,-121.00,3.50,57.1,-162,399,0.0431,0.0000,-126.00,-198.00,4174.87,-0.7768,DOWN,217.30,1.5186,2.5424
20260619 110239 390,4167.10,1,4167.10,4167.20,0.10,4167.10,1,4167.00,2,4166.90,4,4166.80,3,4166.70,2,4166.60,4,4166.50,3,4166.40,5,4166.30,6,4166.20,9,4167.20,1,4167.30,4,4167.40,4,4167.50,7,4167.60,9,4167.70,5,4167.80,4,4167.90,4,4168.00,7,4168.10,15,Buy,106,66,172,40.00,40.00,-7.00,3.60,88.9,4163.90,4167.20,4163.60,4167.10,107,223,330,-116.00,12.00,-121.00,3.50,57.1,-162,399,0.0431,0.0000,-125.00,-197.00,4174.87,-0.7768,DOWN,217.30,1.5186,2.5424
20260619 110239 390,4167.10,1,4167.10,4167.20,0.10,4167.10,1,4167.00,2,4166.90,4,4166.80,3,4166.70,2,4166.60,4,4166.50,3,4166.40,5,4166.30,6,4166.20,9,4167.20,1,4167.30,4,4167.40,4,4167.50,7,4167.60,9,4167.70,5,4167.80,4,4167.90,4,4168.00,7,4168.10,15,Buy,107,66,173,41.00,41.00,-7.00,3.60,88.9,4163.90,4167.20,4163.60,4167.10,107,223,330,-116.00,12.00,-121.00,3.50,57.1,-162,399,0.0431,0.0000,-124.00,-196.00,4174.87,-0.7768,DOWN,217.30,1.5186,2.5424
20260619 110239 401,4167.20,1,4167.10,4167.20,0.10,4167.10,1,4167.00,2,4166.90,4,4166.80,3,4166.70,2,4166.60,4,4166.50,3,4166.40,5,4166.30,6,4166.20,9,4167.20,1,4167.30,4,4167.40,4,4167.50,7,4167.60,9,4167.70,5,4167.80,4,4167.90,4,4168.00,7,4168.10,15,Buy,108,66,174,42.00,42.00,-7.00,3.60,91.7,4163.90,4167.20,4163.60,4167.20,107,223,330,-116.00,12.00,-121.00,3.50,57.1,-162,399,0.0431,0.0000,-123.00,-195.00,4174.88,-0.7736,DOWN,217.30,1.5186,2.5424
20260619 110239 521,4167.10,1,4167.10,4167.20,0.10,4167.10,1,4167.00,2,4166.90,4,4166.80,3,4166.70,2,4166.60,4,4166.50,3,4166.40,5,4166.30,6,4166.20,9,4167.20,2,4167.30,4,4167.40,4,4167.50,7,4167.60,9,4167.70,5,4167.80,4,4167.90,4,4168.00,7,4168.10,15,Sell,108,67,175,41.00,42.00,-7.00,3.60,88.9,4163.90,4167.20,4163.60,4167.10,107,223,330,-116.00,12.00,-121.00,3.50,57.1,-162,399,0.0431,0.0244,-124.00,-196.00,4174.87,-0.7768,DOWN,217.30,1.5186,2.5424
20260619 110239 639,4167.00,1,4167.00,4167.20,0.20,4166.90,4,4166.80,3,4166.70,2,4166.60,4,4166.50,4,4166.40,5,4166.30,6,4166.20,9,4166.10,8,4166.00,9,4167.20,3,4167.30,4,4167.40,4,4167.50,7,4167.60,9,4167.70,5,4167.80,4,4167.90,4,4168.00,7,4168.10,15,Sell,108,68,176,40.00,42.00,-7.00,3.60,86.1,4163.90,4167.20,4163.60,4167.00,107,223,330,-116.00,12.00,-121.00,3.50,57.1,-162,399,0.0431,0.0500,-125.00,-197.00,4174.86,-0.7800,DOWN,217.30,1.5186,2.5424
20260619 110240 184,4167.20,1,4167.10,4167.20,0.10,4167.10,2,4167.00,5,4166.90,4,4166.80,5,4166.70,2,4166.60,5,4166.50,4,4166.40,5,4166.30,11,4166.20,9,4167.30,2,4167.40,4,4167.50,6,4167.60,10,4167.70,5,4167.80,4,4167.90,4,4168.00,7,4168.10,15,4168.20,15,Buy,109,68,177,41.00,42.00,-7.00,3.60,91.7,4163.90,4167.20,4163.60,4167.20,107,223,330,-116.00,12.00,-121.00,3.50,57.1,-162,399,0.0431,0.0244,-124.00,-196.00,4174.88,-0.7736,DOWN,217.30,1.5186,2.5424
20260619 110240 637,4167.20,1,4167.10,4167.30,0.20,4167.10,2,4167.00,5,4166.90,4,4166.80,5,4166.70,2,4166.60,5,4166.50,4,4166.40,5,4166.30,10,4166.20,9,4167.30,2,4167.40,5,4167.50,6,4167.60,9,4167.70,6,4167.80,4,4167.90,4,4168.00,7,4168.10,15,4168.20,15,Sell,109,69,178,40.00,42.00,-7.00,3.60,91.7,4163.90,4167.20,4163.60,4167.20,107,223,330,-116.00,12.00,-121.00,3.50,57.1,-162,399,0.0431,0.0500,-125.00,-197.00,4174.88,-0.7736,DOWN,217.30,1.5186,2.5424
20260619 110240 766,4167.10,1,4166.80,4167.10,0.30,4166.80,3,4166.70,2,4166.60,4,4166.50,4,4166.40,5,4166.30,5,4166.20,4,4166.10,3,4166.00,9,4165.90,9,4167.10,4,4167.20,3,4167.30,5,4167.40,6,4167.50,7,4167.60,10,4167.70,6,4167.80,4,4167.90,14,4168.00,17,Sell,109,70,179,39.00,42.00,-7.00,3.60,88.9,4163.90,4167.20,4163.60,4167.10,107,223,330,-116.00,12.00,-121.00,3.50,57.1,-162,399,0.0431,0.0769,-126.00,-198.00,4174.87,-0.7768,DOWN,217.30,1.5186,2.5424
20260619 110240 766,4167.10,1,4166.80,4167.10,0.30,4166.80,3,4166.70,2,4166.60,4,4166.50,4,4166.40,5,4166.30,5,4166.20,4,4166.10,3,4166.00,9,4165.90,9,4167.10,4,4167.20,3,4167.30,5,4167.40,6,4167.50,7,4167.60,10,4167.70,6,4167.80,4,4167.90,14,4168.00,17,Sell,109,71,180,38.00,42.00,-7.00,3.60,88.9,4163.90,4167.20,4163.60,4167.10,107,223,330,-116.00,12.00,-121.00,3.50,57.1,-162,399,0.0431,0.1053,-127.00,-199.00,4174.87,-0.7768,DOWN,217.30,1.5186,2.5424
20260619 110240 766,4167.00,1,4166.80,4167.10,0.30,4166.80,3,4166.70,2,4166.60,4,4166.50,4,4166.40,5,4166.30,5,4166.20,4,4166.10,3,4166.00,9,4165.90,9,4167.10,4,4167.20,3,4167.30,5,4167.40,6,4167.50,7,4167.60,10,4167.70,6,4167.80,4,4167.90,14,4168.00,17,Sell,109,72,181,37.00,42.00,-7.00,3.60,86.1,4163.90,4167.20,4163.60,4167.00,107,223,330,-116.00,12.00,-121.00,3.50,57.1,-162,399,0.0431,0.1351,-128.00,-200.00,4174.86,-0.7800,DOWN,217.30,1.5186,2.5424
20260619 110240 766,4167.00,1,4166.80,4167.10,0.30,4166.80,3,4166.70,2,4166.60,4,4166.50,4,4166.40,5,4166.30,5,4166.20,4,4166.10,3,4166.00,9,4165.90,9,4167.10,4,4167.20,3,4167.30,5,4167.40,6,4167.50,7,4167.60,10,4167.70,6,4167.80,4,4167.90,14,4168.00,17,Sell,109,73,182,36.00,42.00,-7.00,3.60,86.1,4163.90,4167.20,4163.60,4167.00,107,223,330,-116.00,12.00,-121.00,3.50,57.1,-162,399,0.0431,0.1667,-129.00,-201.00,4174.86,-0.7800,DOWN,217.30,1.5186,2.5424
20260619 110240 768,4167.10,2,4166.80,4167.10,0.30,4166.80,3,4166.70,2,4166.60,4,4166.50,4,4166.40,5,4166.30,5,4166.20,4,4166.10,3,4166.00,9,4165.90,9,4167.10,4,4167.20,3,4167.30,5,4167.40,6,4167.50,7,4167.60,10,4167.70,6,4167.80,4,4167.90,14,4168.00,17,Buy,111,73,184,38.00,42.00,-7.00,3.60,88.9,4163.90,4167.20,4163.60,4167.10,107,223,330,-116.00,12.00,-121.00,3.50,57.1,-162,399,0.0431,0.1053,-127.00,-199.00,4174.87,-0.7768,DOWN,217.30,1.5186,2.5424
20260619 110241 726,4166.80,1,4166.80,4167.10,0.30,4166.80,1,4166.70,3,4166.60,4,4166.50,3,4166.40,4,4166.30,5,4166.20,4,4166.10,3,4166.00,9,4165.90,9,4167.00,2,4167.10,3,4167.20,4,4167.30,7,4167.40,7,4167.50,7,4167.60,10,4167.70,6,4167.80,4,4167.90,14,Sell,111,74,185,37.00,42.00,-7.00,3.60,80.6,4163.90,4167.20,4163.60,4166.80,107,223,330,-116.00,12.00,-121.00,3.50,57.1,-162,399,0.0431,0.1351,-128.00,-200.00,4174.84,-0.7863,DOWN,217.30,1.5186,2.5424
20260619 110242 011,4167.00,1,4167.00,4167.30,0.30,4167.00,3,4166.90,4,4166.80,3,4166.70,2,4166.60,4,4166.50,3,4166.40,4,4166.30,5,4166.20,9,4166.10,8,4167.30,7,4167.40,5,4167.50,7,4167.60,10,4167.70,6,4167.80,4,4167.90,12,4168.00,15,4168.10,13,4168.20,13,Sell,111,75,186,36.00,42.00,-7.00,3.60,86.1,4163.90,4167.20,4163.60,4167.00,107,223,330,-116.00,12.00,-121.00,3.50,57.1,-162,399,0.0431,0.1667,-129.00,-201.00,4174.86,-0.7800,DOWN,217.30,1.5186,2.5424
20260619 110242 276,4167.30,1,4167.10,4167.30,0.20,4167.10,2,4167.00,4,4166.90,4,4166.80,3,4166.70,2,4166.60,4,4166.50,3,4166.40,5,4166.30,5,4166.20,9,4167.40,5,4167.50,6,4167.60,10,4167.70,6,4167.80,4,4167.90,12,4168.00,15,4168.10,13,4168.20,13,4168.30,12,Buy,112,75,187,37.00,42.00,-7.00,3.70,91.9,4163.90,4167.30,4163.60,4167.30,107,223,330,-116.00,12.00,-121.00,3.50,57.1,-162,399,0.0431,0.1351,-128.00,-200.00,4174.89,-0.7705,DOWN,217.30,1.5186,2.5496
20260619 110242 899,4167.10,1,4167.00,4167.30,0.30,4167.00,2,4166.90,4,4166.80,3,4166.70,3,4166.60,4,4166.50,3,4166.40,5,4166.30,5,4166.20,9,4166.10,8,4167.30,5,4167.40,5,4167.50,6,4167.60,9,4167.70,6,4167.80,4,4167.90,12,4168.00,15,4168.10,13,4168.20,13,Sell,112,76,188,36.00,42.00,-7.00,3.70,86.5,4163.90,4167.30,4163.60,4167.10,107,223,330,-116.00,12.00,-121.00,3.50,57.1,-162,399,0.0431,0.1667,-129.00,-201.00,4174.87,-0.7768,DOWN,217.30,1.5186,2.5496
20260619 110242 899,4167.10,1,4167.00,4167.30,0.30,4167.00,2,4166.90,4,4166.80,3,4166.70,3,4166.60,4,4166.50,3,4166.40,5,4166.30,5,4166.20,9,4166.10,8,4167.30,5,4167.40,5,4167.50,6,4167.60,9,4167.70,6,4167.80,4,4167.90,12,4168.00,15,4168.10,13,4168.20,13,Sell,112,77,189,35.00,42.00,-7.00,3.70,86.5,4163.90,4167.30,4163.60,4167.10,107,223,330,-116.00,12.00,-121.00,3.50,57.1,-162,399,0.0431,0.2000,-130.00,-202.00,4174.87,-0.7768,DOWN,217.30,1.5186,2.5496
20260619 110242 899,4167.00,1,4167.00,4167.30,0.30,4167.00,2,4166.90,4,4166.80,3,4166.70,3,4166.60,4,4166.50,3,4166.40,5,4166.30,5,4166.20,9,4166.10,8,4167.30,5,4167.40,5,4167.50,6,4167.60,9,4167.70,6,4167.80,4,4167.90,12,4168.00,15,4168.10,13,4168.20,13,Sell,112,78,190,34.00,42.00,-7.00,3.70,83.8,4163.90,4167.30,4163.60,4167.00,107,223,330,-116.00,12.00,-121.00,3.50,57.1,-162,399,0.0431,0.2353,-131.00,-203.00,4174.86,-0.7800,DOWN,217.30,1.5186,2.5496
20260619 110243 068,4167.00,1,4167.00,4167.30,0.30,4167.00,1,4166.90,4,4166.80,3,4166.70,3,4166.60,4,4166.50,3,4166.40,5,4166.30,5,4166.20,9,4166.10,8,4167.30,5,4167.40,5,4167.50,6,4167.60,9,4167.70,6,4167.80,4,4167.90,12,4168.00,15,4168.10,13,4168.20,13,Sell,112,79,191,33.00,42.00,-7.00,3.70,83.8,4163.90,4167.30,4163.60,4167.00,107,223,330,-116.00,12.00,-121.00,3.50,57.1,-162,399,0.0431,0.2727,-132.00,-204.00,4174.86,-0.7800,DOWN,217.30,1.5186,2.5496
20260619 110243 275,4167.10,1,4167.10,4167.30,0.20,4167.00,1,4166.90,4,4166.80,3,4166.70,3,4166.60,4,4166.50,4,4166.40,5,4166.30,10,4166.20,9,4166.10,8,4167.20,1,4167.30,4,4167.40,5,4167.50,6,4167.60,10,4167.70,5,4167.80,4,4167.90,4,4168.00,15,4168.10,13,Sell,112,80,192,32.00,42.00,-7.00,3.70,86.5,4163.90,4167.30,4163.60,4167.10,107,223,330,-116.00,12.00,-121.00,3.50,57.1,-162,399,0.0431,0.3125,-133.00,-205.00,4174.87,-0.7768,DOWN,217.30,1.5186,2.5496
20260619 110243 275,4167.00,1,4167.10,4167.30,0.20,4167.00,1,4166.90,4,4166.80,3,4166.70,3,4166.60,4,4166.50,4,4166.40,5,4166.30,10,4166.20,9,4166.10,8,4167.20,1,4167.30,4,4167.40,5,4167.50,6,4167.60,10,4167.70,5,4167.80,4,4167.90,4,4168.00,15,4168.10,13,Sell,112,81,193,31.00,42.00,-7.00,3.70,83.8,4163.90,4167.30,4163.60,4167.00,107,223,330,-116.00,12.00,-121.00,3.50,57.1,-162,399,0.0431,0.3548,-134.00,-206.00,4174.86,-0.7800,DOWN,217.30,1.5186,2.5496
20260619 110243 581,4167.00,1,4166.90,4167.20,0.30,4166.90,2,4166.80,3,4166.70,3,4166.60,4,4166.50,4,4166.40,5,4166.30,10,4166.20,9,4166.10,8,4166.00,9,4167.20,5,4167.30,4,4167.40,5,4167.50,6,4167.60,9,4167.70,5,4167.80,4,4167.90,4,4168.00,15,4168.10,13,Sell,112,82,194,30.00,42.00,-7.00,3.70,83.8,4163.90,4167.30,4163.60,4167.00,107,223,330,-116.00,12.00,-121.00,3.50,57.1,-162,399,0.0431,0.4000,-135.00,-207.00,4174.86,-0.7800,DOWN,217.30,1.5186,2.5496
20260619 110243 581,4167.00,1,4166.90,4167.20,0.30,4166.90,2,4166.80,3,4166.70,3,4166.60,4,4166.50,4,4166.40,5,4166.30,10,4166.20,9,4166.10,8,4166.00,9,4167.20,5,4167.30,4,4167.40,5,4167.50,6,4167.60,9,4167.70,5,4167.80,4,4167.90,4,4168.00,15,4168.10,13,Sell,112,83,195,29.00,42.00,-7.00,3.70,83.8,4163.90,4167.30,4163.60,4167.00,107,223,330,-116.00,12.00,-121.00,3.50,57.1,-162,399,0.0431,0.4483,-136.00,-208.00,4174.86,-0.7800,DOWN,217.30,1.5186,2.5496
20260619 110243 606,4166.90,1,4166.60,4166.80,0.20,4166.60,1,4166.50,3,4166.40,4,4166.30,5,4166.20,3,4166.10,3,4166.00,4,4165.90,9,4165.80,10,4165.70,9,4166.80,2,4166.90,4,4167.00,6,4167.10,3,4167.20,5,4167.30,6,4167.40,7,4167.50,7,4167.60,17,4167.70,13,Sell,112,84,196,28.00,42.00,-7.00,3.70,81.1,4163.90,4167.30,4163.60,4166.90,107,223,330,-116.00,12.00,-121.00,3.50,57.1,-162,399,0.0431,0.5000,-137.00,-209.00,4174.85,-0.7832,DOWN,217.30,1.5186,2.5496
20260619 110243 606,4166.80,1,4166.60,4166.80,0.20,4166.60,1,4166.50,3,4166.40,4,4166.30,5,4166.20,3,4166.10,3,4166.00,4,4165.90,9,4165.80,10,4165.70,9,4166.80,3,4166.90,4,4167.00,6,4167.10,4,4167.20,5,4167.30,6,4167.40,7,4167.50,7,4167.60,17,4167.70,13,Sell,112,85,197,27.00,42.00,-7.00,3.70,78.4,4163.90,4167.30,4163.60,4166.80,107,223,330,-116.00,12.00,-121.00,3.50,57.1,-162,399,0.0431,0.5556,-138.00,-210.00,4174.84,-0.7863,DOWN,217.30,1.5186,2.5496
20260619 110243 609,4166.70,1,4166.60,4166.80,0.20,4166.60,1,4166.50,3,4166.40,4,4166.30,5,4166.20,3,4166.10,3,4166.00,4,4165.90,9,4165.80,10,4165.70,9,4166.80,3,4166.90,4,4167.00,6,4167.10,4,4167.20,5,4167.30,6,4167.40,7,4167.50,7,4167.60,17,4167.70,13,Sell,112,86,198,26.00,42.00,-7.00,3.70,75.7,4163.90,4167.30,4163.60,4166.70,107,223,330,-116.00,12.00,-121.00,3.50,57.1,-162,399,0.0431,0.6154,-139.00,-211.00,4174.83,-0.7895,DOWN,217.30,1.5186,2.5496
20260619 110244 267,4166.40,1,4166.40,4166.60,0.20,4166.40,3,4166.30,3,4166.20,2,4166.10,2,4166.00,3,4165.90,4,4165.80,5,4165.70,4,4165.60,9,4165.50,8,4166.70,4,4166.80,2,4166.90,3,4167.00,6,4167.10,4,4167.20,6,4167.30,6,4167.40,7,4167.50,15,4167.60,17,Sell,112,87,199,25.00,42.00,-7.00,3.70,67.6,4163.90,4167.30,4163.60,4166.40,107,223,330,-116.00,12.00,-121.00,3.50,57.1,-162,399,0.0431,0.6800,-140.00,-212.00,4174.80,-0.7990,DOWN,217.30,1.5186,2.5496
20260619 110248 406,4166.40,1,4166.40,4166.50,0.10,4166.40,1,4166.30,1,4166.20,2,4166.10,2,4166.00,3,4165.90,4,4165.80,5,4165.70,4,4165.60,4,4165.50,8,4166.50,3,4166.60,4,4166.70,4,4166.80,3,4166.90,4,4167.00,6,4167.10,5,4167.20,6,4167.30,6,4167.40,15,Sell,112,88,200,24.00,42.00,-7.00,3.70,67.6,4163.90,4167.30,4163.60,4166.40,107,223,330,-116.00,12.00,-121.00,3.50,57.1,-162,399,0.0431,0.7500,-141.00,-213.00,4174.80,-0.7990,DOWN,217.30,1.5186,2.5496
20260619 110248 975,4166.40,1,4166.80,4167.00,0.20,4166.80,2,4166.70,3,4166.60,4,4166.50,3,4166.40,6,4166.30,3,4166.20,3,4166.10,5,4166.00,4,4165.90,4,4167.00,3,4167.10,5,4167.20,6,4167.30,6,4167.40,5,4167.50,7,4167.60,17,4167.70,13,4167.80,12,4167.90,12,Sell,112,89,201,23.00,42.00,-7.00,3.70,67.6,4163.90,4167.30,4163.60,4166.40,107,223,330,-116.00,12.00,-121.00,3.50,57.1,-162,399,0.0431,0.8261,-142.00,-214.00,4174.80,-0.7990,DOWN,217.30,1.5186,2.5496
20260619 110249 048,4166.60,1,4166.70,4166.90,0.20,4166.70,2,4166.60,4,4166.50,3,4166.40,6,4166.30,3,4166.20,3,4166.10,5,4166.00,4,4165.90,9,4165.80,10,4166.90,2,4167.00,4,4167.10,5,4167.20,6,4167.30,6,4167.40,5,4167.50,7,4167.60,17,4167.70,13,4167.80,12,Buy,113,89,202,24.00,42.00,-7.00,3.70,73.0,4163.90,4167.30,4163.60,4166.60,107,223,330,-116.00,12.00,-121.00,3.50,57.1,-162,399,0.0431,0.7500,-141.00,-213.00,4174.82,-0.7927,DOWN,217.30,1.5186,2.5496
20260619 110249 241,4166.70,1,4166.60,4166.80,0.20,4166.60,1,4166.50,3,4166.40,6,4166.30,3,4166.20,3,4166.10,5,4166.00,4,4165.90,9,4165.80,10,4165.70,9,4166.80,3,4166.90,3,4167.00,5,4167.10,5,4167.20,6,4167.30,6,4167.40,5,4167.50,7,4167.60,17,4167.70,13,Sell,113,90,203,23.00,42.00,-7.00,3.70,75.7,4163.90,4167.30,4163.60,4166.70,107,223,330,-116.00,12.00,-121.00,3.50,57.1,-162,399,0.0431,0.8261,-142.00,-214.00,4174.83,-0.7895,DOWN,217.30,1.5186,2.5496
20260619 110249 241,4166.70,1,4166.60,4166.80,0.20,4166.60,1,4166.50,3,4166.40,6,4166.30,3,4166.20,3,4166.10,5,4166.00,4,4165.90,9,4165.80,10,4165.70,9,4166.80,3,4166.90,3,4167.00,5,4167.10,5,4167.20,6,4167.30,6,4167.40,5,4167.50,7,4167.60,17,4167.70,13,Sell,113,91,204,22.00,42.00,-7.00,3.70,75.7,4163.90,4167.30,4163.60,4166.70,107,223,330,-116.00,12.00,-121.00,3.50,57.1,-162,399,0.0431,0.9091,-143.00,-215.00,4174.83,-0.7895,DOWN,217.30,1.5186,2.5496
20260619 110249 808,4166.90,1,4166.70,4166.90,0.20,4166.70,1,4166.60,4,4166.50,3,4166.40,6,4166.30,3,4166.20,2,4166.10,5,4166.00,4,4165.90,9,4165.80,10,4166.90,3,4167.00,5,4167.10,3,4167.20,6,4167.30,6,4167.40,5,4167.50,7,4167.60,17,4167.70,13,4167.80,12,Buy,114,91,205,23.00,42.00,-7.00,3.70,81.1,4163.90,4167.30,4163.60,4166.90,107,223,330,-116.00,12.00,-121.00,3.50,57.1,-162,399,0.0431,0.8261,-142.00,-214.00,4174.85,-0.7832,DOWN,217.30,1.5186,2.5496
20260619 110249 808,4166.90,1,4166.70,4166.90,0.20,4166.70,1,4166.60,4,4166.50,3,4166.40,6,4166.30,3,4166.20,2,4166.10,5,4166.00,4,4165.90,9,4165.80,10,4166.90,3,4167.00,5,4167.10,3,4167.20,6,4167.30,6,4167.40,5,4167.50,7,4167.60,17,4167.70,13,4167.80,12,Buy,115,91,206,24.00,42.00,-7.00,3.70,81.1,4163.90,4167.30,4163.60,4166.90,107,223,330,-116.00,12.00,-121.00,3.50,57.1,-162,399,0.0431,0.7500,-141.00,-213.00,4174.85,-0.7832,DOWN,217.30,1.5186,2.5496
20260619 110249 932,4167.20,1,4167.00,4167.20,0.20,4167.00,4,4166.90,5,4166.80,3,4166.70,3,4166.60,3,4166.50,4,4166.40,7,4166.30,4,4166.20,3,4166.10,10,4167.20,1,4167.30,1,4167.40,3,4167.50,6,4167.60,9,4167.70,5,4167.80,12,4167.90,12,4168.00,15,4168.10,13,Buy,116,91,207,25.00,42.00,-7.00,3.70,89.2,4163.90,4167.30,4163.60,4167.20,107,223,330,-116.00,12.00,-121.00,3.50,57.1,-162,399,0.0431,0.6800,-140.00,-212.00,4174.88,-0.7736,DOWN,217.30,1.5186,2.5496
20260619 110249 932,4167.20,1,4167.00,4167.20,0.20,4167.00,4,4166.90,5,4166.80,3,4166.70,3,4166.60,3,4166.50,4,4166.40,7,4166.30,4,4166.20,3,4166.10,10,4167.20,1,4167.30,1,4167.40,3,4167.50,6,4167.60,9,4167.70,5,4167.80,12,4167.90,12,4168.00,15,4168.10,13,Buy,117,91,208,26.00,42.00,-7.00,3.70,89.2,4163.90,4167.30,4163.60,4167.20,107,223,330,-116.00,12.00,-121.00,3.50,57.1,-162,399,0.0431,0.6154,-139.00,-211.00,4174.88,-0.7736,DOWN,217.30,1.5186,2.5496
20260619 110250 653,4166.90,1,4166.70,4166.90,0.20,4166.70,2,4166.60,3,4166.50,4,4166.40,6,4166.30,4,4166.20,3,4166.10,4,4166.00,8,4165.90,9,4165.80,10,4166.90,1,4167.00,4,4167.10,3,4167.20,3,4167.30,3,4167.40,2,4167.50,6,4167.60,9,4167.70,5,4167.80,12,Sell,117,92,209,25.00,42.00,-7.00,3.70,81.1,4163.90,4167.30,4163.60,4166.90,107,223,330,-116.00,12.00,-121.00,3.50,57.1,-162,399,0.0431,0.6800,-140.00,-212.00,4174.85,-0.7832,DOWN,217.30,1.5186,2.5496
20260619 110250 653,4166.90,1,4166.70,4166.90,0.20,4166.70,2,4166.60,3,4166.50,4,4166.40,6,4166.30,4,4166.20,3,4166.10,4,4166.00,8,4165.90,9,4165.80,10,4166.90,1,4167.00,4,4167.10,3,4167.20,3,4167.30,3,4167.40,2,4167.50,6,4167.60,9,4167.70,5,4167.80,12,Sell,117,93,210,24.00,42.00,-7.00,3.70,81.1,4163.90,4167.30,4163.60,4166.90,107,223,330,-116.00,12.00,-121.00,3.50,57.1,-162,399,0.0431,0.7500,-141.00,-213.00,4174.85,-0.7832,DOWN,217.30,1.5186,2.5496
20260619 110250 653,4166.90,1,4166.70,4166.90,0.20,4166.70,2,4166.60,3,4166.50,4,4166.40,6,4166.30,4,4166.20,3,4166.10,4,4166.00,8,4165.90,9,4165.80,10,4166.90,1,4167.00,4,4167.10,3,4167.20,3,4167.30,3,4167.40,2,4167.50,6,4167.60,9,4167.70,5,4167.80,12,Sell,117,94,211,23.00,42.00,-7.00,3.70,81.1,4163.90,4167.30,4163.60,4166.90,107,223,330,-116.00,12.00,-121.00,3.50,57.1,-162,399,0.0431,0.8261,-142.00,-214.00,4174.85,-0.7832,DOWN,217.30,1.5186,2.5496
20260619 110251 573,4167.00,1,4166.80,4167.00,0.20,4166.80,2,4166.70,2,4166.60,3,4166.50,4,4166.40,6,4166.30,4,4166.20,3,4166.10,4,4166.00,8,4165.90,9,4167.00,1,4167.10,3,4167.20,3,4167.30,4,4167.40,2,4167.50,6,4167.60,9,4167.70,5,4167.80,12,4167.90,12,Buy,118,94,212,24.00,42.00,-7.00,3.70,83.8,4163.90,4167.30,4163.60,4167.00,107,223,330,-116.00,12.00,-121.00,3.50,57.1,-162,399,0.0431,0.7500,-141.00,-213.00,4174.86,-0.7800,DOWN,217.30,1.5186,2.5496
20260619 110251 573,4167.00,1,4166.80,4167.00,0.20,4166.80,2,4166.70,2,4166.60,3,4166.50,4,4166.40,6,4166.30,4,4166.20,3,4166.10,4,4166.00,8,4165.90,9,4167.00,1,4167.10,3,4167.20,3,4167.30,4,4167.40,2,4167.50,6,4167.60,9,4167.70,5,4167.80,12,4167.90,12,Buy,119,94,213,25.00,42.00,-7.00,3.70,83.8,4163.90,4167.30,4163.60,4167.00,107,223,330,-116.00,12.00,-121.00,3.50,57.1,-162,399,0.0431,0.6800,-140.00,-212.00,4174.86,-0.7800,DOWN,217.30,1.5186,2.5496
20260619 110251 865,4166.90,1,4166.80,4166.90,0.10,4166.80,3,4166.70,2,4166.60,3,4166.50,4,4166.40,7,4166.30,4,4166.20,3,4166.10,4,4166.00,8,4165.90,9,4167.10,2,4167.20,3,4167.30,3,4167.40,2,4167.50,6,4167.60,9,4167.70,13,4167.80,12,4167.90,12,4168.00,15,Sell,119,95,214,24.00,42.00,-7.00,3.70,81.1,4163.90,4167.30,4163.60,4166.90,107,223,330,-116.00,12.00,-121.00,3.50,57.1,-162,399,0.0431,0.7500,-141.00,-213.00,4174.85,-0.7832,DOWN,217.30,1.5186,2.5496
20260619 110251 868,4166.90,1,4166.80,4166.90,0.10,4166.80,3,4166.70,2,4166.60,3,4166.50,4,4166.40,7,4166.30,4,4166.20,3,4166.10,4,4166.00,8,4165.90,9,4167.10,2,4167.20,3,4167.30,3,4167.40,2,4167.50,6,4167.60,9,4167.70,13,4167.80,12,4167.90,12,4168.00,15,Buy,120,95,215,25.00,42.00,-7.00,3.70,81.1,4163.90,4167.30,4163.60,4166.90,107,223,330,-116.00,12.00,-121.00,3.50,57.1,-162,399,0.0431,0.6800,-140.00,-212.00,4174.85,-0.7832,DOWN,217.30,1.5186,2.5496
20260619 110252 501,4167.00,1,4166.80,4167.10,0.30,4166.80,3,4166.70,2,4166.60,3,4166.50,4,4166.40,7,4166.30,4,4166.20,3,4166.10,4,4166.00,8,4165.90,9,4167.10,2,4167.20,3,4167.30,4,4167.40,2,4167.50,6,4167.60,9,4167.70,13,4167.80,12,4167.90,12,4168.00,15,Buy,121,95,216,26.00,42.00,-7.00,3.70,83.8,4163.90,4167.30,4163.60,4167.00,107,223,330,-116.00,12.00,-121.00,3.50,57.1,-162,399,0.0431,0.6154,-139.00,-211.00,4174.86,-0.7800,DOWN,217.30,1.5186,2.5496
20260619 110254 929,4167.00,1,4166.80,4167.00,0.20,4166.80,3,4166.70,2,4166.60,3,4166.50,4,4166.40,6,4166.30,4,4166.20,3,4166.10,4,4166.00,8,4165.90,9,4167.00,1,4167.10,3,4167.20,3,4167.30,4,4167.40,3,4167.50,7,4167.60,9,4167.70,13,4167.80,12,4167.90,12,Buy,122,95,217,27.00,42.00,-7.00,3.70,83.8,4163.90,4167.30,4163.60,4167.00,107,223,330,-116.00,12.00,-121.00,3.50,57.1,-162,399,0.0431,0.5556,-138.00,-210.00,4174.86,-0.7800,DOWN,217.30,1.5186,2.5496
20260619 110254 929,4167.00,1,4166.90,4167.10,0.20,4166.90,2,4166.80,4,4166.70,2,4166.60,3,4166.50,4,4166.40,6,4166.30,4,4166.20,3,4166.10,4,4166.00,8,4167.10,2,4167.20,3,4167.30,4,4167.40,3,4167.50,7,4167.60,9,4167.70,5,4167.80,12,4167.90,12,4168.00,15,Buy,123,95,218,28.00,42.00,-7.00,3.70,83.8,4163.90,4167.30,4163.60,4167.00,107,223,330,-116.00,12.00,-121.00,3.50,57.1,-162,399,0.0431,0.5000,-137.00,-209.00,4174.86,-0.7800,DOWN,217.30,1.5186,2.5496
20260619 110254 930,4167.00,1,4166.90,4167.10,0.20,4166.90,2,4166.80,4,4166.70,2,4166.60,3,4166.50,4,4166.40,6,4166.30,4,4166.20,3,4166.10,4,4166.00,8,4167.10,2,4167.20,3,4167.30,4,4167.40,3,4167.50,7,4167.60,9,4167.70,5,4167.80,12,4167.90,12,4168.00,15,Sell,123,96,219,27.00,42.00,-7.00,3.70,83.8,4163.90,4167.30,4163.60,4167.00,107,223,330,-116.00,12.00,-121.00,3.50,57.1,-162,399,0.0431,0.5556,-138.00,-210.00,4174.86,-0.7800,DOWN,217.30,1.5186,2.5496
20260619 110256 114,4166.80,1,4166.70,4166.90,0.20,4166.70,1,4166.60,3,4166.50,4,4166.40,6,4166.30,4,4166.20,3,4166.10,4,4166.00,8,4165.90,9,4165.80,10,4166.90,2,4167.00,4,4167.10,1,4167.20,3,4167.30,5,4167.40,3,4167.50,7,4167.60,9,4167.70,5,4167.80,12,Sell,123,97,220,26.00,42.00,-7.00,3.70,78.4,4163.90,4167.30,4163.60,4166.80,107,223,330,-116.00,12.00,-121.00,3.50,57.1,-162,399,0.0431,0.6154,-139.00,-211.00,4174.84,-0.7863,DOWN,217.30,1.5186,2.5496
20260619 110256 114,4166.80,1,4166.70,4166.90,0.20,4166.70,1,4166.60,3,4166.50,4,4166.40,6,4166.30,4,4166.20,3,4166.10,4,4166.00,8,4165.90,9,4165.80,10,4166.90,2,4167.00,4,4167.10,1,4167.20,3,4167.30,5,4167.40,3,4167.50,7,4167.60,9,4167.70,5,4167.80,12,Sell,123,98,221,25.00,42.00,-7.00,3.70,78.4,4163.90,4167.30,4163.60,4166.80,107,223,330,-116.00,12.00,-121.00,3.50,57.1,-162,399,0.0431,0.6800,-140.00,-212.00,4174.84,-0.7863,DOWN,217.30,1.5186,2.5496
20260619 110256 184,4166.60,2,4166.30,4166.50,0.20,4166.30,2,4166.20,2,4166.10,2,4166.00,2,4165.90,4,4165.80,5,4165.70,4,4165.60,9,4165.50,8,4165.40,8,4166.50,1,4166.60,3,4166.70,3,4166.80,6,4166.90,4,4167.00,6,4167.10,6,4167.20,5,4167.30,5,4167.40,12,Buy,125,98,223,27.00,42.00,-7.00,3.70,73.0,4163.90,4167.30,4163.60,4166.60,107,223,330,-116.00,12.00,-121.00,3.50,57.1,-162,399,0.0431,0.5556,-138.00,-210.00,4174.82,-0.7927,DOWN,217.30,1.5186,2.5496
20260619 110256 184,4166.70,1,4166.30,4166.50,0.20,4166.30,2,4166.20,2,4166.10,2,4166.00,2,4165.90,4,4165.80,5,4165.70,4,4165.60,9,4165.50,8,4165.40,8,4166.50,2,4166.60,3,4166.70,3,4166.80,6,4166.90,4,4167.00,6,4167.10,6,4167.20,5,4167.30,5,4167.40,12,Buy,126,98,224,28.00,42.00,-7.00,3.70,75.7,4163.90,4167.30,4163.60,4166.70,107,223,330,-116.00,12.00,-121.00,3.50,57.1,-162,399,0.0431,0.5000,-137.00,-209.00,4174.83,-0.7895,DOWN,217.30,1.5186,2.5496
20260619 110256 187,4166.60,1,4166.30,4166.50,0.20,4166.30,2,4166.20,2,4166.10,2,4166.00,2,4165.90,4,4165.80,5,4165.70,4,4165.60,9,4165.50,8,4165.40,8,4166.50,2,4166.60,3,4166.70,3,4166.80,6,4166.90,4,4167.00,6,4167.10,6,4167.20,5,4167.30,5,4167.40,12,Sell,126,99,225,27.00,42.00,-7.00,3.70,73.0,4163.90,4167.30,4163.60,4166.60,107,223,330,-116.00,12.00,-121.00,3.50,57.1,-162,399,0.0431,0.5556,-138.00,-210.00,4174.82,-0.7927,DOWN,217.30,1.5186,2.5496
20260619 110256 187,4166.60,1,4166.30,4166.50,0.20,4166.30,2,4166.20,2,4166.10,2,4166.00,2,4165.90,4,4165.80,5,4165.70,4,4165.60,9,4165.50,8,4165.40,8,4166.50,2,4166.60,3,4166.70,3,4166.80,6,4166.90,4,4167.00,6,4167.10,6,4167.20,5,4167.30,5,4167.40,12,Sell,126,100,226,26.00,42.00,-7.00,3.70,73.0,4163.90,4167.30,4163.60,4166.60,107,223,330,-116.00,12.00,-121.00,3.50,57.1,-162,399,0.0431,0.6154,-139.00,-211.00,4174.82,-0.7927,DOWN,217.30,1.5186,2.5496
20260619 110256 190,4166.40,1,4166.30,4166.50,0.20,4166.30,2,4166.20,2,4166.10,2,4166.00,2,4165.90,4,4165.80,5,4165.70,4,4165.60,9,4165.50,8,4165.40,8,4166.50,2,4166.60,3,4166.70,3,4166.80,6,4166.90,4,4167.00,6,4167.10,6,4167.20,5,4167.30,5,4167.40,12,Sell,126,101,227,25.00,42.00,-7.00,3.70,67.6,4163.90,4167.30,4163.60,4166.40,107,223,330,-116.00,12.00,-121.00,3.50,57.1,-162,399,0.0431,0.6800,-140.00,-212.00,4174.80,-0.7990,DOWN,217.30,1.5186,2.5496
20260619 110256 190,4166.40,1,4166.30,4166.50,0.20,4166.30,2,4166.20,2,4166.10,2,4166.00,2,4165.90,4,4165.80,5,4165.70,4,4165.60,9,4165.50,8,4165.40,8,4166.50,2,4166.60,3,4166.70,3,4166.80,6,4166.90,4,4167.00,6,4167.10,6,4167.20,5,4167.30,5,4167.40,12,Sell,126,102,228,24.00,42.00,-7.00,3.70,67.6,4163.90,4167.30,4163.60,4166.40,107,223,330,-116.00,12.00,-121.00,3.50,57.1,-162,399,0.0431,0.7500,-141.00,-213.00,4174.80,-0.7990,DOWN,217.30,1.5186,2.5496
20260619 110256 194,4166.50,1,4166.30,4166.50,0.20,4166.30,2,4166.20,2,4166.10,2,4166.00,2,4165.90,4,4165.80,5,4165.70,4,4165.60,9,4165.50,8,4165.40,8,4166.50,2,4166.60,3,4166.70,3,4166.80,6,4166.90,4,4167.00,6,4167.10,6,4167.20,5,4167.30,5,4167.40,12,Buy,127,102,229,25.00,42.00,-7.00,3.70,70.3,4163.90,4167.30,4163.60,4166.50,107,223,330,-116.00,12.00,-121.00,3.50,57.1,-162,399,0.0431,0.6800,-140.00,-212.00,4174.81,-0.7959,DOWN,217.30,1.5186,2.5496
20260619 110256 194,4166.50,1,4166.30,4166.50,0.20,4166.30,2,4166.20,2,4166.10,2,4166.00,2,4165.90,4,4165.80,5,4165.70,4,4165.60,9,4165.50,8,4165.40,8,4166.50,2,4166.60,3,4166.70,3,4166.80,6,4166.90,4,4167.00,6,4167.10,6,4167.20,5,4167.30,5,4167.40,12,Buy,128,102,230,26.00,42.00,-7.00,3.70,70.3,4163.90,4167.30,4163.60,4166.50,107,223,330,-116.00,12.00,-121.00,3.50,57.1,-162,399,0.0431,0.6154,-139.00,-211.00,4174.81,-0.7959,DOWN,217.30,1.5186,2.5496
20260619 110257 360,4166.20,1,4166.20,4166.50,0.30,4166.20,3,4166.10,2,4166.00,2,4165.90,3,4165.80,5,4165.70,4,4165.60,9,4165.50,8,4165.40,8,4165.30,9,4166.50,2,4166.60,4,4166.70,3,4166.80,4,4166.90,5,4167.00,7,4167.10,6,4167.20,6,4167.30,5,4167.40,13,Sell,128,103,231,25.00,42.00,-7.00,3.70,62.2,4163.90,4167.30,4163.60,4166.20,107,223,330,-116.00,12.00,-121.00,3.50,57.1,-162,399,0.0431,0.6800,-140.00,-212.00,4174.79,-0.8054,DOWN,217.30,1.5186,2.5496
20260619 110259 270,4166.50,1,4166.40,4166.60,0.20,4166.40,2,4166.30,5,4166.20,2,4166.10,2,4166.00,2,4165.90,3,4165.80,5,4165.70,4,4165.60,9,4165.50,8,4166.60,2,4166.70,5,4166.80,5,4166.90,5,4167.00,7,4167.10,6,4167.20,6,4167.30,5,4167.40,13,4167.50,15,Buy,129,103,232,26.00,42.00,-7.00,3.70,70.3,4163.90,4167.30,4163.60,4166.50,107,223,330,-116.00,12.00,-121.00,3.50,57.1,-162,399,0.0431,0.6154,-139.00,-211.00,4174.81,-0.7959,DOWN,217.30,1.5186,2.5496
20260619 110300 017,4166.50,1,4166.50,4166.70,0.20,4166.40,3,4166.30,5,4166.20,2,4166.10,2,4166.00,2,4165.90,3,4165.80,5,4165.70,4,4165.60,9,4165.50,8,4166.60,2,4166.70,4,4166.80,4,4166.90,5,4167.00,7,4167.10,6,4167.20,6,4167.30,5,4167.40,13,4167.50,16,Sell,0,1,1,-1.00,-1.00,-1.00,0.00,0.0,4166.50,4166.50,4166.50,4166.50,129,103,232,26.00,42.00,-7.00,3.70,70.3,12,258,0.6154,0.0000,-126.00,-214.00,4174.81,-0.7959,DOWN,222.00,1.0450,2.3675
20260619 110300 017,4166.50,1,4166.50,4166.70,0.20,4166.40,3,4166.30,5,4166.20,2,4166.10,2,4166.00,2,4165.90,3,4165.80,5,4165.70,4,4165.60,9,4165.50,8,4166.60,2,4166.70,4,4166.80,4,4166.90,5,4167.00,7,4167.10,6,4167.20,6,4167.30,5,4167.40,13,4167.50,16,Sell,0,2,2,-2.00,-1.00,-2.00,0.00,0.0,4166.50,4166.50,4166.50,4166.50,129,103,232,26.00,42.00,-7.00,3.70,70.3,12,258,0.6154,0.0000,-127.00,-215.00,4174.81,-0.7959,DOWN,222.00,1.0450,2.3675
20260619 110300 284,4166.70,1,4166.50,4166.70,0.20,4166.50,2,4166.40,5,4166.30,4,4166.10,2,4166.00,2,4165.90,4,4165.80,5,4165.70,4,4165.60,9,4165.50,8,4166.70,1,4166.80,2,4166.90,2,4167.00,6,4167.10,5,4167.20,5,4167.30,5,4167.40,13,4167.50,16,4167.60,17,Buy,1,2,3,-1.00,-1.00,-2.00,0.20,100.0,4166.50,4166.70,4166.50,4166.70,129,103,232,26.00,42.00,-7.00,3.70,70.3,12,258,0.6154,1.0000,-126.00,-214.00,4174.83,-0.7895,DOWN,222.00,1.0450,2.3818
20260619 110300 792,4166.40,1,4166.30,4166.50,0.20,4166.30,1,4166.20,4,4166.10,3,4166.00,2,4165.90,4,4165.80,5,4165.70,4,4165.60,4,4165.50,8,4165.40,8,4166.50,3,4166.60,3,4166.70,2,4166.80,4,4166.90,2,4167.00,6,4167.10,5,4167.20,5,4167.30,13,4167.40,14,Sell,1,3,4,-2.00,-1.00,-2.00,0.30,33.3,4166.50,4166.70,4166.40,4166.40,129,103,232,26.00,42.00,-7.00,3.70,70.3,12,258,0.6154,0.0000,-127.00,-215.00,4174.80,-0.7990,DOWN,222.00,1.0450,2.3889
20260619 110300 934,4166.30,1,4166.30,4166.50,0.20,4166.30,2,4166.20,4,4166.10,3,4166.00,2,4165.90,4,4165.80,5,4165.70,4,4165.60,4,4165.50,8,4165.40,8,4166.50,1,4166.60,3,4166.70,2,4166.80,4,4166.90,2,4167.00,6,4167.10,5,4167.20,5,4167.30,13,4167.40,14,Sell,1,4,5,-3.00,-1.00,-3.00,0.40,50.0,4166.50,4166.70,4166.30,4166.30,129,103,232,26.00,42.00,-7.00,3.70,70.3,12,258,0.6154,0.0000,-128.00,-216.00,4174.80,-0.8022,DOWN,222.00,1.0450,2.3960
20260619 110300 934,4166.30,1,4166.30,4166.50,0.20,4166.30,2,4166.20,4,4166.10,3,4166.00,2,4165.90,4,4165.80,5,4165.70,4,4165.60,4,4165.50,8,4165.40,8,4166.50,1,4166.60,3,4166.70,2,4166.80,4,4166.90,2,4167.00,6,4167.10,5,4167.20,5,4167.30,13,4167.40,14,Sell,1,5,6,-4.00,-1.00,-4.00,0.40,50.0,4166.50,4166.70,4166.30,4166.30,129,103,232,26.00,42.00,-7.00,3.70,70.3,12,258,0.6154,0.0000,-129.00,-217.00,4174.80,-0.8022,DOWN,222.00,1.0450,2.3960
20260619 110301 346,4166.60,1,4166.60,4166.80,0.20,4166.60,1,4166.50,4,4166.40,4,4166.30,6,4166.20,3,4166.10,3,4166.00,2,4165.90,4,4165.80,5,4165.70,9,4166.80,3,4166.90,2,4167.00,6,4167.10,5,4167.20,5,4167.30,5,4167.40,6,4167.50,16,4167.60,17,4167.70,13,Buy,2,5,7,-3.00,-1.00,-4.00,0.40,25.0,4166.50,4166.70,4166.30,4166.60,129,103,232,26.00,42.00,-7.00,3.70,70.3,12,258,0.6154,0.3333,-128.00,-216.00,4174.82,-0.7927,DOWN,222.00,1.0450,2.3960
20260619 110301 371,4166.60,1,4166.60,4166.80,0.20,4166.60,1,4166.50,4,4166.40,4,4166.30,6,4166.20,3,4166.10,3,4166.00,2,4165.90,4,4165.80,5,4165.70,9,4166.80,2,4166.90,2,4167.00,6,4167.10,5,4167.20,5,4167.30,5,4167.40,6,4167.50,16,4167.60,17,4167.70,13,Sell,2,6,8,-4.00,-1.00,-4.00,0.40,25.0,4166.50,4166.70,4166.30,4166.60,129,103,232,26.00,42.00,-7.00,3.70,70.3,12,258,0.6154,0.0000,-129.00,-217.00,4174.82,-0.7927,DOWN,222.00,1.0450,2.3960
20260619 110301 772,4166.60,1,4166.50,4166.80,0.30,4166.50,4,4166.40,4,4166.30,6,4166.20,3,4166.10,3,4166.00,2,4165.90,4,4165.80,5,4165.70,9,4165.60,9,4166.80,2,4166.90,2,4167.00,6,4167.10,5,4167.20,5,4167.30,5,4167.40,6,4167.50,16,4167.60,17,4167.70,13,Sell,2,7,9,-5.00,-1.00,-5.00,0.40,25.0,4166.50,4166.70,4166.30,4166.60,129,103,232,26.00,42.00,-7.00,3.70,70.3,12,258,0.6154,0.0000,-130.00,-218.00,4174.82,-0.7927,DOWN,222.00,1.0450,2.3960
20260619 110301 914,4166.60,1,4166.60,4166.80,0.20,4166.60,1,4166.50,4,4166.40,4,4166.30,6,4166.20,3,4166.10,3,4166.00,2,4165.90,4,4165.80,5,4165.70,9,4166.80,3,4166.90,2,4167.00,6,4167.10,5,4167.20,5,4167.30,5,4167.40,6,4167.50,16,4167.60,17,4167.70,13,Sell,2,8,10,-6.00,-1.00,-6.00,0.40,25.0,4166.50,4166.70,4166.30,4166.60,129,103,232,26.00,42.00,-7.00,3.70,70.3,12,258,0.6154,0.0000,-131.00,-219.00,4174.82,-0.7927,DOWN,222.00,1.0450,2.3960
20260619 110302 001,4166.60,1,4166.40,4166.70,0.30,4166.40,3,4166.30,7,4166.20,3,4166.10,3,4166.00,2,4165.90,4,4165.80,5,4165.70,4,4165.60,9,4165.50,8,4166.70,2,4166.80,3,4166.90,2,4167.00,6,4167.10,5,4167.20,5,4167.30,5,4167.40,6,4167.50,16,4167.60,17,Sell,2,9,11,-7.00,-1.00,-7.00,0.40,25.0,4166.50,4166.70,4166.30,4166.60,129,103,232,26.00,42.00,-7.00,3.70,70.3,12,258,0.6154,0.0000,-132.00,-220.00,4174.82,-0.7927,DOWN,222.00,1.0450,2.3960
20260619 110303 460,4166.30,1,4166.30,4166.40,0.10,4166.30,2,4166.20,3,4166.10,3,4166.00,2,4165.90,4,4165.80,5,4165.70,4,4165.60,4,4165.50,8,4165.40,8,4166.40,1,4166.50,3,4166.60,5,4166.70,4,4166.80,3,4166.90,2,4167.00,6,4167.10,5,4167.20,5,4167.30,13,Sell,2,10,12,-8.00,-1.00,-8.00,0.40,50.0,4166.50,4166.70,4166.30,4166.30,129,103,232,26.00,42.00,-7.00,3.70,70.3,12,258,0.6154,0.0000,-133.00,-221.00,4174.80,-0.8022,DOWN,222.00,1.0450,2.3960
20260619 110303 460,4166.30,1,4166.30,4166.40,0.10,4166.30,2,4166.20,3,4166.10,3,4166.00,2,4165.90,4,4165.80,5,4165.70,4,4165.60,4,4165.50,8,4165.40,8,4166.40,1,4166.50,3,4166.60,5,4166.70,4,4166.80,3,4166.90,2,4167.00,6,4167.10,5,4167.20,5,4167.30,13,Sell,2,11,13,-9.00,-1.00,-9.00,0.40,50.0,4166.50,4166.70,4166.30,4166.30,129,103,232,26.00,42.00,-7.00,3.70,70.3,12,258,0.6154,0.0000,-134.00,-222.00,4174.80,-0.8022,DOWN,222.00,1.0450,2.3960
20260619 110303 463,4166.30,1,4166.20,4166.40,0.20,4166.20,1,4166.10,2,4166.00,2,4165.90,3,4165.80,4,4165.70,4,4165.60,4,4165.50,3,4165.40,3,4165.30,9,4166.40,4,4166.50,3,4166.60,4,4166.70,5,4166.80,4,4166.90,3,4167.00,6,4167.10,5,4167.20,13,4167.30,13,Buy,3,11,14,-8.00,-1.00,-9.00,0.40,50.0,4166.50,4166.70,4166.30,4166.30,129,103,232,26.00,42.00,-7.00,3.70,70.3,12,258,0.6154,0.1250,-133.00,-221.00,4174.80,-0.8022,DOWN,222.00,1.0450,2.3960
20260619 110303 591,4166.10,1,4166.00,4166.30,0.30,4166.00,3,4165.90,4,4165.80,4,4165.70,4,4165.60,4,4165.50,3,4165.40,3,4165.30,9,4165.20,11,4165.10,8,4166.30,2,4166.40,4,4166.50,3,4166.60,5,4166.70,4,4166.80,4,4166.90,3,4167.00,6,4167.10,13,4167.20,13,Sell,3,12,15,-9.00,-1.00,-9.00,0.60,66.7,4166.50,4166.70,4166.10,4166.10,129,103,232,26.00,42.00,-7.00,3.70,70.3,12,258,0.6154,0.0000,-134.00,-222.00,4174.78,-0.8086,DOWN,222.00,1.0450,2.4103
20260619 110303 593,4166.20,1,4166.00,4166.30,0.30,4166.00,3,4165.90,4,4165.80,4,4165.70,4,4165.60,4,4165.50,3,4165.40,3,4165.30,9,4165.20,11,4165.10,8,4166.30,2,4166.40,4,4166.50,3,4166.60,5,4166.70,4,4166.80,4,4166.90,3,4167.00,6,4167.10,13,4167.20,13,Buy,4,12,16,-8.00,-1.00,-9.00,0.60,50.0,4166.50,4166.70,4166.10,4166.20,129,103,232,26.00,42.00,-7.00,3.70,70.3,12,258,0.6154,0.1250,-133.00,-221.00,4174.79,-0.8054,DOWN,222.00,1.0450,2.4103
20260619 110303 629,4166.00,1,4166.00,4166.20,0.20,4165.60,3,4165.50,2,4165.40,2,4165.30,4,4165.20,6,4165.10,3,4165.00,5,4164.90,9,4164.80,10,4164.70,7,4165.90,3,4166.00,3,4166.10,5,4166.20,5,4166.30,4,4166.40,5,4166.50,4,4166.60,14,4166.70,13,4166.80,11,Sell,4,13,17,-9.00,-1.00,-9.00,0.70,71.4,4166.50,4166.70,4166.00,4166.00,129,103,232,26.00,42.00,-7.00,3.70,70.3,12,258,0.6154,0.0000,-134.00,-222.00,4174.77,-0.8117,DOWN,222.00,1.0450,2.4175
20260619 110303 780,4166.10,1,4165.90,4166.10,0.20,4165.90,1,4165.80,4,4165.70,4,4165.60,4,4165.50,2,4165.40,2,4165.30,4,4165.20,6,4165.10,3,4165.00,5,4166.10,3,4166.20,4,4166.30,4,4166.40,5,4166.50,4,4166.60,14,4166.70,13,4166.80,11,4166.90,10,4167.00,14,Buy,5,13,18,-8.00,-1.00,-9.00,0.70,57.1,4166.50,4166.70,4166.00,4166.10,129,103,232,26.00,42.00,-7.00,3.70,70.3,12,258,0.6154,0.1250,-133.00,-221.00,4174.78,-0.8086,DOWN,222.00,1.0450,2.4175
20260619 110304 381,4166.30,1,4166.00,4166.20,0.20,4166.00,2,4165.90,4,4165.80,6,4165.70,4,4165.60,5,4165.50,1,4165.40,3,4165.30,4,4165.20,6,4165.10,8,4166.20,1,4166.30,5,4166.40,4,4166.50,5,4166.60,5,4166.70,5,4166.80,3,4166.90,10,4167.00,14,4167.10,13,Buy,6,13,19,-7.00,-1.00,-9.00,0.70,28.6,4166.50,4166.70,4166.00,4166.30,129,103,232,26.00,42.00,-7.00,3.70,70.3,12,258,0.6154,0.2857,-132.00,-220.00,4174.80,-0.8022,DOWN,222.00,1.0450,2.4175
20260619 110304 381,4166.30,1,4166.00,4166.20,0.20,4166.00,2,4165.90,4,4165.80,6,4165.70,4,4165.60,5,4165.50,1,4165.40,3,4165.30,4,4165.20,6,4165.10,8,4166.20,1,4166.30,5,4166.40,4,4166.50,5,4166.60,5,4166.70,5,4166.80,3,4166.90,10,4167.00,14,4167.10,13,Buy,7,13,20,-6.00,-1.00,-9.00,0.70,28.6,4166.50,4166.70,4166.00,4166.30,129,103,232,26.00,42.00,-7.00,3.70,70.3,12,258,0.6154,0.5000,-131.00,-219.00,4174.80,-0.8022,DOWN,222.00,1.0450,2.4175
20260619 110304 381,4166.30,1,4166.00,4166.20,0.20,4166.00,2,4165.90,4,4165.80,6,4165.70,4,4165.60,5,4165.50,1,4165.40,3,4165.30,4,4165.20,6,4165.10,8,4166.20,1,4166.30,5,4166.40,4,4166.50,5,4166.60,5,4166.70,5,4166.80,3,4166.90,10,4167.00,14,4167.10,13,Buy,8,13,21,-5.00,-1.00,-9.00,0.70,28.6,4166.50,4166.70,4166.00,4166.30,129,103,232,26.00,42.00,-7.00,3.70,70.3,12,258,0.6154,0.8000,-130.00,-218.00,4174.80,-0.8022,DOWN,222.00,1.0450,2.4175
20260619 110304 383,4166.10,1,4166.00,4166.20,0.20,4166.00,2,4165.90,4,4165.80,6,4165.70,4,4165.60,5,4165.50,1,4165.40,3,4165.30,4,4165.20,6,4165.10,8,4166.20,1,4166.30,5,4166.40,4,4166.50,5,4166.60,5,4166.70,5,4166.80,3,4166.90,10,4167.00,14,4167.10,13,Sell,8,14,22,-6.00,-1.00,-9.00,0.70,57.1,4166.50,4166.70,4166.00,4166.10,129,103,232,26.00,42.00,-7.00,3.70,70.3,12,258,0.6154,0.5000,-131.00,-219.00,4174.78,-0.8086,DOWN,222.00,1.0450,2.4175
20260619 110304 800,4166.00,1,4165.60,4165.80,0.20,4165.60,4,4165.50,1,4165.40,2,4165.30,4,4165.20,6,4165.10,3,4165.00,10,4164.90,9,4164.80,10,4164.70,7,4165.80,1,4165.90,5,4166.00,2,4166.10,5,4166.20,3,4166.30,4,4166.40,5,4166.50,5,4166.60,6,4166.70,5,Sell,8,15,23,-7.00,-1.00,-9.00,0.70,71.4,4166.50,4166.70,4166.00,4166.00,129,103,232,26.00,42.00,-7.00,3.70,70.3,12,258,0.6154,0.2857,-132.00,-220.00,4174.77,-0.8117,DOWN,222.00,1.0450,2.4175
20260619 110304 804,4165.80,1,4165.60,4165.80,0.20,4165.60,1,4165.50,1,4165.40,2,4165.30,4,4165.20,6,4165.10,3,4165.00,10,4164.90,9,4164.80,10,4164.70,7,4165.80,2,4165.90,5,4166.00,2,4166.10,5,4166.20,3,4166.30,4,4166.40,5,4166.50,5,4166.60,14,4166.70,13,Sell,8,16,24,-8.00,-1.00,-9.00,0.90,77.8,4166.50,4166.70,4165.80,4165.80,129,103,232,26.00,42.00,-7.00,3.70,70.3,12,258,0.6154,0.1250,-133.00,-221.00,4174.75,-0.8181,DOWN,222.00,1.0450,2.4318
20260619 110305 333,4165.80,1,4165.60,4165.90,0.30,4165.60,4,4165.50,2,4165.40,2,4165.30,4,4165.20,5,4165.10,3,4165.00,10,4164.90,9,4164.80,10,4164.70,7,4165.90,4,4166.00,3,4166.10,5,4166.20,3,4166.30,5,4166.40,5,4166.50,5,4166.60,14,4166.70,13,4166.80,11,Buy,9,16,25,-7.00,-1.00,-9.00,0.90,77.8,4166.50,4166.70,4165.80,4165.80,129,103,232,26.00,42.00,-7.00,3.70,70.3,12,258,0.6154,0.2857,-132.00,-220.00,4174.75,-0.8181,DOWN,222.00,1.0450,2.4318
20260619 110305 333,4165.80,1,4165.60,4165.90,0.30,4165.60,4,4165.50,2,4165.40,2,4165.30,4,4165.20,5,4165.10,3,4165.00,10,4164.90,9,4164.80,10,4164.70,7,4165.90,4,4166.00,3,4166.10,5,4166.20,3,4166.30,5,4166.40,5,4166.50,5,4166.60,14,4166.70,13,4166.80,11,Buy,10,16,26,-6.00,-1.00,-9.00,0.90,77.8,4166.50,4166.70,4165.80,4165.80,129,103,232,26.00,42.00,-7.00,3.70,70.3,12,258,0.6154,0.5000,-131.00,-219.00,4174.75,-0.8181,DOWN,222.00,1.0450,2.4318
20260619 110305 334,4165.90,1,4165.60,4165.90,0.30,4165.60,4,4165.50,2,4165.40,2,4165.30,4,4165.20,5,4165.10,3,4165.00,10,4164.90,9,4164.80,10,4164.70,7,4165.90,4,4166.00,3,4166.10,5,4166.20,3,4166.30,5,4166.40,5,4166.50,5,4166.60,14,4166.70,13,4166.80,11,Buy,11,16,27,-5.00,-1.00,-9.00,0.90,66.7,4166.50,4166.70,4165.80,4165.90,129,103,232,26.00,42.00,-7.00,3.70,70.3,12,258,0.6154,0.8000,-130.00,-218.00,4174.76,-0.8149,DOWN,222.00,1.0450,2.4318
20260619 110306 569,4165.90,1,4165.60,4165.90,0.30,4165.60,6,4165.50,2,4165.40,2,4165.30,3,4165.20,5,4165.10,3,4165.00,9,4164.90,9,4164.80,10,4164.70,7,4165.90,3,4166.00,4,4166.10,4,4166.20,3,4166.30,5,4166.40,5,4166.50,5,4166.60,14,4166.70,13,4166.80,12,Buy,12,16,28,-4.00,-1.00,-9.00,0.90,66.7,4166.50,4166.70,4165.80,4165.90,129,103,232,26.00,42.00,-7.00,3.70,70.3,12,258,0.6154,1.2500,-129.00,-217.00,4174.76,-0.8149,DOWN,222.00,1.0450,2.4318
20260619 110306 905,4165.70,1,4165.70,4165.90,0.20,4165.60,6,4165.50,2,4165.40,2,4165.30,3,4165.20,5,4165.10,3,4165.00,9,4164.90,9,4164.80,10,4164.70,7,4165.90,2,4166.00,3,4166.10,4,4166.20,3,4166.30,5,4166.40,5,4166.50,5,4166.60,14,4166.70,13,4166.80,12,Sell,12,17,29,-5.00,-1.00,-9.00,1.00,80.0,4166.50,4166.70,4165.70,4165.70,129,103,232,26.00,42.00,-7.00,3.70,70.3,12,258,0.6154,0.8000,-130.00,-218.00,4174.74,-0.8213,DOWN,222.00,1.0450,2.4389
20260619 110307 786,4165.60,1,4165.60,4165.80,0.20,4165.60,5,4165.50,2,4165.40,2,4165.30,3,4165.20,5,4165.10,3,4165.00,9,4164.90,9,4164.80,10,4164.70,7,4165.80,1,4165.90,3,4166.00,3,4166.10,4,4166.20,3,4166.30,5,4166.40,5,4166.50,5,4166.60,14,4166.70,13,Sell,12,18,30,-6.00,-1.00,-9.00,1.10,81.8,4166.50,4166.70,4165.60,4165.60,129,103,232,26.00,42.00,-7.00,3.70,70.3,12,258,0.6154,0.5000,-131.00,-219.00,4174.73,-0.8244,DOWN,222.00,1.0450,2.4460
20260619 110308 073,4165.80,1,4165.70,4165.90,0.20,4165.70,2,4165.60,6,4165.50,2,4165.40,2,4165.30,4,4165.20,5,4165.10,3,4165.00,9,4164.90,9,4164.80,10,4165.90,2,4166.00,4,4166.10,4,4166.20,3,4166.30,5,4166.40,5,4166.50,5,4166.60,14,4166.70,13,4166.80,12,Buy,13,18,31,-5.00,-1.00,-9.00,1.10,63.6,4166.50,4166.70,4165.60,4165.80,129,103,232,26.00,42.00,-7.00,3.70,70.3,12,258,0.6154,0.8000,-130.00,-218.00,4174.75,-0.8181,DOWN,222.00,1.0450,2.4460
20260619 110308 283,4166.00,1,4165.70,4166.00,0.30,4165.80,3,4165.70,4,4165.60,6,4165.50,2,4165.40,2,4165.30,4,4165.20,5,4165.10,3,4165.00,9,4164.90,9,4166.10,3,4166.20,3,4166.30,4,4166.40,5,4166.50,5,4166.60,6,4166.70,13,4166.80,12,4166.90,10,4167.00,14,Buy,14,18,32,-4.00,-1.00,-9.00,1.10,45.5,4166.50,4166.70,4165.60,4166.00,129,103,232,26.00,42.00,-7.00,3.70,70.3,12,258,0.6154,1.2500,-129.00,-217.00,4174.77,-0.8117,DOWN,222.00,1.0450,2.4460
20260619 110308 283,4166.00,1,4165.70,4166.00,0.30,4165.80,3,4165.70,4,4165.60,6,4165.50,2,4165.40,2,4165.30,4,4165.20,5,4165.10,3,4165.00,9,4164.90,9,4166.10,3,4166.20,3,4166.30,4,4166.40,5,4166.50,5,4166.60,6,4166.70,13,4166.80,12,4166.90,10,4167.00,14,Buy,15,18,33,-3.00,-1.00,-9.00,1.10,45.5,4166.50,4166.70,4165.60,4166.00,129,103,232,26.00,42.00,-7.00,3.70,70.3,12,258,0.6154,2.0000,-128.00,-216.00,4174.77,-0.8117,DOWN,222.00,1.0450,2.4460
20260619 110308 991,4165.90,1,4166.00,4166.20,0.20,4166.00,1,4165.90,2,4165.80,3,4165.70,5,4165.60,6,4165.50,2,4165.40,2,4165.30,4,4165.20,5,4165.10,3,4166.20,2,4166.30,4,4166.40,5,4166.50,5,4166.60,6,4166.70,5,4166.80,12,4166.90,10,4167.00,14,4167.10,13,Sell,15,19,34,-4.00,-1.00,-9.00,1.10,54.5,4166.50,4166.70,4165.60,4165.90,129,103,232,26.00,42.00,-7.00,3.70,70.3,12,258,0.6154,1.2500,-129.00,-217.00,4174.76,-0.8149,DOWN,222.00,1.0450,2.4460
20260619 110308 991,4165.80,1,4166.00,4166.20,0.20,4166.00,1,4165.90,2,4165.80,3,4165.70,5,4165.60,6,4165.50,2,4165.40,2,4165.30,4,4165.20,5,4165.10,3,4166.20,2,4166.30,4,4166.40,5,4166.50,5,4166.60,6,4166.70,5,4166.80,12,4166.90,10,4167.00,14,4167.10,13,Sell,15,20,35,-5.00,-1.00,-9.00,1.10,63.6,4166.50,4166.70,4165.60,4165.80,129,103,232,26.00,42.00,-7.00,3.70,70.3,12,258,0.6154,0.8000,-130.00,-218.00,4174.75,-0.8181,DOWN,222.00,1.0450,2.4460
20260619 110308 991,4165.80,1,4166.00,4166.20,0.20,4166.00,1,4165.90,2,4165.80,3,4165.70,5,4165.60,6,4165.50,2,4165.40,2,4165.30,4,4165.20,5,4165.10,3,4166.20,2,4166.30,4,4166.40,5,4166.50,5,4166.60,6,4166.70,5,4166.80,12,4166.90,10,4167.00,14,4167.10,13,Sell,15,21,36,-6.00,-1.00,-9.00,1.10,63.6,4166.50,4166.70,4165.60,4165.80,129,103,232,26.00,42.00,-7.00,3.70,70.3,12,258,0.6154,0.5000,-131.00,-219.00,4174.75,-0.8181,DOWN,222.00,1.0450,2.4460
20260619 110308 991,4165.80,1,4166.00,4166.20,0.20,4166.00,1,4165.90,2,4165.80,3,4165.70,5,4165.60,6,4165.50,2,4165.40,2,4165.30,4,4165.20,5,4165.10,3,4166.20,2,4166.30,4,4166.40,5,4166.50,5,4166.60,6,4166.70,5,4166.80,12,4166.90,10,4167.00,14,4167.10,13,Sell,15,22,37,-7.00,-1.00,-9.00,1.10,63.6,4166.50,4166.70,4165.60,4165.80,129,103,232,26.00,42.00,-7.00,3.70,70.3,12,258,0.6154,0.2857,-132.00,-220.00,4174.75,-0.8181,DOWN,222.00,1.0450,2.4460
20260619 110308 991,4165.80,5,4166.00,4166.20,0.20,4166.00,1,4165.90,2,4165.80,3,4165.70,5,4165.60,6,4165.50,2,4165.40,2,4165.30,4,4165.20,5,4165.10,3,4166.20,2,4166.30,4,4166.40,5,4166.50,5,4166.60,6,4166.70,5,4166.80,12,4166.90,10,4167.00,14,4167.10,13,Sell,15,27,42,-12.00,-1.00,-12.00,1.10,63.6,4166.50,4166.70,4165.60,4165.80,129,103,232,26.00,42.00,-7.00,3.70,70.3,12,258,0.6154,0.0000,-137.00,-225.00,4174.75,-0.8181,DOWN,222.00,1.0450,2.4460
20260619 110308 995,4165.90,1,4166.00,4166.20,0.20,4166.00,1,4165.90,2,4165.80,3,4165.70,5,4165.60,6,4165.50,2,4165.40,2,4165.30,4,4165.20,5,4165.10,3,4166.20,2,4166.30,4,4166.40,5,4166.50,5,4166.60,6,4166.70,5,4166.80,12,4166.90,10,4167.00,14,4167.10,13,Buy,16,27,43,-11.00,-1.00,-12.00,1.10,54.5,4166.50,4166.70,4165.60,4165.90,129,103,232,26.00,42.00,-7.00,3.70,70.3,12,258,0.6154,0.0909,-136.00,-224.00,4174.76,-0.8149,DOWN,222.00,1.0450,2.4460
20260619 110309 512,4166.30,1,4166.10,4166.30,0.20,4166.10,2,4166.00,2,4165.90,2,4165.80,3,4165.70,5,4165.60,5,4165.50,2,4165.40,3,4165.30,4,4165.20,5,4166.30,2,4166.40,5,4166.50,5,4166.60,6,4166.70,5,4166.80,4,4166.90,10,4167.00,14,4167.10,13,4167.20,13,Buy,17,27,44,-10.00,-1.00,-12.00,1.10,18.2,4166.50,4166.70,4165.60,4166.30,129,103,232,26.00,42.00,-7.00,3.70,70.3,12,258,0.6154,0.2000,-135.00,-223.00,4174.80,-0.8022,DOWN,222.00,1.0450,2.4460
20260619 110309 655,4166.10,1,4166.00,4166.20,0.20,4166.00,3,4165.90,2,4165.80,3,4165.70,6,4165.60,6,4165.50,3,4165.40,3,4165.30,4,4165.20,5,4165.10,8,4166.20,1,4166.30,4,4166.40,4,4166.50,5,4166.60,5,4166.70,5,4166.80,4,4166.90,10,4167.00,14,4167.10,13,Sell,17,28,45,-11.00,-1.00,-12.00,1.10,36.4,4166.50,4166.70,4165.60,4166.10,129,103,232,26.00,42.00,-7.00,3.70,70.3,12,258,0.6154,0.0909,-136.00,-224.00,4174.78,-0.8086,DOWN,222.00,1.0450,2.4460
20260619 110311 120,4165.90,1,4165.90,4166.10,0.20,4165.90,3,4165.80,4,4165.70,5,4165.60,5,4165.50,3,4165.40,3,4165.30,4,4165.20,5,4165.10,8,4165.00,9,4166.20,4,4166.30,5,4166.40,4,4166.50,4,4166.60,5,4166.70,5,4166.80,4,4166.90,10,4167.00,14,4167.10,13,Sell,17,29,46,-12.00,-1.00,-12.00,1.10,54.5,4166.50,4166.70,4165.60,4165.90,129,103,232,26.00,42.00,-7.00,3.70,70.3,12,258,0.6154,0.0000,-137.00,-225.00,4174.76,-0.8149,DOWN,222.00,1.0450,2.4460
20260619 110311 487,4165.60,2,4165.40,4165.60,0.20,4165.40,2,4165.30,2,4165.20,4,4165.10,2,4165.00,4,4164.90,4,4164.80,5,4164.70,7,4164.60,10,4164.50,8,4165.60,1,4165.70,4,4165.80,5,4165.90,3,4166.00,1,4166.10,4,4166.20,4,4166.30,6,4166.40,13,4166.50,13,Sell,17,31,48,-14.00,-1.00,-14.00,1.10,81.8,4166.50,4166.70,4165.60,4165.60,129,103,232,26.00,42.00,-7.00,3.70,70.3,12,258,0.6154,0.0000,-139.00,-227.00,4174.73,-0.8244,DOWN,222.00,1.0450,2.4460
20260619 110311 487,4165.60,1,4165.30,4165.60,0.30,4165.30,2,4165.20,5,4165.10,2,4165.00,2,4164.90,4,4164.80,5,4164.70,2,4164.60,10,4164.50,8,4164.40,12,4165.60,4,4165.70,4,4165.80,6,4165.90,3,4166.00,2,4166.10,5,4166.20,4,4166.30,6,4166.40,13,4166.50,12,Sell,17,32,49,-15.00,-1.00,-15.00,1.10,81.8,4166.50,4166.70,4165.60,4165.60,129,103,232,26.00,42.00,-7.00,3.70,70.3,12,258,0.6154,0.0000,-140.00,-228.00,4174.73,-0.8244,DOWN,222.00,1.0450,2.4460
20260619 110312 335,4165.50,1,4165.30,4165.50,0.20,4165.30,1,4165.20,4,4165.10,2,4165.00,2,4164.90,4,4164.80,5,4164.70,2,4164.60,10,4164.50,8,4164.40,12,4165.50,3,4165.60,4,4165.70,4,4165.80,6,4165.90,3,4166.00,2,4166.10,5,4166.20,4,4166.30,6,4166.40,13,Buy,18,32,50,-14.00,-1.00,-15.00,1.20,83.3,4166.50,4166.70,4165.50,4165.50,129,103,232,26.00,42.00,-7.00,3.70,70.3,12,258,0.6154,0.0714,-139.00,-227.00,4174.72,-0.8276,DOWN,222.00,1.0450,2.4532
20260619 110312 335,4165.50,1,4165.30,4165.50,0.20,4165.30,1,4165.20,5,4165.10,2,4165.00,2,4164.90,3,4164.80,5,4164.70,2,4164.60,10,4164.50,8,4164.40,12,4165.50,1,4165.60,4,4165.70,5,4165.80,7,4165.90,4,4166.00,2,4166.10,5,4166.20,4,4166.30,6,4166.40,13,Buy,19,32,51,-13.00,-1.00,-15.00,1.20,83.3,4166.50,4166.70,4165.50,4165.50,129,103,232,26.00,42.00,-7.00,3.70,70.3,12,258,0.6154,0.1538,-138.00,-226.00,4174.72,-0.8276,DOWN,222.00,1.0450,2.4532
20260619 110312 998,4165.40,1,4165.50,4165.70,0.20,4165.50,1,4165.40,4,4165.30,2,4165.20,5,4165.10,2,4165.00,2,4164.90,5,4164.80,5,4164.70,2,4164.60,10,4165.70,4,4165.80,7,4165.90,5,4166.00,2,4166.10,5,4166.20,4,4166.30,6,4166.40,13,4166.50,12,4166.60,13,Sell,19,33,52,-14.00,-1.00,-15.00,1.30,84.6,4166.50,4166.70,4165.40,4165.40,129,103,232,26.00,42.00,-7.00,3.70,70.3,12,258,0.6154,0.0714,-139.00,-227.00,4174.71,-0.8308,DOWN,222.00,1.0450,2.4603
20260619 110312 998,4165.40,1,4165.50,4165.70,0.20,4165.50,1,4165.40,4,4165.30,2,4165.20,5,4165.10,2,4165.00,2,4164.90,5,4164.80,5,4164.70,2,4164.60,10,4165.70,4,4165.80,7,4165.90,5,4166.00,2,4166.10,5,4166.20,4,4166.30,6,4166.40,13,4166.50,12,4166.60,13,Sell,19,34,53,-15.00,-1.00,-15.00,1.30,84.6,4166.50,4166.70,4165.40,4165.40,129,103,232,26.00,42.00,-7.00,3.70,70.3,12,258,0.6154,0.0000,-140.00,-228.00,4174.71,-0.8308,DOWN,222.00,1.0450,2.4603
20260619 110312 998,4165.30,1,4165.50,4165.70,0.20,4165.50,1,4165.40,4,4165.30,2,4165.20,5,4165.10,2,4165.00,2,4164.90,5,4164.80,5,4164.70,2,4164.60,10,4165.70,4,4165.80,7,4165.90,5,4166.00,2,4166.10,5,4166.20,4,4166.30,6,4166.40,13,4166.50,12,4166.60,13,Sell,19,35,54,-16.00,-1.00,-16.00,1.40,85.7,4166.50,4166.70,4165.30,4165.30,129,103,232,26.00,42.00,-7.00,3.70,70.3,12,258,0.6154,0.0000,-141.00,-229.00,4174.70,-0.8340,DOWN,222.00,1.0450,2.4675
20260619 110312 998,4165.30,1,4165.50,4165.70,0.20,4165.50,1,4165.40,4,4165.30,2,4165.20,5,4165.10,2,4165.00,2,4164.90,5,4164.80,5,4164.70,2,4164.60,10,4165.70,4,4165.80,7,4165.90,5,4166.00,2,4166.10,5,4166.20,4,4166.30,6,4166.40,13,4166.50,12,4166.60,13,Sell,19,36,55,-17.00,-1.00,-17.00,1.40,85.7,4166.50,4166.70,4165.30,4165.30,129,103,232,26.00,42.00,-7.00,3.70,70.3,12,258,0.6154,0.0000,-142.00,-230.00,4174.70,-0.8340,DOWN,222.00,1.0450,2.4675
20260619 110312 999,4165.60,1,4165.50,4165.70,0.20,4165.50,1,4165.40,4,4165.30,2,4165.20,5,4165.10,2,4165.00,2,4164.90,5,4164.80,5,4164.70,2,4164.60,10,4165.70,4,4165.80,7,4165.90,5,4166.00,2,4166.10,5,4166.20,4,4166.30,6,4166.40,13,4166.50,12,4166.60,13,Buy,20,36,56,-16.00,-1.00,-17.00,1.40,64.3,4166.50,4166.70,4165.30,4165.60,129,103,232,26.00,42.00,-7.00,3.70,70.3,12,258,0.6154,0.0625,-141.00,-229.00,4174.73,-0.8244,DOWN,222.00,1.0450,2.4675
20260619 110312 999,4165.60,1,4165.50,4165.70,0.20,4165.40,3,4165.30,2,4165.20,5,4165.10,2,4165.00,2,4164.90,5,4164.80,5,4164.70,2,4164.60,10,4164.50,8,4165.70,4,4165.80,7,4165.90,5,4166.00,2,4166.10,5,4166.20,4,4166.30,6,4166.40,13,4166.50,12,4166.60,13,Buy,21,36,57,-15.00,-1.00,-17.00,1.40,64.3,4166.50,4166.70,4165.30,4165.60,129,103,232,26.00,42.00,-7.00,3.70,70.3,12,258,0.6154,0.1333,-140.00,-228.00,4174.73,-0.8244,DOWN,222.00,1.0450,2.4675
20260619 110313 756,4165.90,1,4166.20,4166.40,0.20,4166.20,1,4166.10,2,4166.00,2,4165.90,3,4165.80,3,4165.70,4,4165.60,4,4165.50,4,4165.40,6,4165.30,6,4166.40,2,4166.50,4,4166.60,5,4166.70,3,4166.80,4,4166.90,2,4167.00,6,4167.10,13,4167.20,13,4167.30,14,Buy,22,36,58,-14.00,-1.00,-17.00,1.40,42.9,4166.50,4166.70,4165.30,4165.90,129,103,232,26.00,42.00,-7.00,3.70,70.3,12,258,0.6154,0.2143,-139.00,-227.00,4174.76,-0.8149,DOWN,222.00,1.0450,2.4675
20260619 110316 293,4166.00,1,4166.00,4166.30,0.30,4166.00,2,4165.90,4,4165.80,3,4165.70,4,4165.60,4,4165.50,4,4165.40,6,4165.30,6,4165.20,10,4165.10,9,4166.30,5,4166.40,6,4166.50,5,4166.60,5,4166.70,3,4166.80,4,4166.90,2,4167.00,6,4167.10,13,4167.20,13,Sell,22,37,59,-15.00,-1.00,-17.00,1.40,35.7,4166.50,4166.70,4165.30,4166.00,129,103,232,26.00,42.00,-7.00,3.70,70.3,12,258,0.6154,0.1333,-140.00,-228.00,4174.77,-0.8117,DOWN,222.00,1.0450,2.4675
20260619 110316 753,4165.90,1,4165.90,4166.20,0.30,4165.90,2,4165.80,4,4165.70,4,4165.60,4,4165.50,4,4165.40,6,4165.30,6,4165.20,11,4165.10,9,4165.00,9,4166.20,3,4166.30,4,4166.40,5,4166.50,5,4166.60,5,4166.70,3,4166.80,4,4166.90,2,4167.00,6,4167.10,13,Sell,22,38,60,-16.00,-1.00,-17.00,1.40,42.9,4166.50,4166.70,4165.30,4165.90,129,103,232,26.00,42.00,-7.00,3.70,70.3,12,258,0.6154,0.0625,-141.00,-229.00,4174.76,-0.8149,DOWN,222.00,1.0450,2.4675
20260619 110316 753,4165.90,1,4165.90,4166.20,0.30,4165.90,2,4165.80,4,4165.70,4,4165.60,4,4165.50,4,4165.40,6,4165.30,6,4165.20,11,4165.10,9,4165.00,9,4166.20,3,4166.30,4,4166.40,5,4166.50,5,4166.60,5,4166.70,3,4166.80,4,4166.90,2,4167.00,6,4167.10,13,Sell,22,39,61,-17.00,-1.00,-17.00,1.40,42.9,4166.50,4166.70,4165.30,4165.90,129,103,232,26.00,42.00,-7.00,3.70,70.3,12,258,0.6154,0.0000,-142.00,-230.00,4174.76,-0.8149,DOWN,222.00,1.0450,2.4675
20260619 110317 351,4166.10,1,4166.00,4166.40,0.40,4166.00,1,4165.90,2,4165.80,3,4165.70,4,4165.60,4,4165.50,4,4165.40,6,4165.30,6,4165.20,11,4165.10,9,4166.40,4,4166.50,5,4166.60,5,4166.70,3,4166.80,4,4166.90,2,4167.00,14,4167.10,13,4167.20,13,4167.30,14,Buy,23,39,62,-16.00,-1.00,-17.00,1.40,28.6,4166.50,4166.70,4165.30,4166.10,129,103,232,26.00,42.00,-7.00,3.70,70.3,12,258,0.6154,0.0625,-141.00,-229.00,4174.78,-0.8086,DOWN,222.00,1.0450,2.4675
20260619 110317 351,4166.10,1,4166.00,4166.40,0.40,4166.00,1,4165.90,2,4165.80,3,4165.70,4,4165.60,4,4165.50,4,4165.40,6,4165.30,6,4165.20,11,4165.10,9,4166.40,4,4166.50,5,4166.60,5,4166.70,3,4166.80,4,4166.90,2,4167.00,14,4167.10,13,4167.20,13,4167.30,14,Buy,24,39,63,-15.00,-1.00,-17.00,1.40,28.6,4166.50,4166.70,4165.30,4166.10,129,103,232,26.00,42.00,-7.00,3.70,70.3,12,258,0.6154,0.1333,-140.00,-228.00,4174.78,-0.8086,DOWN,222.00,1.0450,2.4675
20260619 110317 351,4166.20,1,4166.00,4166.40,0.40,4166.00,1,4165.90,2,4165.80,3,4165.70,4,4165.60,4,4165.50,4,4165.40,6,4165.30,6,4165.20,11,4165.10,9,4166.40,4,4166.50,5,4166.60,5,4166.70,3,4166.80,4,4166.90,2,4167.00,14,4167.10,13,4167.20,13,4167.30,14,Buy,25,39,64,-14.00,-1.00,-17.00,1.40,21.4,4166.50,4166.70,4165.30,4166.20,129,103,232,26.00,42.00,-7.00,3.70,70.3,12,258,0.6154,0.2143,-139.00,-227.00,4174.79,-0.8054,DOWN,222.00,1.0450,2.4675
20260619 110317 351,4166.20,1,4166.00,4166.40,0.40,4166.00,1,4165.90,2,4165.80,3,4165.70,4,4165.60,4,4165.50,4,4165.40,6,4165.30,6,4165.20,11,4165.10,9,4166.40,4,4166.50,5,4166.60,5,4166.70,3,4166.80,4,4166.90,2,4167.00,14,4167.10,13,4167.20,13,4167.30,14,Buy,26,39,65,-13.00,-1.00,-17.00,1.40,21.4,4166.50,4166.70,4165.30,4166.20,129,103,232,26.00,42.00,-7.00,3.70,70.3,12,258,0.6154,0.3077,-138.00,-226.00,4174.79,-0.8054,DOWN,222.00,1.0450,2.4675
20260619 110317 351,4166.20,1,4166.00,4166.40,0.40,4166.00,1,4165.90,2,4165.80,3,4165.70,4,4165.60,4,4165.50,4,4165.40,6,4165.30,6,4165.20,11,4165.10,9,4166.40,4,4166.50,5,4166.60,5,4166.70,3,4166.80,4,4166.90,2,4167.00,14,4167.10,13,4167.20,13,4167.30,14,Buy,27,39,66,-12.00,-1.00,-17.00,1.40,21.4,4166.50,4166.70,4165.30,4166.20,129,103,232,26.00,42.00,-7.00,3.70,70.3,12,258,0.6154,0.4167,-137.00,-225.00,4174.79,-0.8054,DOWN,222.00,1.0450,2.4675
20260619 110317 351,4166.30,1,4166.00,4166.40,0.40,4166.00,1,4165.90,2,4165.80,3,4165.70,4,4165.60,4,4165.50,4,4165.40,6,4165.30,6,4165.20,11,4165.10,9,4166.40,4,4166.50,5,4166.60,5,4166.70,3,4166.80,4,4166.90,2,4167.00,14,4167.10,13,4167.20,13,4167.30,14,Buy,28,39,67,-11.00,-1.00,-17.00,1.40,14.3,4166.50,4166.70,4165.30,4166.30,129,103,232,26.00,42.00,-7.00,3.70,70.3,12,258,0.6154,0.5455,-136.00,-224.00,4174.80,-0.8022,DOWN,222.00,1.0450,2.4675
20260619 110317 351,4166.30,1,4166.00,4166.40,0.40,4166.00,1,4165.90,2,4165.80,3,4165.70,4,4165.60,4,4165.50,4,4165.40,6,4165.30,6,4165.20,11,4165.10,9,4166.40,4,4166.50,5,4166.60,5,4166.70,3,4166.80,4,4166.90,2,4167.00,14,4167.10,13,4167.20,13,4167.30,14,Buy,29,39,68,-10.00,-1.00,-17.00,1.40,14.3,4166.50,4166.70,4165.30,4166.30,129,103,232,26.00,42.00,-7.00,3.70,70.3,12,258,0.6154,0.7000,-135.00,-223.00,4174.80,-0.8022,DOWN,222.00,1.0450,2.4675
20260619 110317 351,4166.30,1,4166.00,4166.40,0.40,4166.00,1,4165.90,2,4165.80,3,4165.70,4,4165.60,4,4165.50,4,4165.40,6,4165.30,6,4165.20,11,4165.10,9,4166.40,4,4166.50,5,4166.60,5,4166.70,3,4166.80,4,4166.90,2,4167.00,14,4167.10,13,4167.20,13,4167.30,14,Buy,30,39,69,-9.00,-1.00,-17.00,1.40,14.3,4166.50,4166.70,4165.30,4166.30,129,103,232,26.00,42.00,-7.00,3.70,70.3,12,258,0.6154,0.8889,-134.00,-222.00,4174.80,-0.8022,DOWN,222.00,1.0450,2.4675
20260619 110317 351,4166.30,1,4166.00,4166.40,0.40,4166.00,1,4165.90,2,4165.80,3,4165.70,4,4165.60,4,4165.50,4,4165.40,6,4165.30,6,4165.20,11,4165.10,9,4166.40,4,4166.50,5,4166.60,5,4166.70,3,4166.80,4,4166.90,2,4167.00,14,4167.10,13,4167.20,13,4167.30,14,Buy,31,39,70,-8.00,-1.00,-17.00,1.40,14.3,4166.50,4166.70,4165.30,4166.30,129,103,232,26.00,42.00,-7.00,3.70,70.3,12,258,0.6154,1.1250,-133.00,-221.00,4174.80,-0.8022,DOWN,222.00,1.0450,2.4675
20260619 110317 351,4166.40,1,4166.00,4166.40,0.40,4166.00,1,4165.90,2,4165.80,3,4165.70,4,4165.60,4,4165.50,4,4165.40,6,4165.30,6,4165.20,11,4165.10,9,4166.40,4,4166.50,5,4166.60,5,4166.70,3,4166.80,4,4166.90,2,4167.00,14,4167.10,13,4167.20,13,4167.30,14,Buy,32,39,71,-7.00,-1.00,-17.00,1.40,7.1,4166.50,4166.70,4165.30,4166.40,129,103,232,26.00,42.00,-7.00,3.70,70.3,12,258,0.6154,1.4286,-132.00,-220.00,4174.80,-0.7990,DOWN,222.00,1.0450,2.4675
20260619 110318 257,4166.10,1,4165.90,4166.20,0.30,4165.90,1,4165.80,3,4165.70,4,4165.60,4,4165.50,4,4165.40,5,4165.30,6,4165.20,11,4165.10,9,4165.00,9,4166.20,4,4166.30,5,4166.40,4,4166.50,5,4166.60,5,4166.70,3,4166.80,4,4166.90,2,4167.00,14,4167.10,13,Sell,32,40,72,-8.00,-1.00,-17.00,1.40,28.6,4166.50,4166.70,4165.30,4166.10,129,103,232,26.00,42.00,-7.00,3.70,70.3,12,258,0.6154,1.1250,-133.00,-221.00,4174.78,-0.8086,DOWN,222.00,1.0450,2.4675
20260619 110318 641,4166.10,1,4165.90,4166.10,0.20,4165.90,2,4165.80,3,4165.70,4,4165.60,4,4165.50,4,4165.40,5,4165.30,6,4165.20,11,4165.10,9,4165.00,9,4166.20,3,4166.30,5,4166.40,4,4166.50,5,4166.60,5,4166.70,3,4166.80,4,4166.90,10,4167.00,14,4167.10,13,Buy,33,40,73,-7.00,-1.00,-17.00,1.40,28.6,4166.50,4166.70,4165.30,4166.10,129,103,232,26.00,42.00,-7.00,3.70,70.3,12,258,0.6154,1.4286,-132.00,-220.00,4174.78,-0.8086,DOWN,222.00,1.0450,2.4675
20260619 110318 641,4166.10,1,4165.90,4166.10,0.20,4165.90,2,4165.80,3,4165.70,4,4165.60,4,4165.50,4,4165.40,5,4165.30,6,4165.20,11,4165.10,9,4165.00,9,4166.20,3,4166.30,5,4166.40,4,4166.50,5,4166.60,5,4166.70,3,4166.80,4,4166.90,10,4167.00,14,4167.10,13,Buy,34,40,74,-6.00,-1.00,-17.00,1.40,28.6,4166.50,4166.70,4165.30,4166.10,129,103,232,26.00,42.00,-7.00,3.70,70.3,12,258,0.6154,1.8333,-131.00,-219.00,4174.78,-0.8086,DOWN,222.00,1.0450,2.4675
20260619 110319 108,4165.90,1,4165.90,4166.20,0.30,4165.80,2,4165.70,4,4165.60,4,4165.50,4,4165.40,5,4165.30,6,4165.20,11,4165.10,9,4165.00,9,4164.90,13,4166.10,3,4166.20,3,4166.30,5,4166.40,4,4166.50,5,4166.60,5,4166.70,3,4166.80,4,4166.90,10,4167.00,14,Sell,34,41,75,-7.00,-1.00,-17.00,1.40,42.9,4166.50,4166.70,4165.30,4165.90,129,103,232,26.00,42.00,-7.00,3.70,70.3,12,258,0.6154,1.4286,-132.00,-220.00,4174.76,-0.8149,DOWN,222.00,1.0450,2.4675
20260619 110319 108,4165.90,1,4165.90,4166.20,0.30,4165.80,2,4165.70,4,4165.60,4,4165.50,4,4165.40,5,4165.30,6,4165.20,11,4165.10,9,4165.00,9,4164.90,13,4166.10,3,4166.20,3,4166.30,5,4166.40,4,4166.50,5,4166.60,5,4166.70,3,4166.80,4,4166.90,10,4167.00,14,Sell,34,42,76,-8.00,-1.00,-17.00,1.40,42.9,4166.50,4166.70,4165.30,4165.90,129,103,232,26.00,42.00,-7.00,3.70,70.3,12,258,0.6154,1.1250,-133.00,-221.00,4174.76,-0.8149,DOWN,222.00,1.0450,2.4675
20260619 110319 247,4166.20,1,4165.90,4166.10,0.20,4165.90,1,4165.80,2,4165.70,4,4165.60,4,4165.50,4,4165.40,5,4165.30,6,4165.20,11,4165.10,9,4165.00,9,4166.10,2,4166.20,2,4166.30,5,4166.40,4,4166.50,5,4166.60,5,4166.70,3,4166.80,4,4166.90,10,4167.00,14,Buy,35,42,77,-7.00,-1.00,-17.00,1.40,21.4,4166.50,4166.70,4165.30,4166.20,129,103,232,26.00,42.00,-7.00,3.70,70.3,12,258,0.6154,1.4286,-132.00,-220.00,4174.79,-0.8054,DOWN,222.00,1.0450,2.4675
20260619 110319 581,4166.10,1,4165.90,4166.10,0.20,4165.90,1,4165.80,4,4165.70,4,4165.60,4,4165.50,4,4165.40,5,4165.30,6,4165.20,11,4165.10,9,4165.00,9,4166.10,1,4166.20,2,4166.30,5,4166.40,4,4166.50,5,4166.60,5,4166.70,3,4166.80,4,4166.90,10,4167.00,14,Buy,36,42,78,-6.00,-1.00,-17.00,1.40,28.6,4166.50,4166.70,4165.30,4166.10,129,103,232,26.00,42.00,-7.00,3.70,70.3,12,258,0.6154,1.8333,-131.00,-219.00,4174.78,-0.8086,DOWN,222.00,1.0450,2.4675
20260619 110319 809,4166.00,1,4165.90,4166.10,0.20,4165.90,4,4165.80,3,4165.70,3,4165.60,4,4165.50,4,4165.40,5,4165.30,6,4165.20,11,4165.10,9,4165.00,9,4166.10,1,4166.20,2,4166.30,5,4166.40,4,4166.50,5,4166.60,5,4166.70,3,4166.80,4,4166.90,10,4167.00,14,Buy,37,42,79,-5.00,-1.00,-17.00,1.40,35.7,4166.50,4166.70,4165.30,4166.00,129,103,232,26.00,42.00,-7.00,3.70,70.3,12,258,0.6154,2.4000,-130.00,-218.00,4174.77,-0.8117,DOWN,222.00,1.0450,2.4675
20260619 110320 429,4166.00,1,4165.90,4166.10,0.20,4165.90,1,4165.80,3,4165.70,3,4165.60,4,4165.50,4,4165.40,5,4165.30,6,4165.20,11,4165.10,9,4165.00,9,4166.10,2,4166.20,4,4166.30,5,4166.40,4,4166.50,5,4166.60,5,4166.70,3,4166.80,4,4166.90,10,4167.00,14,Sell,37,43,80,-6.00,-1.00,-17.00,1.40,35.7,4166.50,4166.70,4165.30,4166.00,129,103,232,26.00,42.00,-7.00,3.70,70.3,12,258,0.6154,1.8333,-131.00,-219.00,4174.77,-0.8117,DOWN,222.00,1.0450,2.4675
20260619 110320 429,4165.90,1,4165.90,4166.10,0.20,4165.90,1,4165.80,3,4165.70,3,4165.60,4,4165.50,4,4165.40,5,4165.30,6,4165.20,11,4165.10,9,4165.00,9,4166.10,2,4166.20,4,4166.30,5,4166.40,4,4166.50,5,4166.60,5,4166.70,3,4166.80,4,4166.90,10,4167.00,14,Sell,37,44,81,-7.00,-1.00,-17.00,1.40,42.9,4166.50,4166.70,4165.30,4165.90,129,103,232,26.00,42.00,-7.00,3.70,70.3,12,258,0.6154,1.4286,-132.00,-220.00,4174.76,-0.8149,DOWN,222.00,1.0450,2.4675
20260619 110321 276,4165.90,1,4165.90,4166.10,0.20,4165.90,2,4165.80,3,4165.70,3,4165.60,4,4165.50,4,4165.40,5,4165.30,6,4165.20,11,4165.10,9,4165.00,9,4166.10,1,4166.20,4,4166.30,6,4166.40,4,4166.50,5,4166.60,5,4166.70,3,4166.80,4,4166.90,10,4167.00,14,Sell,37,45,82,-8.00,-1.00,-17.00,1.40,42.9,4166.50,4166.70,4165.30,4165.90,129,103,232,26.00,42.00,-7.00,3.70,70.3,12,258,0.6154,1.1250,-133.00,-221.00,4174.76,-0.8149,DOWN,222.00,1.0450,2.4675
20260619 110322 268,4166.10,1,4166.10,4166.30,0.20,4166.10,1,4166.00,3,4165.90,4,4165.80,3,4165.70,3,4165.60,4,4165.50,4,4165.40,5,4165.30,6,4165.20,11,4166.30,5,4166.40,4,4166.50,5,4166.60,5,4166.70,3,4166.80,4,4166.90,10,4167.00,14,4167.10,13,4167.20,13,Buy,38,45,83,-7.00,-1.00,-17.00,1.40,28.6,4166.50,4166.70,4165.30,4166.10,129,103,232,26.00,42.00,-7.00,3.70,70.3,12,258,0.6154,1.4286,-132.00,-220.00,4174.78,-0.8086,DOWN,222.00,1.0450,2.4675
20260619 110322 467,4166.30,1,4166.20,4166.30,0.10,4166.10,2,4166.00,3,4165.90,4,4165.80,3,4165.70,3,4165.60,4,4165.50,4,4165.40,5,4165.30,6,4165.20,11,4166.30,4,4166.40,4,4166.50,5,4166.60,5,4166.70,3,4166.80,4,4166.90,10,4167.00,14,4167.10,13,4167.20,13,Buy,39,45,84,-6.00,-1.00,-17.00,1.40,14.3,4166.50,4166.70,4165.30,4166.30,129,103,232,26.00,42.00,-7.00,3.70,70.3,12,258,0.6154,1.8333,-131.00,-219.00,4174.80,-0.8022,DOWN,222.00,1.0450,2.4675
20260619 110322 467,4166.30,1,4166.20,4166.30,0.10,4166.10,2,4166.00,3,4165.90,4,4165.80,3,4165.70,3,4165.60,4,4165.50,4,4165.40,5,4165.30,6,4165.20,11,4166.30,4,4166.40,4,4166.50,5,4166.60,5,4166.70,3,4166.80,4,4166.90,10,4167.00,14,4167.10,13,4167.20,13,Buy,40,45,85,-5.00,-1.00,-17.00,1.40,14.3,4166.50,4166.70,4165.30,4166.30,129,103,232,26.00,42.00,-7.00,3.70,70.3,12,258,0.6154,2.4000,-130.00,-218.00,4174.80,-0.8022,DOWN,222.00,1.0450,2.4675
20260619 110322 467,4166.30,1,4166.20,4166.30,0.10,4166.10,2,4166.00,3,4165.90,4,4165.80,3,4165.70,3,4165.60,4,4165.50,4,4165.40,5,4165.30,6,4165.20,11,4166.30,4,4166.40,4,4166.50,5,4166.60,5,4166.70,3,4166.80,4,4166.90,10,4167.00,14,4167.10,13,4167.20,13,Buy,41,45,86,-4.00,-1.00,-17.00,1.40,14.3,4166.50,4166.70,4165.30,4166.30,129,103,232,26.00,42.00,-7.00,3.70,70.3,12,258,0.6154,3.2500,-129.00,-217.00,4174.80,-0.8022,DOWN,222.00,1.0450,2.4675
20260619 110322 497,4166.50,1,4166.50,4166.50,0.00,4166.50,1,4166.40,3,4166.30,3,4166.20,5,4166.10,3,4166.00,3,4165.90,5,4165.80,5,4165.70,4,4165.60,5,4166.70,4,4166.80,3,4166.90,2,4167.00,6,4167.10,5,4167.20,13,4167.30,14,4167.40,14,4167.50,16,4167.60,17,Buy,42,45,87,-3.00,-1.00,-17.00,1.40,0.0,4166.50,4166.70,4165.30,4166.50,129,103,232,26.00,42.00,-7.00,3.70,70.3,12,258,0.6154,4.6667,-128.00,-216.00,4174.81,-0.7959,DOWN,222.00,1.0450,2.4675
20260619 110322 498,4166.50,1,4166.50,4166.50,0.00,4166.50,1,4166.40,3,4166.30,3,4166.20,5,4166.10,3,4166.00,3,4165.90,5,4165.80,5,4165.70,4,4165.60,5,4166.70,4,4166.80,3,4166.90,2,4167.00,6,4167.10,5,4167.20,13,4167.30,14,4167.40,14,4167.50,16,4167.60,17,Buy,43,45,88,-2.00,-1.00,-17.00,1.40,0.0,4166.50,4166.70,4165.30,4166.50,129,103,232,26.00,42.00,-7.00,3.70,70.3,12,258,0.6154,7.5000,-127.00,-215.00,4174.81,-0.7959,DOWN,222.00,1.0450,2.4675
20260619 110322 981,4166.60,1,4166.50,4166.70,0.20,4166.50,1,4166.40,1,4166.30,3,4166.20,5,4166.10,3,4166.00,3,4165.90,5,4165.80,4,4165.70,4,4165.60,5,4166.70,4,4166.80,3,4166.90,3,4167.00,6,4167.10,5,4167.20,13,4167.30,14,4167.40,14,4167.50,16,4167.60,17,Buy,44,45,89,-1.00,-1.00,-17.00,1.40,7.1,4166.50,4166.70,4165.30,4166.60,129,103,232,26.00,42.00,-7.00,3.70,70.3,12,258,0.6154,16.0000,-126.00,-214.00,4174.82,-0.7927,DOWN,222.00,1.0450,2.4675
20260619 110322 981,4166.70,1,4166.50,4166.70,0.20,4166.50,1,4166.40,1,4166.30,3,4166.20,5,4166.10,3,4166.00,3,4165.90,5,4165.80,4,4165.70,4,4165.60,5,4166.70,4,4166.80,3,4166.90,3,4167.00,6,4167.10,5,4167.20,13,4167.30,14,4167.40,14,4167.50,16,4167.60,17,Buy,45,45,90,0.00,0.00,-17.00,1.40,14.3,4166.50,4166.70,4165.30,4166.70,129,103,232,26.00,42.00,-7.00,3.70,70.3,12,258,0.6154,0.0000,-125.00,-213.00,4174.83,-0.7895,DOWN,222.00,1.0450,2.4675
20260619 110322 981,4166.70,1,4166.50,4166.70,0.20,4166.50,1,4166.40,1,4166.30,3,4166.20,5,4166.10,3,4166.00,3,4165.90,5,4165.80,4,4165.70,4,4165.60,5,4166.70,4,4166.80,3,4166.90,3,4167.00,6,4167.10,5,4167.20,13,4167.30,14,4167.40,14,4167.50,16,4167.60,17,Buy,46,45,91,1.00,1.00,-17.00,1.40,14.3,4166.50,4166.70,4165.30,4166.70,129,103,232,26.00,42.00,-7.00,3.70,70.3,12,258,0.6154,0.0000,-124.00,-212.00,4174.83,-0.7895,DOWN,222.00,1.0450,2.4675
20260619 110323 123,4166.60,1,4166.30,4166.50,0.20,4166.30,1,4166.20,5,4166.10,3,4166.00,3,4165.90,4,4165.80,4,4165.70,4,4165.60,4,4165.50,4,4165.40,10,4166.50,2,4166.60,3,4166.70,4,4166.80,4,4166.90,2,4167.00,6,4167.10,5,4167.20,5,4167.30,6,4167.40,14,Sell,46,46,92,0.00,1.00,-17.00,1.40,7.1,4166.50,4166.70,4165.30,4166.60,129,103,232,26.00,42.00,-7.00,3.70,70.3,12,258,0.6154,1.0000,-125.00,-213.00,4174.82,-0.7927,DOWN,222.00,1.0450,2.4675
20260619 110323 125,4166.50,1,4166.30,4166.50,0.20,4166.30,1,4166.20,5,4166.10,3,4166.00,3,4165.90,4,4165.80,4,4165.70,4,4165.60,4,4165.50,4,4165.40,10,4166.50,2,4166.60,3,4166.70,4,4166.80,4,4166.90,2,4167.00,6,4167.10,5,4167.20,5,4167.30,6,4167.40,14,Sell,46,47,93,-1.00,1.00,-17.00,1.40,0.0,4166.50,4166.70,4165.30,4166.50,129,103,232,26.00,42.00,-7.00,3.70,70.3,12,258,0.6154,16.0000,-126.00,-214.00,4174.81,-0.7959,DOWN,222.00,1.0450,2.4675
20260619 110323 125,4166.40,1,4166.30,4166.50,0.20,4166.30,1,4166.20,5,4166.10,3,4166.00,3,4165.90,4,4165.80,4,4165.70,4,4165.60,4,4165.50,4,4165.40,10,4166.50,2,4166.60,3,4166.70,4,4166.80,4,4166.90,2,4167.00,6,4167.10,5,4167.20,5,4167.30,6,4167.40,14,Sell,46,48,94,-2.00,1.00,-17.00,1.40,7.1,4166.50,4166.70,4165.30,4166.40,129,103,232,26.00,42.00,-7.00,3.70,70.3,12,258,0.6154,7.5000,-127.00,-215.00,4174.80,-0.7990,DOWN,222.00,1.0450,2.4675
20260619 110323 126,4166.40,1,4166.30,4166.50,0.20,4166.30,1,4166.20,5,4166.10,3,4166.00,3,4165.90,4,4165.80,4,4165.70,4,4165.60,4,4165.50,4,4165.40,10,4166.50,2,4166.60,3,4166.70,4,4166.80,4,4166.90,2,4167.00,6,4167.10,5,4167.20,5,4167.30,6,4167.40,14,Sell,46,49,95,-3.00,1.00,-17.00,1.40,7.1,4166.50,4166.70,4165.30,4166.40,129,103,232,26.00,42.00,-7.00,3.70,70.3,12,258,0.6154,4.6667,-128.00,-216.00,4174.80,-0.7990,DOWN,222.00,1.0450,2.4675
20260619 110323 669,4166.30,1,4166.30,4166.50,0.20,4166.30,2,4166.20,4,4166.10,4,4166.00,3,4165.90,4,4165.80,3,4165.70,3,4165.60,4,4165.50,4,4165.40,10,4166.50,4,4166.60,4,4166.70,3,4166.80,4,4166.90,2,4167.00,6,4167.10,13,4167.20,13,4167.30,14,4167.40,14,Buy,47,49,96,-2.00,1.00,-17.00,1.40,14.3,4166.50,4166.70,4165.30,4166.30,129,103,232,26.00,42.00,-7.00,3.70,70.3,12,258,0.6154,7.5000,-127.00,-215.00,4174.80,-0.8022,DOWN,222.00,1.0450,2.4675
20260619 110323 669,4166.30,1,4166.30,4166.50,0.20,4166.30,2,4166.20,4,4166.10,4,4166.00,3,4165.90,4,4165.80,3,4165.70,3,4165.60,4,4165.50,4,4165.40,10,4166.50,4,4166.60,4,4166.70,3,4166.80,4,4166.90,2,4167.00,6,4167.10,13,4167.20,13,4167.30,14,4167.40,14,Buy,48,49,97,-1.00,1.00,-17.00,1.40,14.3,4166.50,4166.70,4165.30,4166.30,129,103,232,26.00,42.00,-7.00,3.70,70.3,12,258,0.6154,16.0000,-126.00,-214.00,4174.80,-0.8022,DOWN,222.00,1.0450,2.4675
20260619 110324 053,4166.20,1,4166.20,4166.30,0.10,4166.10,1,4166.00,3,4165.90,4,4165.80,3,4165.70,3,4165.60,4,4165.50,4,4165.40,5,4165.30,10,4165.20,16,4166.30,4,4166.40,6,4166.50,4,4166.60,4,4166.70,4,4166.80,4,4166.90,2,4167.00,6,4167.10,13,4167.20,13,Sell,48,50,98,-2.00,1.00,-17.00,1.40,21.4,4166.50,4166.70,4165.30,4166.20,129,103,232,26.00,42.00,-7.00,3.70,70.3,12,258,0.6154,7.5000,-127.00,-215.00,4174.79,-0.8054,DOWN,222.00,1.0450,2.4675
20260619 110324 439,4166.30,1,4166.40,4166.60,0.20,4166.40,1,4166.30,4,4166.20,3,4166.10,3,4166.00,2,4165.90,4,4165.80,3,4165.70,3,4165.60,4,4165.50,4,4166.60,3,4166.70,4,4166.80,4,4166.90,2,4167.00,7,4167.10,5,4167.20,13,4167.30,14,4167.40,14,4167.50,16,Buy,49,50,99,-1.00,1.00,-17.00,1.40,14.3,4166.50,4166.70,4165.30,4166.30,129,103,232,26.00,42.00,-7.00,3.70,70.3,12,258,0.6154,16.0000,-126.00,-214.00,4174.80,-0.8022,DOWN,222.00,1.0450,2.4675
20260619 110324 439,4166.30,1,4166.40,4166.60,0.20,4166.40,1,4166.30,4,4166.20,3,4166.10,3,4166.00,2,4165.90,4,4165.80,3,4165.70,3,4165.60,4,4165.50,4,4166.60,3,4166.70,4,4166.80,4,4166.90,2,4167.00,7,4167.10,5,4167.20,13,4167.30,14,4167.40,14,4167.50,16,Buy,50,50,100,0.00,1.00,-17.00,1.40,14.3,4166.50,4166.70,4165.30,4166.30,129,103,232,26.00,42.00,-7.00,3.70,70.3,12,258,0.6154,1.0000,-125.00,-213.00,4174.80,-0.8022,DOWN,222.00,1.0450,2.4675
20260619 110324 442,4166.40,1,4166.40,4166.60,0.20,4166.40,1,4166.30,4,4166.20,3,4166.10,3,4166.00,2,4165.90,4,4165.80,3,4165.70,3,4165.60,4,4165.50,4,4166.60,3,4166.70,4,4166.80,4,4166.90,2,4167.00,7,4167.10,5,4167.20,13,4167.30,14,4167.40,14,4167.50,16,Buy,51,50,101,1.00,1.00,-17.00,1.40,7.1,4166.50,4166.70,4165.30,4166.40,129,103,232,26.00,42.00,-7.00,3.70,70.3,12,258,0.6154,0.0000,-124.00,-212.00,4174.80,-0.7990,DOWN,222.00,1.0450,2.4675
20260619 110324 442,4166.40,1,4166.40,4166.60,0.20,4166.40,1,4166.30,4,4166.20,3,4166.10,3,4166.00,2,4165.90,4,4165.80,3,4165.70,3,4165.60,4,4165.50,4,4166.60,3,4166.70,4,4166.80,4,4166.90,2,4167.00,7,4167.10,5,4167.20,13,4167.30,14,4167.40,14,4167.50,16,Buy,52,50,102,2.00,2.00,-17.00,1.40,7.1,4166.50,4166.70,4165.30,4166.40,129,103,232,26.00,42.00,-7.00,3.70,70.3,12,258,0.6154,0.0000,-123.00,-211.00,4174.80,-0.7990,DOWN,222.00,1.0450,2.4675
20260619 110324 442,4166.40,1,4166.40,4166.60,0.20,4166.40,1,4166.30,4,4166.20,3,4166.10,3,4166.00,2,4165.90,4,4165.80,3,4165.70,3,4165.60,4,4165.50,4,4166.60,3,4166.70,4,4166.80,4,4166.90,2,4167.00,7,4167.10,5,4167.20,13,4167.30,14,4167.40,14,4167.50,16,Buy,53,50,103,3.00,3.00,-17.00,1.40,7.1,4166.50,4166.70,4165.30,4166.40,129,103,232,26.00,42.00,-7.00,3.70,70.3,12,258,0.6154,0.0000,-122.00,-210.00,4174.80,-0.7990,DOWN,222.00,1.0450,2.4675
20260619 110325 508,4166.30,1,4166.10,4166.40,0.30,4166.10,3,4166.00,2,4165.90,4,4165.80,3,4165.70,3,4165.60,4,4165.50,4,4165.40,5,4165.30,10,4165.20,16,4166.40,4,4166.50,5,4166.60,4,4166.70,4,4166.80,4,4166.90,2,4167.00,7,4167.10,5,4167.20,13,4167.30,14,Sell,53,51,104,2.00,3.00,-17.00,1.40,14.3,4166.50,4166.70,4165.30,4166.30,129,103,232,26.00,42.00,-7.00,3.70,70.3,12,258,0.6154,0.5000,-123.00,-211.00,4174.80,-0.8022,DOWN,222.00,1.0450,2.4675
20260619 110326 451,4166.30,1,4166.20,4166.40,0.20,4166.20,1,4166.10,3,4166.00,2,4165.90,4,4165.80,3,4165.70,3,4165.60,4,4165.50,4,4165.40,5,4165.30,8,4166.40,1,4166.50,5,4166.60,4,4166.70,4,4166.80,4,4166.90,2,4167.00,7,4167.10,13,4167.20,13,4167.30,14,Buy,54,51,105,3.00,3.00,-17.00,1.40,14.3,4166.50,4166.70,4165.30,4166.30,129,103,232,26.00,42.00,-7.00,3.70,70.3,12,258,0.6154,0.0000,-122.00,-210.00,4174.80,-0.8022,DOWN,222.00,1.0450,2.4675
20260619 110327 152,4166.40,1,4166.40,4166.60,0.20,4166.40,1,4166.30,3,4166.20,2,4166.10,3,4166.00,2,4165.90,4,4165.80,3,4165.70,3,4165.60,4,4165.50,4,4166.60,2,4166.70,4,4166.80,4,4166.90,2,4167.00,7,4167.10,5,4167.20,13,4167.30,14,4167.40,14,4167.50,16,Sell,54,52,106,2.00,3.00,-17.00,1.40,7.1,4166.50,4166.70,4165.30,4166.40,129,103,232,26.00,42.00,-7.00,3.70,70.3,12,258,0.6154,0.5000,-123.00,-211.00,4174.80,-0.7990,DOWN,222.00,1.0450,2.4675
20260619 110327 306,4166.40,1,4166.30,4166.50,0.20,4166.30,1,4166.20,2,4166.10,3,4166.00,2,4165.90,4,4165.80,3,4165.70,3,4165.60,4,4165.50,4,4165.40,5,4166.50,3,4166.60,3,4166.70,4,4166.80,4,4166.90,2,4167.00,7,4167.10,5,4167.20,13,4167.30,14,4167.40,14,Sell,54,53,107,1.00,3.00,-17.00,1.40,7.1,4166.50,4166.70,4165.30,4166.40,129,103,232,26.00,42.00,-7.00,3.70,70.3,12,258,0.6154,2.0000,-124.00,-212.00,4174.80,-0.7990,DOWN,222.00,1.0450,2.4675
20260619 110328 685,4166.60,1,4166.50,4166.60,0.10,4166.50,1,4166.40,3,4166.30,4,4166.20,2,4166.10,3,4166.00,3,4165.90,4,4165.80,3,4165.70,4,4165.60,4,4166.70,3,4166.80,3,4166.90,2,4167.00,7,4167.10,5,4167.20,5,4167.30,6,4167.40,13,4167.50,16,4167.60,16,Buy,55,53,108,2.00,3.00,-17.00,1.40,7.1,4166.50,4166.70,4165.30,4166.60,129,103,232,26.00,42.00,-7.00,3.70,70.3,12,258,0.6154,0.5000,-123.00,-211.00,4174.82,-0.7927,DOWN,222.00,1.0450,2.4675
20260619 110328 988,4166.50,1,4166.40,4166.60,0.20,4166.40,2,4166.30,4,4166.20,2,4166.10,3,4166.00,3,4165.90,4,4165.80,3,4165.70,4,4165.60,4,4165.50,4,4166.60,2,4166.70,3,4166.80,3,4166.90,2,4167.00,7,4167.10,5,4167.20,5,4167.30,6,4167.40,13,4167.50,16,Sell,55,54,109,1.00,3.00,-17.00,1.40,0.0,4166.50,4166.70,4165.30,4166.50,129,103,232,26.00,42.00,-7.00,3.70,70.3,12,258,0.6154,2.0000,-124.00,-212.00,4174.81,-0.7959,DOWN,222.00,1.0450,2.4675
20260619 110328 988,4166.50,1,4166.40,4166.60,0.20,4166.40,2,4166.30,4,4166.20,2,4166.10,3,4166.00,3,4165.90,4,4165.80,3,4165.70,4,4165.60,4,4165.50,4,4166.60,2,4166.70,3,4166.80,3,4166.90,2,4167.00,7,4167.10,5,4167.20,5,4167.30,6,4167.40,13,4167.50,16,Sell,55,55,110,0.00,3.00,-17.00,1.40,0.0,4166.50,4166.70,4165.30,4166.50,129,103,232,26.00,42.00,-7.00,3.70,70.3,12,258,0.6154,3.0000,-125.00,-213.00,4174.81,-0.7959,DOWN,222.00,1.0450,2.4675
20260619 110329 104,4166.50,1,4166.40,4166.70,0.30,4166.40,2,4166.30,3,4166.20,2,4166.10,2,4166.00,2,4165.90,4,4165.80,4,4165.70,4,4165.60,4,4165.50,9,4166.70,3,4166.80,3,4166.90,2,4167.00,7,4167.10,5,4167.20,5,4167.30,6,4167.40,13,4167.50,16,4167.60,16,Sell,55,56,111,-1.00,3.00,-17.00,1.40,0.0,4166.50,4166.70,4165.30,4166.50,129,103,232,26.00,42.00,-7.00,3.70,70.3,12,258,0.6154,16.0000,-126.00,-214.00,4174.81,-0.7959,DOWN,222.00,1.0450,2.4675
20260619 110330 386,4166.30,1,4166.20,4166.50,0.30,4166.20,3,4166.10,3,4166.00,2,4165.90,4,4165.80,3,4165.70,4,4165.60,4,4165.50,4,4165.40,10,4165.30,8,4166.50,5,4166.60,2,4166.70,3,4166.80,4,4166.90,2,4167.00,7,4167.10,5,4167.20,5,4167.30,6,4167.40,13,Sell,55,57,112,-2.00,3.00,-17.00,1.40,14.3,4166.50,4166.70,4165.30,4166.30,129,103,232,26.00,42.00,-7.00,3.70,70.3,12,258,0.6154,7.5000,-127.00,-215.00,4174.80,-0.8022,DOWN,222.00,1.0450,2.4675
20260619 110332 009,4166.20,1,4166.10,4166.30,0.20,4166.10,1,4166.00,3,4165.90,4,4165.80,3,4165.70,3,4165.60,4,4165.50,4,4165.40,5,4165.30,8,4165.20,16,4166.30,2,4166.40,6,4166.50,5,4166.60,3,4166.70,3,4166.80,4,4166.90,2,4167.00,7,4167.10,13,4167.20,13,Sell,55,58,113,-3.00,3.00,-17.00,1.40,21.4,4166.50,4166.70,4165.30,4166.20,129,103,232,26.00,42.00,-7.00,3.70,70.3,12,258,0.6154,4.6667,-128.00,-216.00,4174.79,-0.8054,DOWN,222.00,1.0450,2.4675
20260619 110338 757,4166.50,1,4166.30,4166.60,0.30,4166.30,4,4166.20,4,4166.10,3,4166.00,2,4165.90,4,4165.80,3,4165.70,4,4165.60,4,4165.50,9,4165.40,10,4166.60,4,4166.70,3,4166.80,3,4166.90,2,4167.00,7,4167.10,5,4167.20,5,4167.30,6,4167.40,13,4167.50,16,Buy,56,58,114,-2.00,3.00,-17.00,1.40,0.0,4166.50,4166.70,4165.30,4166.50,129,103,232,26.00,42.00,-7.00,3.70,70.3,12,258,0.6154,7.5000,-127.00,-215.00,4174.81,-0.7959,DOWN,222.00,1.0450,2.4675
20260619 110338 758,4166.50,1,4166.30,4166.60,0.30,4166.30,4,4166.20,4,4166.10,3,4166.00,2,4165.90,4,4165.80,3,4165.70,4,4165.60,4,4165.50,9,4165.40,10,4166.60,4,4166.70,3,4166.80,3,4166.90,2,4167.00,7,4167.10,5,4167.20,5,4167.30,6,4167.40,13,4167.50,16,Buy,57,58,115,-1.00,3.00,-17.00,1.40,0.0,4166.50,4166.70,4165.30,4166.50,129,103,232,26.00,42.00,-7.00,3.70,70.3,12,258,0.6154,16.0000,-126.00,-214.00,4174.81,-0.7959,DOWN,222.00,1.0450,2.4675
20260619 110343 613,4166.20,1,4166.00,4166.30,0.30,4166.00,3,4165.90,4,4165.80,3,4165.70,3,4165.60,4,4165.50,4,4165.40,10,4165.30,8,4165.20,16,4165.10,9,4166.30,3,4166.40,4,4166.50,5,4166.60,4,4166.70,4,4166.80,4,4166.90,2,4167.00,7,4167.10,13,4167.20,13,Sell,57,59,116,-2.00,3.00,-17.00,1.40,21.4,4166.50,4166.70,4165.30,4166.20,129,103,232,26.00,42.00,-7.00,3.70,70.3,12,258,0.6154,7.5000,-127.00,-215.00,4174.79,-0.8054,DOWN,222.00,1.0450,2.4675
20260619 110346 023,4166.20,1,4166.10,4166.40,0.30,4166.10,3,4166.00,3,4165.90,4,4165.80,3,4165.70,3,4165.60,4,4165.50,4,4165.40,10,4165.30,8,4165.20,16,4166.40,2,4166.50,3,4166.60,5,4166.70,4,4166.80,5,4166.90,3,4167.00,7,4167.10,13,4167.20,13,4167.30,14,Sell,57,60,117,-3.00,3.00,-17.00,1.40,21.4,4166.50,4166.70,4165.30,4166.20,129,103,232,26.00,42.00,-7.00,3.70,70.3,12,258,0.6154,4.6667,-128.00,-216.00,4174.79,-0.8054,DOWN,222.00,1.0450,2.4675
20260619 110346 356,4166.10,1,4166.10,4166.40,0.30,4166.00,3,4165.90,4,4165.80,3,4165.70,3,4165.60,4,4165.50,4,4165.40,10,4165.30,8,4165.20,16,4165.10,9,4166.40,2,4166.50,2,4166.60,5,4166.70,4,4166.80,5,4166.90,3,4167.00,7,4167.10,13,4167.20,13,4167.30,14,Sell,57,61,118,-4.00,3.00,-17.00,1.40,28.6,4166.50,4166.70,4165.30,4166.10,129,103,232,26.00,42.00,-7.00,3.70,70.3,12,258,0.6154,3.2500,-129.00,-217.00,4174.78,-0.8086,DOWN,222.00,1.0450,2.4675
20260619 110346 356,4166.10,1,4166.10,4166.40,0.30,4166.00,3,4165.90,4,4165.80,3,4165.70,3,4165.60,4,4165.50,4,4165.40,10,4165.30,8,4165.20,16,4165.10,9,4166.40,2,4166.50,2,4166.60,5,4166.70,4,4166.80,5,4166.90,3,4167.00,7,4167.10,13,4167.20,13,4167.30,14,Sell,57,62,119,-5.00,3.00,-17.00,1.40,28.6,4166.50,4166.70,4165.30,4166.10,129,103,232,26.00,42.00,-7.00,3.70,70.3,12,258,0.6154,2.4000,-130.00,-218.00,4174.78,-0.8086,DOWN,222.00,1.0450,2.4675
20260619 110346 356,4166.10,1,4166.10,4166.40,0.30,4166.00,3,4165.90,4,4165.80,3,4165.70,3,4165.60,4,4165.50,4,4165.40,10,4165.30,8,4165.20,16,4165.10,9,4166.40,2,4166.50,2,4166.60,5,4166.70,4,4166.80,5,4166.90,3,4167.00,7,4167.10,13,4167.20,13,4167.30,14,Sell,57,63,120,-6.00,3.00,-17.00,1.40,28.6,4166.50,4166.70,4165.30,4166.10,129,103,232,26.00,42.00,-7.00,3.70,70.3,12,258,0.6154,1.8333,-131.00,-219.00,4174.78,-0.8086,DOWN,222.00,1.0450,2.4675
20260619 110346 955,4166.10,1,4166.20,4166.40,0.20,4166.20,1,4166.10,3,4166.00,2,4165.90,4,4165.80,4,4165.70,4,4165.60,4,4165.50,4,4165.40,10,4165.30,8,4166.40,2,4166.50,2,4166.60,4,4166.70,4,4166.80,4,4166.90,3,4167.00,7,4167.10,13,4167.20,13,4167.30,15,Sell,57,64,121,-7.00,3.00,-17.00,1.40,28.6,4166.50,4166.70,4165.30,4166.10,129,103,232,26.00,42.00,-7.00,3.70,70.3,12,258,0.6154,1.4286,-132.00,-220.00,4174.78,-0.8086,DOWN,222.00,1.0450,2.4675
20260619 110347 597,4166.30,1,4166.10,4166.30,0.20,4166.10,2,4166.00,3,4165.90,4,4165.80,4,4165.70,4,4165.60,4,4165.50,4,4165.40,10,4165.30,8,4165.20,16,4166.40,5,4166.50,2,4166.60,4,4166.70,4,4166.80,5,4166.90,3,4167.00,7,4167.10,14,4167.20,13,4167.30,15,Buy,58,64,122,-6.00,3.00,-17.00,1.40,14.3,4166.50,4166.70,4165.30,4166.30,129,103,232,26.00,42.00,-7.00,3.70,70.3,12,258,0.6154,1.8333,-131.00,-219.00,4174.80,-0.8022,DOWN,222.00,1.0450,2.4675
20260619 110348 355,4166.20,1,4166.30,4166.60,0.30,4166.30,3,4166.20,2,4166.10,3,4166.00,1,4165.90,4,4165.80,4,4165.70,5,4165.60,4,4165.50,9,4165.40,10,4166.60,4,4166.70,3,4166.80,5,4166.90,3,4167.00,8,4167.10,6,4167.20,13,4167.30,15,4167.40,13,4167.50,15,Sell,58,65,123,-7.00,3.00,-17.00,1.40,21.4,4166.50,4166.70,4165.30,4166.20,129,103,232,26.00,42.00,-7.00,3.70,70.3,12,258,0.6154,1.4286,-132.00,-220.00,4174.79,-0.8054,DOWN,222.00,1.0450,2.4675
20260619 110348 366,4166.40,1,4166.30,4166.60,0.30,4166.30,3,4166.20,2,4166.10,3,4166.00,1,4165.90,4,4165.80,4,4165.70,5,4165.60,4,4165.50,9,4165.40,10,4166.60,4,4166.70,3,4166.80,5,4166.90,3,4167.00,8,4167.10,6,4167.20,13,4167.30,15,4167.40,13,4167.50,15,Buy,59,65,124,-6.00,3.00,-17.00,1.40,7.1,4166.50,4166.70,4165.30,4166.40,129,103,232,26.00,42.00,-7.00,3.70,70.3,12,258,0.6154,1.8333,-131.00,-219.00,4174.80,-0.7990,DOWN,222.00,1.0450,2.4675
20260619 110350 308,4166.50,1,4166.50,4166.70,0.20,4166.50,1,4166.40,2,4166.30,3,4166.20,2,4166.10,3,4166.00,2,4165.90,4,4165.80,4,4165.70,5,4165.60,9,4166.70,2,4166.80,4,4166.90,3,4167.00,8,4167.10,6,4167.20,5,4167.30,7,4167.40,13,4167.50,15,4167.60,16,Sell,59,66,125,-7.00,3.00,-17.00,1.40,0.0,4166.50,4166.70,4165.30,4166.50,129,103,232,26.00,42.00,-7.00,3.70,70.3,12,258,0.6154,1.4286,-132.00,-220.00,4174.81,-0.7959,DOWN,222.00,1.0450,2.4675
20260619 110352 965,4166.60,1,4166.50,4166.70,0.20,4166.50,2,4166.40,3,4166.30,3,4166.20,2,4166.10,4,4166.00,3,4165.90,5,4165.80,4,4165.70,10,4165.60,9,4166.70,2,4166.80,3,4166.90,3,4167.00,6,4167.10,6,4167.20,5,4167.30,7,4167.40,13,4167.50,15,4167.60,16,Sell,59,67,126,-8.00,3.00,-17.00,1.40,7.1,4166.50,4166.70,4165.30,4166.60,129,103,232,26.00,42.00,-7.00,3.70,70.3,12,258,0.6154,1.1250,-133.00,-221.00,4174.82,-0.7927,DOWN,222.00,1.0450,2.4675
20260619 110353 412,4166.50,1,4166.50,4166.70,0.20,4166.40,2,4166.30,3,4166.20,2,4166.10,3,4166.00,3,4165.90,5,4165.80,4,4165.70,10,4165.60,9,4165.50,9,4166.70,2,4166.80,3,4166.90,3,4167.00,5,4167.10,6,4167.20,5,4167.30,7,4167.40,13,4167.50,15,4167.60,16,Sell,59,68,127,-9.00,3.00,-17.00,1.40,0.0,4166.50,4166.70,4165.30,4166.50,129,103,232,26.00,42.00,-7.00,3.70,70.3,12,258,0.6154,0.8889,-134.00,-222.00,4174.81,-0.7959,DOWN,222.00,1.0450,2.4675
20260619 110353 412,4166.40,1,4166.50,4166.70,0.20,4166.40,2,4166.30,3,4166.20,2,4166.10,3,4166.00,3,4165.90,5,4165.80,4,4165.70,10,4165.60,9,4165.50,9,4166.70,2,4166.80,3,4166.90,3,4167.00,5,4167.10,6,4167.20,5,4167.30,7,4167.40,13,4167.50,15,4167.60,16,Sell,59,69,128,-10.00,3.00,-17.00,1.40,7.1,4166.50,4166.70,4165.30,4166.40,129,103,232,26.00,42.00,-7.00,3.70,70.3,12,258,0.6154,0.7000,-135.00,-223.00,4174.80,-0.7990,DOWN,222.00,1.0450,2.4675
20260619 110354 026,4166.40,1,4166.40,4166.60,0.20,4166.40,1,4166.30,3,4166.20,2,4166.10,3,4166.00,3,4165.90,5,4165.80,4,4165.70,10,4165.60,9,4165.50,9,4166.60,2,4166.70,4,4166.80,3,4166.90,3,4167.00,5,4167.10,6,4167.20,5,4167.30,7,4167.40,13,4167.50,15,Sell,59,70,129,-11.00,3.00,-17.00,1.40,7.1,4166.50,4166.70,4165.30,4166.40,129,103,232,26.00,42.00,-7.00,3.70,70.3,12,258,0.6154,0.5455,-136.00,-224.00,4174.80,-0.7990,DOWN,222.00,1.0450,2.4675
20260619 110356 652,4166.60,1,4166.50,4166.70,0.20,4166.50,3,4166.40,3,4166.30,3,4166.20,2,4166.10,3,4166.00,3,4165.90,5,4165.80,4,4165.70,10,4165.60,9,4166.70,1,4166.80,2,4166.90,3,4167.00,6,4167.10,6,4167.20,5,4167.30,7,4167.40,13,4167.50,15,4167.60,16,Buy,60,70,130,-10.00,3.00,-17.00,1.40,7.1,4166.50,4166.70,4165.30,4166.60,129,103,232,26.00,42.00,-7.00,3.70,70.3,12,258,0.6154,0.7000,-135.00,-223.00,4174.82,-0.7927,DOWN,222.00,1.0450,2.4675
20260619 110356 653,4166.70,1,4166.50,4166.70,0.20,4166.50,3,4166.40,3,4166.30,3,4166.20,2,4166.10,3,4166.00,3,4165.90,5,4165.80,4,4165.70,10,4165.60,9,4166.70,1,4166.80,2,4166.90,3,4167.00,6,4167.10,6,4167.20,5,4167.30,7,4167.40,13,4167.50,15,4167.60,16,Buy,61,70,131,-9.00,3.00,-17.00,1.40,14.3,4166.50,4166.70,4165.30,4166.70,129,103,232,26.00,42.00,-7.00,3.70,70.3,12,258,0.6154,0.8889,-134.00,-222.00,4174.83,-0.7895,DOWN,222.00,1.0450,2.4675
20260619 110356 653,4166.70,1,4166.50,4166.70,0.20,4166.50,3,4166.40,3,4166.30,3,4166.20,2,4166.10,3,4166.00,3,4165.90,5,4165.80,4,4165.70,10,4165.60,9,4166.70,1,4166.80,2,4166.90,3,4167.00,6,4167.10,6,4167.20,5,4167.30,7,4167.40,13,4167.50,15,4167.60,16,Buy,62,70,132,-8.00,3.00,-17.00,1.40,14.3,4166.50,4166.70,4165.30,4166.70,129,103,232,26.00,42.00,-7.00,3.70,70.3,12,258,0.6154,1.1250,-133.00,-221.00,4174.83,-0.7895,DOWN,222.00,1.0450,2.4675
20260619 110356 653,4166.70,1,4166.50,4166.70,0.20,4166.50,3,4166.40,3,4166.30,3,4166.20,2,4166.10,3,4166.00,3,4165.90,5,4165.80,4,4165.70,10,4165.60,9,4166.70,1,4166.80,2,4166.90,3,4167.00,6,4167.10,6,4167.20,5,4167.30,7,4167.40,13,4167.50,15,4167.60,16,Buy,63,70,133,-7.00,3.00,-17.00,1.40,14.3,4166.50,4166.70,4165.30,4166.70,129,103,232,26.00,42.00,-7.00,3.70,70.3,12,258,0.6154,1.4286,-132.00,-220.00,4174.83,-0.7895,DOWN,222.00,1.0450,2.4675
20260619 110359 496,4166.60,1,4166.60,4166.70,0.10,4166.60,1,4166.50,1,4166.40,2,4166.30,3,4166.20,2,4166.10,3,4166.00,4,4165.90,5,4165.80,4,4165.70,9,4166.70,2,4166.80,3,4166.90,3,4167.00,5,4167.10,6,4167.20,5,4167.30,7,4167.40,13,4167.50,15,4167.60,16,Buy,64,70,134,-6.00,3.00,-17.00,1.40,7.1,4166.50,4166.70,4165.30,4166.60,129,103,232,26.00,42.00,-7.00,3.70,70.3,12,258,0.6154,1.8333,-131.00,-219.00,4174.82,-0.7927,DOWN,222.00,1.0450,2.4675
20260619 110400 488,4166.60,1,4166.60,4166.80,0.20,4166.60,1,4166.50,2,4166.40,2,4166.30,3,4166.20,2,4166.10,3,4166.00,4,4165.90,5,4165.80,4,4165.70,9,4166.80,3,4166.90,4,4167.00,6,4167.10,5,4167.20,5,4167.30,7,4167.40,13,4167.50,15,4167.60,16,4167.70,13,Sell,0,1,1,-1.00,-1.00,-1.00,0.00,0.0,4166.60,4166.60,4166.60,4166.60,64,70,134,-6.00,3.00,-17.00,1.40,7.1,-12,66,1.8333,0.0000,-136.00,-150.00,4174.82,-0.7927,DOWN,215.40,0.6221,2.2912
20260619 110400 868,4166.60,1,4166.40,4166.60,0.20,4166.40,2,4166.30,3,4166.20,2,4166.10,3,4166.00,4,4165.90,5,4165.80,4,4165.70,9,4165.60,9,4165.50,9,4166.60,1,4166.70,3,4166.80,2,4166.90,3,4167.00,6,4167.10,5,4167.20,5,4167.30,7,4167.40,13,4167.50,15,Sell,0,2,2,-2.00,-1.00,-2.00,0.00,0.0,4166.60,4166.60,4166.60,4166.60,64,70,134,-6.00,3.00,-17.00,1.40,7.1,-12,66,1.8333,0.0000,-137.00,-151.00,4174.82,-0.7927,DOWN,215.40,0.6221,2.2912
20260619 110402 301,4166.70,1,4166.40,4166.70,0.30,4166.40,4,4166.30,3,4166.20,2,4166.10,3,4166.00,4,4165.90,5,4165.80,4,4165.70,9,4165.60,9,4165.50,9,4166.70,2,4166.80,2,4166.90,3,4167.00,5,4167.10,5,4167.20,5,4167.30,7,4167.40,13,4167.50,15,4167.60,16,Buy,1,2,3,-1.00,-1.00,-2.00,0.10,100.0,4166.60,4166.70,4166.60,4166.70,64,70,134,-6.00,3.00,-17.00,1.40,7.1,-12,66,1.8333,1.0000,-136.00,-150.00,4174.83,-0.7895,DOWN,215.40,0.6221,2.2984
20260619 110402 701,4166.80,1,4166.70,4166.90,0.20,4166.70,3,4166.60,2,4166.50,5,4166.40,5,4166.30,3,4166.20,3,4166.10,4,4166.00,4,4165.90,13,4165.80,12,4166.90,1,4167.00,4,4167.10,2,4167.20,4,4167.30,7,4167.40,5,4167.50,7,4167.60,16,4167.70,13,4167.80,12,Buy,2,2,4,0.00,0.00,-2.00,0.20,100.0,4166.60,4166.80,4166.60,4166.80,64,70,134,-6.00,3.00,-17.00,1.40,7.1,-12,66,1.8333,0.0000,-135.00,-149.00,4174.84,-0.7863,DOWN,215.40,0.6221,2.3055
20260619 110403 622,4166.70,1,4166.60,4166.80,0.20,4166.70,2,4166.60,3,4166.50,5,4166.40,5,4166.30,3,4166.20,3,4166.10,4,4166.00,4,4165.90,5,4165.80,11,4166.90,1,4167.00,4,4167.10,2,4167.20,4,4167.30,6,4167.40,5,4167.50,7,4167.60,16,4167.70,13,4167.80,12,Sell,2,3,5,-1.00,0.00,-2.00,0.20,50.0,4166.60,4166.80,4166.60,4166.70,64,70,134,-6.00,3.00,-17.00,1.40,7.1,-12,66,1.8333,1.0000,-136.00,-150.00,4174.83,-0.7895,DOWN,215.40,0.6221,2.3055
20260619 110403 622,4166.70,1,4166.60,4166.80,0.20,4166.70,2,4166.60,3,4166.50,5,4166.40,5,4166.30,3,4166.20,3,4166.10,4,4166.00,4,4165.90,5,4165.80,11,4166.90,1,4167.00,4,4167.10,2,4167.20,4,4167.30,6,4167.40,5,4167.50,7,4167.60,16,4167.70,13,4167.80,12,Sell,2,4,6,-2.00,0.00,-2.00,0.20,50.0,4166.60,4166.80,4166.60,4166.70,64,70,134,-6.00,3.00,-17.00,1.40,7.1,-12,66,1.8333,0.0000,-137.00,-151.00,4174.83,-0.7895,DOWN,215.40,0.6221,2.3055
20260619 110403 622,4166.60,1,4166.60,4166.80,0.20,4166.70,2,4166.60,3,4166.50,5,4166.40,5,4166.30,3,4166.20,3,4166.10,4,4166.00,4,4165.90,5,4165.80,11,4166.90,1,4167.00,4,4167.10,2,4167.20,4,4167.30,6,4167.40,5,4167.50,7,4167.60,16,4167.70,13,4167.80,12,Sell,2,5,7,-3.00,0.00,-3.00,0.20,0.0,4166.60,4166.80,4166.60,4166.60,64,70,134,-6.00,3.00,-17.00,1.40,7.1,-12,66,1.8333,0.0000,-138.00,-152.00,4174.82,-0.7927,DOWN,215.40,0.6221,2.3055
20260619 110403 622,4166.60,1,4166.60,4166.90,0.30,4166.70,1,4166.60,2,4166.50,4,4166.40,6,4166.30,3,4166.20,2,4166.10,4,4166.00,4,4165.90,5,4165.80,11,4166.90,2,4167.00,6,4167.10,1,4167.20,4,4167.30,6,4167.40,5,4167.50,7,4167.60,16,4167.70,13,4167.80,12,Sell,2,6,8,-4.00,0.00,-4.00,0.20,0.0,4166.60,4166.80,4166.60,4166.60,64,70,134,-6.00,3.00,-17.00,1.40,7.1,-12,66,1.8333,0.0000,-139.00,-153.00,4174.82,-0.7927,DOWN,215.40,0.6221,2.3055
20260619 110403 622,4166.60,1,4166.70,4166.90,0.20,4166.70,1,4166.60,2,4166.50,4,4166.40,6,4166.30,3,4166.20,2,4166.10,4,4166.00,4,4165.90,5,4165.80,11,4166.90,2,4167.00,6,4167.10,1,4167.20,4,4167.30,6,4167.40,5,4167.50,7,4167.60,16,4167.70,13,4167.80,12,Sell,2,7,9,-5.00,0.00,-5.00,0.20,0.0,4166.60,4166.80,4166.60,4166.60,64,70,134,-6.00,3.00,-17.00,1.40,7.1,-12,66,1.8333,0.0000,-140.00,-154.00,4174.82,-0.7927,DOWN,215.40,0.6221,2.3055
20260619 110403 623,4166.50,1,4166.70,4166.90,0.20,4166.70,1,4166.60,2,4166.50,4,4166.40,6,4166.30,3,4166.20,2,4166.10,4,4166.00,4,4165.90,5,4165.80,11,4166.90,2,4167.00,6,4167.10,1,4167.20,4,4167.30,6,4167.40,5,4167.50,7,4167.60,16,4167.70,13,4167.80,12,Sell,2,8,10,-6.00,0.00,-6.00,0.30,33.3,4166.60,4166.80,4166.50,4166.50,64,70,134,-6.00,3.00,-17.00,1.40,7.1,-12,66,1.8333,0.0000,-141.00,-155.00,4174.81,-0.7959,DOWN,215.40,0.6221,2.3126
20260619 110403 623,4166.50,1,4166.70,4166.90,0.20,4166.70,1,4166.60,2,4166.50,4,4166.40,6,4166.30,3,4166.20,2,4166.10,4,4166.00,4,4165.90,5,4165.80,11,4166.90,2,4167.00,6,4167.10,1,4167.20,4,4167.30,6,4167.40,5,4167.50,7,4167.60,16,4167.70,13,4167.80,12,Sell,2,9,11,-7.00,0.00,-7.00,0.30,33.3,4166.60,4166.80,4166.50,4166.50,64,70,134,-6.00,3.00,-17.00,1.40,7.1,-12,66,1.8333,0.0000,-142.00,-156.00,4174.81,-0.7959,DOWN,215.40,0.6221,2.3126
20260619 110403 623,4166.50,1,4166.70,4166.90,0.20,4166.70,1,4166.60,2,4166.50,4,4166.40,6,4166.30,3,4166.20,2,4166.10,4,4166.00,4,4165.90,5,4165.80,11,4166.90,2,4167.00,6,4167.10,1,4167.20,4,4167.30,6,4167.40,5,4167.50,7,4167.60,16,4167.70,13,4167.80,12,Sell,2,10,12,-8.00,0.00,-8.00,0.30,33.3,4166.60,4166.80,4166.50,4166.50,64,70,134,-6.00,3.00,-17.00,1.40,7.1,-12,66,1.8333,0.0000,-143.00,-157.00,4174.81,-0.7959,DOWN,215.40,0.6221,2.3126
20260619 110403 623,4166.50,1,4166.70,4166.90,0.20,4166.70,1,4166.60,2,4166.50,4,4166.40,6,4166.30,3,4166.20,2,4166.10,4,4166.00,4,4165.90,5,4165.80,11,4166.90,2,4167.00,6,4167.10,1,4167.20,4,4167.30,6,4167.40,5,4167.50,7,4167.60,16,4167.70,13,4167.80,12,Sell,2,11,13,-9.00,0.00,-9.00,0.30,33.3,4166.60,4166.80,4166.50,4166.50,64,70,134,-6.00,3.00,-17.00,1.40,7.1,-12,66,1.8333,0.0000,-144.00,-158.00,4174.81,-0.7959,DOWN,215.40,0.6221,2.3126
20260619 110403 628,4166.60,1,4166.70,4166.90,0.20,4166.70,1,4166.60,2,4166.50,4,4166.40,6,4166.30,3,4166.20,2,4166.10,4,4166.00,4,4165.90,5,4165.80,11,4166.90,2,4167.00,6,4167.10,1,4167.20,4,4167.30,6,4167.40,5,4167.50,7,4167.60,16,4167.70,13,4167.80,12,Sell,2,12,14,-10.00,0.00,-10.00,0.30,0.0,4166.60,4166.80,4166.50,4166.60,64,70,134,-6.00,3.00,-17.00,1.40,7.1,-12,66,1.8333,0.0000,-145.00,-159.00,4174.82,-0.7927,DOWN,215.40,0.6221,2.3126
20260619 110404 913,4166.90,1,4166.80,4167.00,0.20,4166.80,2,4166.70,3,4166.60,3,4166.50,4,4166.40,5,4166.30,4,4166.20,3,4166.10,4,4166.00,4,4165.90,12,4167.00,1,4167.10,1,4167.20,3,4167.30,6,4167.40,5,4167.50,7,4167.60,16,4167.70,13,4167.80,12,4167.90,12,Sell,2,13,15,-11.00,0.00,-11.00,0.40,75.0,4166.60,4166.90,4166.50,4166.90,64,70,134,-6.00,3.00,-17.00,1.40,7.1,-12,66,1.8333,0.0000,-146.00,-160.00,4174.85,-0.7832,DOWN,215.40,0.6221,2.3198
20260619 110404 913,4166.90,1,4166.80,4167.00,0.20,4166.80,2,4166.70,3,4166.60,3,4166.50,4,4166.40,5,4166.30,4,4166.20,3,4166.10,4,4166.00,4,4165.90,12,4167.00,1,4167.10,1,4167.20,3,4167.30,6,4167.40,5,4167.50,7,4167.60,16,4167.70,13,4167.80,12,4167.90,12,Sell,2,14,16,-12.00,0.00,-12.00,0.40,75.0,4166.60,4166.90,4166.50,4166.90,64,70,134,-6.00,3.00,-17.00,1.40,7.1,-12,66,1.8333,0.0000,-147.00,-161.00,4174.85,-0.7832,DOWN,215.40,0.6221,2.3198
20260619 110405 304,4167.00,1,4166.80,4167.00,0.20,4166.80,2,4166.70,3,4166.60,3,4166.50,5,4166.40,5,4166.30,4,4166.20,3,4166.10,4,4166.00,4,4165.90,12,4167.00,1,4167.10,4,4167.20,3,4167.30,6,4167.40,5,4167.50,7,4167.60,16,4167.70,13,4167.80,12,4167.90,12,Buy,3,14,17,-11.00,0.00,-12.00,0.50,80.0,4166.60,4167.00,4166.50,4167.00,64,70,134,-6.00,3.00,-17.00,1.40,7.1,-12,66,1.8333,0.0909,-146.00,-160.00,4174.86,-0.7800,DOWN,215.40,0.6221,2.3269
20260619 110405 576,4167.10,1,4166.80,4167.10,0.30,4166.80,4,4166.70,3,4166.60,3,4166.50,5,4166.40,4,4166.30,4,4166.20,3,4166.10,4,4166.00,4,4165.90,11,4167.10,2,4167.20,3,4167.40,1,4167.50,8,4167.60,8,4167.70,5,4167.80,12,4167.90,12,4168.00,15,4168.10,14,Buy,4,14,18,-10.00,0.00,-12.00,0.60,83.3,4166.60,4167.10,4166.50,4167.10,64,70,134,-6.00,3.00,-17.00,1.40,7.1,-12,66,1.8333,0.2000,-145.00,-159.00,4174.87,-0.7768,DOWN,215.40,0.6221,2.3341
20260619 110405 576,4167.10,1,4166.80,4167.10,0.30,4166.80,4,4166.70,3,4166.60,3,4166.50,5,4166.40,4,4166.30,4,4166.20,3,4166.10,4,4166.00,4,4165.90,11,4167.10,2,4167.20,3,4167.40,1,4167.50,8,4167.60,8,4167.70,5,4167.80,12,4167.90,12,4168.00,15,4168.10,14,Buy,5,14,19,-9.00,0.00,-12.00,0.60,83.3,4166.60,4167.10,4166.50,4167.10,64,70,134,-6.00,3.00,-17.00,1.40,7.1,-12,66,1.8333,0.3333,-144.00,-158.00,4174.87,-0.7768,DOWN,215.40,0.6221,2.3341
20260619 110405 576,4167.20,1,4166.80,4167.10,0.30,4166.80,4,4166.70,3,4166.60,3,4166.50,5,4166.40,4,4166.30,4,4166.20,3,4166.10,4,4166.00,4,4165.90,11,4167.10,2,4167.20,3,4167.40,1,4167.50,8,4167.60,8,4167.70,5,4167.80,12,4167.90,12,4168.00,15,4168.10,14,Buy,6,14,20,-8.00,0.00,-12.00,0.70,85.7,4166.60,4167.20,4166.50,4167.20,64,70,134,-6.00,3.00,-17.00,1.40,7.1,-12,66,1.8333,0.5000,-143.00,-157.00,4174.88,-0.7736,DOWN,215.40,0.6221,2.3412
20260619 110405 576,4167.20,1,4166.80,4167.10,0.30,4166.80,4,4166.70,3,4166.60,3,4166.50,5,4166.40,4,4166.30,4,4166.20,3,4166.10,4,4166.00,4,4165.90,11,4167.10,2,4167.20,3,4167.40,1,4167.50,8,4167.60,8,4167.70,5,4167.80,12,4167.90,12,4168.00,15,4168.10,14,Buy,7,14,21,-7.00,0.00,-12.00,0.70,85.7,4166.60,4167.20,4166.50,4167.20,64,70,134,-6.00,3.00,-17.00,1.40,7.1,-12,66,1.8333,0.7143,-142.00,-156.00,4174.88,-0.7736,DOWN,215.40,0.6221,2.3412
20260619 110405 576,4167.30,1,4166.80,4167.10,0.30,4166.80,4,4166.70,3,4166.60,3,4166.50,5,4166.40,4,4166.30,4,4166.20,3,4166.10,4,4166.00,4,4165.90,11,4167.10,2,4167.20,3,4167.40,1,4167.50,8,4167.60,8,4167.70,5,4167.80,12,4167.90,12,4168.00,15,4168.10,14,Buy,8,14,22,-6.00,0.00,-12.00,0.80,87.5,4166.60,4167.30,4166.50,4167.30,64,70,134,-6.00,3.00,-17.00,1.40,7.1,-12,66,1.8333,1.0000,-141.00,-155.00,4174.89,-0.7705,DOWN,215.40,0.6221,2.3484
20260619 110405 576,4167.30,1,4166.80,4167.10,0.30,4166.80,4,4166.70,3,4166.60,3,4166.50,5,4166.40,4,4166.30,4,4166.20,3,4166.10,4,4166.00,4,4165.90,11,4167.10,2,4167.20,3,4167.40,1,4167.50,8,4167.60,8,4167.70,5,4167.80,12,4167.90,12,4168.00,15,4168.10,14,Buy,9,14,23,-5.00,0.00,-12.00,0.80,87.5,4166.60,4167.30,4166.50,4167.30,64,70,134,-6.00,3.00,-17.00,1.40,7.1,-12,66,1.8333,1.4000,-140.00,-154.00,4174.89,-0.7705,DOWN,215.40,0.6221,2.3484
20260619 110405 576,4167.30,1,4166.80,4167.10,0.30,4166.80,4,4166.70,3,4166.60,3,4166.50,5,4166.40,4,4166.30,4,4166.20,3,4166.10,4,4166.00,4,4165.90,11,4167.10,2,4167.20,3,4167.40,1,4167.50,8,4167.60,8,4167.70,5,4167.80,12,4167.90,12,4168.00,15,4168.10,14,Buy,10,14,24,-4.00,0.00,-12.00,0.80,87.5,4166.60,4167.30,4166.50,4167.30,64,70,134,-6.00,3.00,-17.00,1.40,7.1,-12,66,1.8333,2.0000,-139.00,-153.00,4174.89,-0.7705,DOWN,215.40,0.6221,2.3484
20260619 110405 576,4167.30,1,4166.80,4167.10,0.30,4166.80,4,4166.70,3,4166.60,3,4166.50,5,4166.40,4,4166.30,4,4166.20,3,4166.10,4,4166.00,4,4165.90,11,4167.10,2,4167.20,3,4167.30,3,4167.40,1,4167.50,8,4167.60,8,4167.70,5,4167.80,12,4167.90,12,4168.00,15,Buy,11,14,25,-3.00,0.00,-12.00,0.80,87.5,4166.60,4167.30,4166.50,4167.30,64,70,134,-6.00,3.00,-17.00,1.40,7.1,-12,66,1.8333,3.0000,-138.00,-152.00,4174.89,-0.7705,DOWN,215.40,0.6221,2.3484
20260619 110405 576,4167.30,1,4166.80,4167.10,0.30,4166.80,4,4166.70,3,4166.60,3,4166.50,5,4166.40,4,4166.30,4,4166.20,3,4166.10,4,4166.00,4,4165.90,11,4167.10,2,4167.20,3,4167.30,3,4167.40,1,4167.50,8,4167.60,8,4167.70,5,4167.80,12,4167.90,12,4168.00,15,Buy,12,14,26,-2.00,0.00,-12.00,0.80,87.5,4166.60,4167.30,4166.50,4167.30,64,70,134,-6.00,3.00,-17.00,1.40,7.1,-12,66,1.8333,5.0000,-137.00,-151.00,4174.89,-0.7705,DOWN,215.40,0.6221,2.3484
20260619 110405 576,4167.30,1,4166.80,4167.10,0.30,4166.80,4,4166.70,3,4166.60,3,4166.50,5,4166.40,4,4166.30,4,4166.20,3,4166.10,4,4166.00,4,4165.90,11,4167.10,2,4167.20,3,4167.30,3,4167.40,1,4167.50,8,4167.60,8,4167.70,5,4167.80,12,4167.90,12,4168.00,15,Buy,13,14,27,-1.00,0.00,-12.00,0.80,87.5,4166.60,4167.30,4166.50,4167.30,64,70,134,-6.00,3.00,-17.00,1.40,7.1,-12,66,1.8333,11.0000,-136.00,-150.00,4174.89,-0.7705,DOWN,215.40,0.6221,2.3484
20260619 110405 576,4167.40,1,4166.80,4167.10,0.30,4166.80,4,4166.70,3,4166.60,3,4166.50,5,4166.40,4,4166.30,4,4166.20,3,4166.10,4,4166.00,4,4165.90,11,4167.10,2,4167.20,3,4167.30,3,4167.40,1,4167.50,8,4167.60,8,4167.70,5,4167.80,12,4167.90,12,4168.00,15,Buy,14,14,28,0.00,0.00,-12.00,0.90,88.9,4166.60,4167.40,4166.50,4167.40,64,70,134,-6.00,3.00,-17.00,1.40,7.1,-12,66,1.8333,0.0000,-135.00,-149.00,4174.90,-0.7673,DOWN,215.40,0.6221,2.3555
20260619 110405 576,4167.40,1,4166.80,4167.10,0.30,4166.80,4,4166.70,3,4166.60,3,4166.50,5,4166.40,4,4166.30,4,4166.20,3,4166.10,4,4166.00,4,4165.90,11,4167.10,2,4167.20,3,4167.30,3,4167.40,1,4167.50,8,4167.60,8,4167.70,5,4167.80,12,4167.90,12,4168.00,15,Buy,15,14,29,1.00,1.00,-12.00,0.90,88.9,4166.60,4167.40,4166.50,4167.40,64,70,134,-6.00,3.00,-17.00,1.40,7.1,-12,66,1.8333,0.0000,-134.00,-148.00,4174.90,-0.7673,DOWN,215.40,0.6221,2.3555
20260619 110405 576,4167.40,1,4166.80,4167.10,0.30,4166.80,4,4166.70,3,4166.60,3,4166.50,5,4166.40,4,4166.30,4,4166.20,3,4166.10,4,4166.00,4,4165.90,11,4167.10,2,4167.20,3,4167.30,3,4167.40,1,4167.50,8,4167.60,8,4167.70,5,4167.80,12,4167.90,12,4168.00,15,Buy,16,14,30,2.00,2.00,-12.00,0.90,88.9,4166.60,4167.40,4166.50,4167.40,64,70,134,-6.00,3.00,-17.00,1.40,7.1,-12,66,1.8333,0.0000,-133.00,-147.00,4174.90,-0.7673,DOWN,215.40,0.6221,2.3555
20260619 110405 576,4167.40,1,4166.80,4167.10,0.30,4166.80,4,4166.70,3,4166.60,3,4166.50,5,4166.40,4,4166.30,4,4166.20,3,4166.10,4,4166.00,4,4165.90,11,4167.10,2,4167.20,3,4167.30,3,4167.40,1,4167.50,8,4167.60,8,4167.70,5,4167.80,12,4167.90,12,4168.00,15,Buy,17,14,31,3.00,3.00,-12.00,0.90,88.9,4166.60,4167.40,4166.50,4167.40,64,70,134,-6.00,3.00,-17.00,1.40,7.1,-12,66,1.8333,0.0000,-132.00,-146.00,4174.90,-0.7673,DOWN,215.40,0.6221,2.3555
20260619 110405 576,4167.40,1,4166.80,4167.10,0.30,4166.80,4,4166.70,3,4166.60,3,4166.50,5,4166.40,4,4166.30,4,4166.20,3,4166.10,4,4166.00,4,4165.90,11,4167.10,2,4167.20,3,4167.30,3,4167.40,1,4167.50,8,4167.60,8,4167.70,5,4167.80,12,4167.90,12,4168.00,15,Buy,18,14,32,4.00,4.00,-12.00,0.90,88.9,4166.60,4167.40,4166.50,4167.40,64,70,134,-6.00,3.00,-17.00,1.40,7.1,-12,66,1.8333,0.0000,-131.00,-145.00,4174.90,-0.7673,DOWN,215.40,0.6221,2.3555
20260619 110405 576,4167.50,1,4166.80,4167.10,0.30,4166.80,4,4166.70,3,4166.60,3,4166.50,5,4166.40,4,4166.30,4,4166.20,3,4166.10,4,4166.00,4,4165.90,11,4167.10,2,4167.20,3,4167.30,3,4167.40,1,4167.50,8,4167.60,8,4167.70,5,4167.80,12,4167.90,12,4168.00,15,Buy,19,14,33,5.00,5.00,-12.00,1.00,90.0,4166.60,4167.50,4166.50,4167.50,64,70,134,-6.00,3.00,-17.00,1.40,7.1,-12,66,1.8333,0.0000,-130.00,-144.00,4174.91,-0.7641,DOWN,215.40,0.6221,2.3626
20260619 110405 576,4167.50,1,4166.80,4167.10,0.30,4166.80,4,4166.70,3,4166.60,3,4166.50,5,4166.40,4,4166.30,4,4166.20,3,4166.10,4,4166.00,4,4165.90,11,4167.10,2,4167.20,3,4167.30,3,4167.40,1,4167.50,8,4167.60,8,4167.70,5,4167.80,12,4167.90,12,4168.00,15,Buy,20,14,34,6.00,6.00,-12.00,1.00,90.0,4166.60,4167.50,4166.50,4167.50,64,70,134,-6.00,3.00,-17.00,1.40,7.1,-12,66,1.8333,0.0000,-129.00,-143.00,4174.91,-0.7641,DOWN,215.40,0.6221,2.3626
20260619 110405 577,4166.90,1,4166.80,4167.10,0.30,4166.80,4,4166.70,3,4166.60,3,4166.50,5,4166.40,4,4166.30,4,4166.20,3,4166.10,4,4166.00,4,4165.90,11,4167.10,2,4167.20,3,4167.30,3,4167.40,1,4167.50,8,4167.60,8,4167.70,5,4167.80,12,4167.90,12,4168.00,15,Sell,20,15,35,5.00,6.00,-12.00,1.00,30.0,4166.60,4167.50,4166.50,4166.90,64,70,134,-6.00,3.00,-17.00,1.40,7.1,-12,66,1.8333,0.2000,-130.00,-144.00,4174.85,-0.7832,DOWN,215.40,0.6221,2.3626
20260619 110405 578,4167.00,1,4166.80,4167.10,0.30,4166.80,4,4166.70,3,4166.60,3,4166.50,5,4166.40,4,4166.30,4,4166.20,3,4166.10,4,4166.00,4,4165.90,11,4167.10,2,4167.20,3,4167.30,3,4167.40,1,4167.50,8,4167.60,8,4167.70,5,4167.80,12,4167.90,12,4168.00,15,Buy,21,15,36,6.00,6.00,-12.00,1.00,40.0,4166.60,4167.50,4166.50,4167.00,64,70,134,-6.00,3.00,-17.00,1.40,7.1,-12,66,1.8333,0.0000,-129.00,-143.00,4174.86,-0.7800,DOWN,215.40,0.6221,2.3626
20260619 110405 581,4167.00,1,4166.80,4167.10,0.30,4166.80,4,4166.70,3,4166.60,3,4166.50,5,4166.40,4,4166.30,4,4166.20,3,4166.10,4,4166.00,4,4165.90,11,4167.10,2,4167.20,3,4167.30,3,4167.40,1,4167.50,8,4167.60,8,4167.70,5,4167.80,12,4167.90,12,4168.00,15,Sell,21,16,37,5.00,6.00,-12.00,1.00,40.0,4166.60,4167.50,4166.50,4167.00,64,70,134,-6.00,3.00,-17.00,1.40,7.1,-12,66,1.8333,0.2000,-130.00,-144.00,4174.86,-0.7800,DOWN,215.40,0.6221,2.3626
20260619 110405 581,4166.90,1,4166.80,4167.10,0.30,4166.80,4,4166.70,3,4166.60,3,4166.50,5,4166.40,4,4166.30,4,4166.20,3,4166.10,4,4166.00,4,4165.90,11,4167.10,2,4167.20,3,4167.30,3,4167.40,1,4167.50,8,4167.60,8,4167.70,5,4167.80,12,4167.90,12,4168.00,15,Sell,21,17,38,4.00,6.00,-12.00,1.00,30.0,4166.60,4167.50,4166.50,4166.90,64,70,134,-6.00,3.00,-17.00,1.40,7.1,-12,66,1.8333,0.5000,-131.00,-145.00,4174.85,-0.7832,DOWN,215.40,0.6221,2.3626
20260619 110405 582,4166.90,1,4166.80,4167.10,0.30,4166.80,4,4166.70,3,4166.60,3,4166.50,5,4166.40,4,4166.30,4,4166.20,3,4166.10,4,4166.00,4,4165.90,11,4167.10,2,4167.20,3,4167.30,3,4167.40,1,4167.50,8,4167.60,8,4167.70,5,4167.80,12,4167.90,12,4168.00,15,Sell,21,18,39,3.00,6.00,-12.00,1.00,30.0,4166.60,4167.50,4166.50,4166.90,64,70,134,-6.00,3.00,-17.00,1.40,7.1,-12,66,1.8333,1.0000,-132.00,-146.00,4174.85,-0.7832,DOWN,215.40,0.6221,2.3626
20260619 110405 582,4166.90,1,4166.80,4167.10,0.30,4166.80,4,4166.70,3,4166.60,3,4166.50,5,4166.40,4,4166.30,4,4166.20,3,4166.10,4,4166.00,4,4165.90,11,4167.10,2,4167.20,3,4167.30,3,4167.40,1,4167.50,8,4167.60,8,4167.70,5,4167.80,12,4167.90,12,4168.00,15,Buy,22,18,40,4.00,6.00,-12.00,1.00,30.0,4166.60,4167.50,4166.50,4166.90,64,70,134,-6.00,3.00,-17.00,1.40,7.1,-12,66,1.8333,0.5000,-131.00,-145.00,4174.85,-0.7832,DOWN,215.40,0.6221,2.3626
20260619 110405 938,4167.00,1,4167.00,4167.10,0.10,4166.90,1,4166.80,4,4166.70,3,4166.60,3,4166.50,5,4166.40,4,4166.30,4,4166.20,3,4166.10,12,4166.00,12,4167.10,1,4167.20,3,4167.30,3,4167.40,3,4167.50,6,4167.60,8,4167.70,5,4167.80,12,4167.90,12,4168.00,15,Sell,22,19,41,3.00,6.00,-12.00,1.00,40.0,4166.60,4167.50,4166.50,4167.00,64,70,134,-6.00,3.00,-17.00,1.40,7.1,-12,66,1.8333,1.0000,-132.00,-146.00,4174.86,-0.7800,DOWN,215.40,0.6221,2.3626
20260619 110405 938,4167.00,1,4166.80,4167.00,0.20,4166.80,3,4166.70,3,4166.60,3,4166.50,5,4166.40,4,4166.30,4,4166.20,3,4166.10,12,4166.00,12,4165.90,11,4167.00,1,4167.10,2,4167.20,3,4167.30,3,4167.40,4,4167.50,6,4167.60,8,4167.70,5,4167.80,12,4167.90,12,Sell,22,20,42,2.00,6.00,-12.00,1.00,40.0,4166.60,4167.50,4166.50,4167.00,64,70,134,-6.00,3.00,-17.00,1.40,7.1,-12,66,1.8333,2.0000,-133.00,-147.00,4174.86,-0.7800,DOWN,215.40,0.6221,2.3626
20260619 110406 029,4167.00,1,4167.10,4167.30,0.20,4167.10,3,4167.00,3,4166.90,4,4166.80,3,4166.70,3,4166.60,3,4166.50,6,4166.40,5,4166.30,4,4166.20,3,4167.30,1,4167.40,4,4167.50,6,4167.60,8,4167.70,5,4167.80,4,4167.90,4,4168.00,7,4168.10,6,4168.20,5,Buy,23,20,43,3.00,6.00,-12.00,1.00,40.0,4166.60,4167.50,4166.50,4167.00,64,70,134,-6.00,3.00,-17.00,1.40,7.1,-12,66,1.8333,1.0000,-132.00,-146.00,4174.86,-0.7800,DOWN,215.40,0.6221,2.3626
20260619 110406 086,4167.20,1,4167.10,4167.30,0.20,4167.10,3,4167.00,3,4166.90,4,4166.80,3,4166.70,3,4166.60,3,4166.50,6,4166.40,5,4166.30,4,4166.20,3,4167.30,1,4167.40,4,4167.50,6,4167.60,8,4167.70,5,4167.80,4,4167.90,4,4168.00,7,4168.10,6,4168.20,5,Buy,24,20,44,4.00,6.00,-12.00,1.00,60.0,4166.60,4167.50,4166.50,4167.20,64,70,134,-6.00,3.00,-17.00,1.40,7.1,-12,66,1.8333,0.5000,-131.00,-145.00,4174.88,-0.7736,DOWN,215.40,0.6221,2.3626
20260619 110406 093,4167.10,1,4167.20,4167.50,0.30,4167.20,2,4167.00,4,4166.90,4,4166.80,3,4166.70,3,4166.60,3,4166.50,6,4166.40,13,4166.30,12,4166.20,11,4167.50,4,4167.60,6,4167.70,3,4167.80,4,4167.90,4,4168.00,7,4168.10,6,4168.20,13,4168.30,4,4168.40,7,Sell,24,21,45,3.00,6.00,-12.00,1.00,50.0,4166.60,4167.50,4166.50,4167.10,64,70,134,-6.00,3.00,-17.00,1.40,7.1,-12,66,1.8333,1.0000,-132.00,-146.00,4174.87,-0.7768,DOWN,215.40,0.6221,2.3626
20260619 110406 093,4167.10,1,4167.20,4167.50,0.30,4167.20,2,4167.00,4,4166.90,4,4166.80,3,4166.70,3,4166.60,3,4166.50,6,4166.40,13,4166.30,12,4166.20,11,4167.50,4,4167.60,6,4167.70,3,4167.80,4,4167.90,4,4168.00,7,4168.10,6,4168.20,13,4168.30,4,4168.40,7,Sell,24,22,46,2.00,6.00,-12.00,1.00,50.0,4166.60,4167.50,4166.50,4167.10,64,70,134,-6.00,3.00,-17.00,1.40,7.1,-12,66,1.8333,2.0000,-133.00,-147.00,4174.87,-0.7768,DOWN,215.40,0.6221,2.3626
20260619 110406 109,4167.30,1,4167.20,4167.50,0.30,4167.20,2,4167.00,4,4166.90,4,4166.80,3,4166.70,3,4166.60,3,4166.50,6,4166.40,13,4166.30,12,4166.20,11,4167.50,4,4167.60,6,4167.70,3,4167.80,4,4167.90,4,4168.00,7,4168.10,6,4168.20,13,4168.30,4,4168.40,7,Sell,24,23,47,1.00,6.00,-12.00,1.00,70.0,4166.60,4167.50,4166.50,4167.30,64,70,134,-6.00,3.00,-17.00,1.40,7.1,-12,66,1.8333,5.0000,-134.00,-148.00,4174.89,-0.7705,DOWN,215.40,0.6221,2.3626
20260619 110406 119,4167.40,1,4167.20,4167.50,0.30,4167.20,2,4167.00,4,4166.90,4,4166.80,3,4166.70,3,4166.60,3,4166.50,6,4166.40,13,4166.30,12,4166.20,11,4167.50,4,4167.60,6,4167.70,3,4167.80,4,4167.90,4,4168.00,7,4168.10,6,4168.20,13,4168.30,4,4168.40,7,Buy,25,23,48,2.00,6.00,-12.00,1.00,80.0,4166.60,4167.50,4166.50,4167.40,64,70,134,-6.00,3.00,-17.00,1.40,7.1,-12,66,1.8333,2.0000,-133.00,-147.00,4174.90,-0.7673,DOWN,215.40,0.6221,2.3626
20260619 110406 397,4167.40,1,4167.40,4167.50,0.10,4167.40,2,4167.30,3,4167.20,4,4167.10,2,4167.00,5,4166.90,4,4166.80,4,4166.70,5,4166.60,4,4166.50,11,4167.50,1,4167.60,3,4167.70,2,4167.80,4,4167.90,4,4168.00,7,4168.10,6,4168.20,13,4168.30,12,4168.40,15,Buy,26,23,49,3.00,6.00,-12.00,1.00,80.0,4166.60,4167.50,4166.50,4167.40,64,70,134,-6.00,3.00,-17.00,1.40,7.1,-12,66,1.8333,1.0000,-132.00,-146.00,4174.90,-0.7673,DOWN,215.40,0.6221,2.3626
20260619 110406 497,4167.50,1,4167.40,4167.60,0.20,4167.40,2,4167.30,3,4167.20,4,4167.10,2,4167.00,5,4166.90,4,4166.80,4,4166.70,5,4166.60,4,4166.50,11,4167.60,1,4167.70,2,4167.80,4,4167.90,4,4168.00,7,4168.10,6,4168.20,13,4168.30,12,4168.40,15,4168.50,12,Buy,27,23,50,4.00,6.00,-12.00,1.00,90.0,4166.60,4167.50,4166.50,4167.50,64,70,134,-6.00,3.00,-17.00,1.40,7.1,-12,66,1.8333,0.5000,-131.00,-145.00,4174.91,-0.7641,DOWN,215.40,0.6221,2.3626
20260619 110406 562,4167.80,1,4167.70,4167.90,0.20,4167.70,1,4167.60,3,4167.50,3,4167.40,3,4167.30,5,4167.20,5,4167.10,2,4167.00,6,4166.90,5,4166.80,5,4167.90,3,4168.00,5,4168.10,6,4168.20,5,4168.30,5,4168.40,7,4168.50,12,4168.60,11,4168.70,12,4168.80,11,Buy,28,23,51,5.00,6.00,-12.00,1.30,92.3,4166.60,4167.80,4166.50,4167.80,64,70,134,-6.00,3.00,-17.00,1.40,7.1,-12,66,1.8333,0.2000,-130.00,-144.00,4174.94,-0.7546,DOWN,215.40,0.6221,2.3841
20260619 110407 976,4167.80,1,4167.60,4167.80,0.20,4167.60,1,4167.50,3,4167.40,3,4167.30,5,4167.20,5,4167.10,2,4167.00,6,4166.90,5,4166.80,5,4166.70,9,4167.80,2,4167.90,4,4168.00,5,4168.10,6,4168.20,5,4168.30,5,4168.40,7,4168.50,12,4168.60,11,4168.70,12,Buy,29,23,52,6.00,6.00,-12.00,1.30,92.3,4166.60,4167.80,4166.50,4167.80,64,70,134,-6.00,3.00,-17.00,1.40,7.1,-12,66,1.8333,0.0000,-129.00,-143.00,4174.94,-0.7546,DOWN,215.40,0.6221,2.3841
20260619 110407 976,4167.80,1,4167.60,4167.80,0.20,4167.60,1,4167.50,3,4167.40,3,4167.30,5,4167.20,5,4167.10,2,4167.00,6,4166.90,5,4166.80,5,4166.70,9,4167.80,2,4167.90,4,4168.00,5,4168.10,6,4168.20,5,4168.30,5,4168.40,7,4168.50,12,4168.60,11,4168.70,12,Buy,30,23,53,7.00,7.00,-12.00,1.30,92.3,4166.60,4167.80,4166.50,4167.80,64,70,134,-6.00,3.00,-17.00,1.40,7.1,-12,66,1.8333,0.0000,-128.00,-142.00,4174.94,-0.7546,DOWN,215.40,0.6221,2.3841
20260619 110408 349,4167.60,1,4167.40,4167.70,0.30,4167.40,3,4167.30,5,4167.20,6,4167.10,3,4167.00,6,4166.90,5,4166.80,5,4166.70,9,4166.60,8,4166.50,11,4167.70,4,4167.80,4,4167.90,3,4168.00,5,4168.10,6,4168.20,5,4168.30,5,4168.40,7,4168.50,12,4168.60,11,Sell,30,24,54,6.00,7.00,-12.00,1.30,76.9,4166.60,4167.80,4166.50,4167.60,64,70,134,-6.00,3.00,-17.00,1.40,7.1,-12,66,1.8333,0.1667,-129.00,-143.00,4174.92,-0.7609,DOWN,215.40,0.6221,2.3841
20260619 110408 530,4167.50,1,4167.40,4167.60,0.20,4167.40,1,4167.30,5,4167.20,5,4167.10,3,4167.00,6,4166.90,5,4166.80,5,4166.70,9,4166.60,8,4166.50,11,4167.60,1,4167.70,5,4167.80,4,4167.90,3,4168.00,5,4168.10,6,4168.20,5,4168.30,5,4168.40,7,4168.50,12,Sell,30,25,55,5.00,7.00,-12.00,1.30,69.2,4166.60,4167.80,4166.50,4167.50,64,70,134,-6.00,3.00,-17.00,1.40,7.1,-12,66,1.8333,0.4000,-130.00,-144.00,4174.91,-0.7641,DOWN,215.40,0.6221,2.3841
20260619 110408 530,4167.40,1,4167.40,4167.60,0.20,4167.40,1,4167.30,5,4167.20,5,4167.10,3,4167.00,6,4166.90,5,4166.80,5,4166.70,9,4166.60,8,4166.50,11,4167.60,1,4167.70,5,4167.80,4,4167.90,3,4168.00,5,4168.10,6,4168.20,5,4168.30,5,4168.40,7,4168.50,12,Sell,30,26,56,4.00,7.00,-12.00,1.30,61.5,4166.60,4167.80,4166.50,4167.40,64,70,134,-6.00,3.00,-17.00,1.40,7.1,-12,66,1.8333,0.7500,-131.00,-145.00,4174.90,-0.7673,DOWN,215.40,0.6221,2.3841
20260619 110408 530,4167.40,1,4167.40,4167.60,0.20,4167.40,1,4167.30,5,4167.20,5,4167.10,3,4167.00,6,4166.90,5,4166.80,5,4166.70,9,4166.60,8,4166.50,11,4167.60,1,4167.70,5,4167.80,4,4167.90,3,4168.00,5,4168.10,6,4168.20,5,4168.30,5,4168.40,7,4168.50,12,Sell,30,27,57,3.00,7.00,-12.00,1.30,61.5,4166.60,4167.80,4166.50,4167.40,64,70,134,-6.00,3.00,-17.00,1.40,7.1,-12,66,1.8333,1.3333,-132.00,-146.00,4174.90,-0.7673,DOWN,215.40,0.6221,2.3841
20260619 110408 530,4167.30,1,4167.40,4167.60,0.20,4167.40,1,4167.30,5,4167.20,5,4167.10,3,4167.00,6,4166.90,5,4166.80,5,4166.70,9,4166.60,8,4166.50,11,4167.60,1,4167.70,5,4167.80,4,4167.90,3,4168.00,5,4168.10,6,4168.20,5,4168.30,5,4168.40,7,4168.50,12,Sell,30,28,58,2.00,7.00,-12.00,1.30,53.8,4166.60,4167.80,4166.50,4167.30,64,70,134,-6.00,3.00,-17.00,1.40,7.1,-12,66,1.8333,2.5000,-133.00,-147.00,4174.89,-0.7705,DOWN,215.40,0.6221,2.3841
20260619 110408 530,4167.30,1,4167.40,4167.60,0.20,4167.40,1,4167.30,5,4167.20,5,4167.10,3,4167.00,6,4166.90,5,4166.80,5,4166.70,9,4166.60,8,4166.50,11,4167.60,1,4167.70,5,4167.80,4,4167.90,3,4168.00,5,4168.10,6,4168.20,5,4168.30,5,4168.40,7,4168.50,12,Sell,30,29,59,1.00,7.00,-12.00,1.30,53.8,4166.60,4167.80,4166.50,4167.30,64,70,134,-6.00,3.00,-17.00,1.40,7.1,-12,66,1.8333,6.0000,-134.00,-148.00,4174.89,-0.7705,DOWN,215.40,0.6221,2.3841
20260619 110409 277,4167.60,1,4167.40,4167.70,0.30,4167.40,6,4167.30,5,4167.20,6,4167.10,5,4167.00,6,4166.90,5,4166.80,5,4166.70,9,4166.60,8,4166.50,11,4167.70,2,4167.80,3,4167.90,2,4168.00,5,4168.10,6,4168.20,5,4168.30,5,4168.40,7,4168.50,12,4168.60,11,Sell,30,30,60,0.00,7.00,-12.00,1.30,76.9,4166.60,4167.80,4166.50,4167.60,64,70,134,-6.00,3.00,-17.00,1.40,7.1,-12,66,1.8333,7.0000,-135.00,-149.00,4174.92,-0.7609,DOWN,215.40,0.6221,2.3841
20260619 110409 277,4167.50,1,4167.40,4167.70,0.30,4167.40,6,4167.30,5,4167.20,6,4167.10,5,4167.00,6,4166.90,5,4166.80,5,4166.70,9,4166.60,8,4166.50,11,4167.70,2,4167.80,3,4167.90,2,4168.00,5,4168.10,6,4168.20,5,4168.30,5,4168.40,7,4168.50,12,4168.60,11,Sell,30,31,61,-1.00,7.00,-12.00,1.30,69.2,4166.60,4167.80,4166.50,4167.50,64,70,134,-6.00,3.00,-17.00,1.40,7.1,-12,66,1.8333,11.0000,-136.00,-150.00,4174.91,-0.7641,DOWN,215.40,0.6221,2.3841
20260619 110409 277,4167.50,1,4167.40,4167.70,0.30,4167.40,6,4167.30,5,4167.20,6,4167.10,5,4167.00,6,4166.90,5,4166.80,5,4166.70,9,4166.60,8,4166.50,11,4167.70,2,4167.80,3,4167.90,2,4168.00,5,4168.10,6,4168.20,5,4168.30,5,4168.40,7,4168.50,12,4168.60,11,Sell,30,32,62,-2.00,7.00,-12.00,1.30,69.2,4166.60,4167.80,4166.50,4167.50,64,70,134,-6.00,3.00,-17.00,1.40,7.1,-12,66,1.8333,5.0000,-137.00,-151.00,4174.91,-0.7641,DOWN,215.40,0.6221,2.3841
20260619 110410 323,4167.70,1,4167.50,4167.70,0.20,4167.50,1,4167.40,4,4167.30,5,4167.20,5,4167.10,5,4167.00,6,4166.90,5,4166.80,5,4166.70,9,4166.60,8,4167.70,2,4167.80,4,4167.90,2,4168.00,5,4168.10,6,4168.20,5,4168.30,5,4168.40,7,4168.50,12,4168.60,11,Buy,31,32,63,-1.00,7.00,-12.00,1.30,84.6,4166.60,4167.80,4166.50,4167.70,64,70,134,-6.00,3.00,-17.00,1.40,7.1,-12,66,1.8333,11.0000,-136.00,-150.00,4174.93,-0.7578,DOWN,215.40,0.6221,2.3841
20260619 110410 323,4167.70,1,4167.50,4167.70,0.20,4167.50,1,4167.40,4,4167.30,5,4167.20,5,4167.10,5,4167.00,6,4166.90,5,4166.80,5,4166.70,9,4166.60,8,4167.70,2,4167.80,4,4167.90,2,4168.00,5,4168.10,6,4168.20,5,4168.30,5,4168.40,7,4168.50,12,4168.60,11,Buy,32,32,64,0.00,7.00,-12.00,1.30,84.6,4166.60,4167.80,4166.50,4167.70,64,70,134,-6.00,3.00,-17.00,1.40,7.1,-12,66,1.8333,7.0000,-135.00,-149.00,4174.93,-0.7578,DOWN,215.40,0.6221,2.3841
20260619 110410 323,4167.80,1,4167.50,4167.70,0.20,4167.50,1,4167.40,4,4167.30,5,4167.20,5,4167.10,5,4167.00,6,4166.90,5,4166.80,5,4166.70,9,4166.60,8,4167.70,2,4167.80,4,4167.90,2,4168.00,5,4168.10,6,4168.20,5,4168.30,5,4168.40,7,4168.50,12,4168.60,11,Buy,33,32,65,1.00,7.00,-12.00,1.30,92.3,4166.60,4167.80,4166.50,4167.80,64,70,134,-6.00,3.00,-17.00,1.40,7.1,-12,66,1.8333,6.0000,-134.00,-148.00,4174.94,-0.7546,DOWN,215.40,0.6221,2.3841
20260619 110411 149,4167.60,1,4167.50,4167.70,0.20,4167.50,3,4167.40,3,4167.30,5,4167.20,6,4167.10,5,4167.00,6,4166.90,5,4166.80,5,4166.70,9,4166.60,8,4167.70,1,4167.80,4,4167.90,2,4168.00,5,4168.10,6,4168.20,5,4168.30,5,4168.40,7,4168.50,12,4168.60,11,Buy,34,32,66,2.00,7.00,-12.00,1.30,76.9,4166.60,4167.80,4166.50,4167.60,64,70,134,-6.00,3.00,-17.00,1.40,7.1,-12,66,1.8333,2.5000,-133.00,-147.00,4174.92,-0.7609,DOWN,215.40,0.6221,2.3841
20260619 110412 055,4167.40,1,4167.50,4167.80,0.30,4167.50,2,4167.40,4,4167.30,5,4167.20,6,4167.10,5,4167.00,6,4166.90,5,4166.80,5,4166.70,9,4166.60,8,4167.80,4,4167.90,2,4168.00,5,4168.10,6,4168.20,5,4168.30,5,4168.40,7,4168.50,12,4168.60,11,4168.70,12,Sell,34,33,67,1.00,7.00,-12.00,1.30,61.5,4166.60,4167.80,4166.50,4167.40,64,70,134,-6.00,3.00,-17.00,1.40,7.1,-12,66,1.8333,6.0000,-134.00,-148.00,4174.90,-0.7673,DOWN,215.40,0.6221,2.3841
20260619 110412 209,4167.50,1,4167.40,4167.60,0.20,4167.40,3,4167.30,5,4167.20,6,4167.10,5,4167.00,6,4166.90,5,4166.80,5,4166.70,9,4166.60,8,4166.50,11,4167.60,1,4167.70,3,4167.80,4,4167.90,2,4168.00,5,4168.10,6,4168.20,5,4168.30,5,4168.40,7,4168.50,12,Sell,34,34,68,0.00,7.00,-12.00,1.30,69.2,4166.60,4167.80,4166.50,4167.50,64,70,134,-6.00,3.00,-17.00,1.40,7.1,-12,66,1.8333,7.0000,-135.00,-149.00,4174.91,-0.7641,DOWN,215.40,0.6221,2.3841
20260619 110414 355,4167.60,1,4167.60,4167.70,0.10,4167.40,2,4167.30,5,4167.20,5,4167.10,5,4167.00,6,4166.90,5,4166.80,5,4166.70,9,4166.60,8,4166.50,11,4167.70,3,4167.80,4,4167.90,2,4168.00,5,4168.10,6,4168.20,5,4168.30,5,4168.40,7,4168.50,12,4168.60,11,Sell,34,35,69,-1.00,7.00,-12.00,1.30,76.9,4166.60,4167.80,4166.50,4167.60,64,70,134,-6.00,3.00,-17.00,1.40,7.1,-12,66,1.8333,11.0000,-136.00,-150.00,4174.92,-0.7609,DOWN,215.40,0.6221,2.3841
20260619 110414 613,4167.70,1,4167.40,4167.70,0.30,4167.40,3,4167.30,5,4167.20,5,4167.10,5,4167.00,6,4166.90,5,4166.80,5,4166.70,9,4166.60,8,4166.50,11,4167.70,2,4167.80,4,4167.90,2,4168.00,5,4168.10,6,4168.20,5,4168.30,5,4168.40,7,4168.50,12,4168.60,11,Buy,35,35,70,0.00,7.00,-12.00,1.30,84.6,4166.60,4167.80,4166.50,4167.70,64,70,134,-6.00,3.00,-17.00,1.40,7.1,-12,66,1.8333,7.0000,-135.00,-149.00,4174.93,-0.7578,DOWN,215.40,0.6221,2.3841
20260619 110414 728,4167.40,1,4167.40,4167.70,0.30,4167.40,3,4167.30,5,4167.20,5,4167.10,5,4167.00,6,4166.90,5,4166.80,5,4166.70,9,4166.60,8,4166.50,11,4167.70,2,4167.80,4,4167.90,2,4168.00,5,4168.10,6,4168.20,5,4168.30,5,4168.40,7,4168.50,12,4168.60,11,Sell,35,36,71,-1.00,7.00,-12.00,1.30,61.5,4166.60,4167.80,4166.50,4167.40,64,70,134,-6.00,3.00,-17.00,1.40,7.1,-12,66,1.8333,11.0000,-136.00,-150.00,4174.90,-0.7673,DOWN,215.40,0.6221,2.3841
20260619 110415 820,4167.50,1,4167.40,4167.70,0.30,4167.40,2,4167.30,5,4167.20,5,4167.10,5,4167.00,6,4166.90,5,4166.80,5,4166.70,9,4166.60,9,4166.50,11,4167.70,3,4167.80,4,4167.90,2,4168.00,5,4168.10,6,4168.20,5,4168.30,5,4168.40,7,4168.50,12,4168.60,11,Buy,36,36,72,0.00,7.00,-12.00,1.30,69.2,4166.60,4167.80,4166.50,4167.50,64,70,134,-6.00,3.00,-17.00,1.40,7.1,-12,66,1.8333,7.0000,-135.00,-149.00,4174.91,-0.7641,DOWN,215.40,0.6221,2.3841
20260619 110417 397,4167.70,1,4167.70,4167.80,0.10,4167.50,3,4167.40,3,4167.30,5,4167.20,5,4167.10,5,4167.00,6,4166.90,5,4166.80,5,4166.70,9,4166.60,9,4167.80,3,4167.90,2,4168.00,5,4168.10,6,4168.20,5,4168.30,5,4168.40,7,4168.50,12,4168.60,11,4168.70,12,Sell,36,37,73,-1.00,7.00,-12.00,1.30,84.6,4166.60,4167.80,4166.50,4167.70,64,70,134,-6.00,3.00,-17.00,1.40,7.1,-12,66,1.8333,11.0000,-136.00,-150.00,4174.93,-0.7578,DOWN,215.40,0.6221,2.3841
20260619 110417 758,4167.80,1,4167.60,4167.80,0.20,4167.60,2,4167.50,4,4167.40,3,4167.30,5,4167.20,5,4167.10,5,4167.00,6,4166.90,5,4166.80,5,4166.70,9,4167.80,1,4167.90,2,4168.00,5,4168.10,5,4168.20,5,4168.30,6,4168.40,7,4168.50,12,4168.60,11,4168.70,12,Buy,37,37,74,0.00,7.00,-12.00,1.30,92.3,4166.60,4167.80,4166.50,4167.80,64,70,134,-6.00,3.00,-17.00,1.40,7.1,-12,66,1.8333,7.0000,-135.00,-149.00,4174.94,-0.7546,DOWN,215.40,0.6221,2.3841
20260619 110418 227,4167.70,1,4167.50,4167.70,0.20,4167.50,2,4167.40,3,4167.30,5,4167.20,5,4167.10,5,4167.00,6,4166.90,5,4166.80,5,4166.70,9,4166.60,9,4167.80,4,4167.90,2,4168.00,5,4168.10,5,4168.20,5,4168.30,6,4168.40,7,4168.50,12,4168.60,11,4168.70,12,Buy,38,37,75,1.00,7.00,-12.00,1.30,84.6,4166.60,4167.80,4166.50,4167.70,64,70,134,-6.00,3.00,-17.00,1.40,7.1,-12,66,1.8333,6.0000,-134.00,-148.00,4174.93,-0.7578,DOWN,215.40,0.6221,2.3841
20260619 110419 084,4167.40,1,4167.00,4167.30,0.30,4167.00,4,4166.90,5,4166.80,5,4166.70,4,4166.60,4,4166.50,5,4166.40,5,4166.30,10,4166.20,8,4166.10,7,4167.30,2,4167.40,5,4167.50,4,4167.60,6,4167.70,5,4167.80,6,4167.90,4,4168.00,5,4168.10,13,4168.20,13,Sell,38,38,76,0.00,7.00,-12.00,1.30,61.5,4166.60,4167.80,4166.50,4167.40,64,70,134,-6.00,3.00,-17.00,1.40,7.1,-12,66,1.8333,7.0000,-135.00,-149.00,4174.90,-0.7673,DOWN,215.40,0.6221,2.3841
20260619 110419 084,4167.40,1,4167.00,4167.30,0.30,4167.00,4,4166.90,5,4166.80,5,4166.70,4,4166.60,4,4166.50,5,4166.40,5,4166.30,10,4166.20,8,4166.10,7,4167.30,2,4167.40,5,4167.50,4,4167.60,6,4167.70,5,4167.80,6,4167.90,4,4168.00,5,4168.10,13,4168.20,13,Sell,38,39,77,-1.00,7.00,-12.00,1.30,61.5,4166.60,4167.80,4166.50,4167.40,64,70,134,-6.00,3.00,-17.00,1.40,7.1,-12,66,1.8333,11.0000,-136.00,-150.00,4174.90,-0.7673,DOWN,215.40,0.6221,2.3841
20260619 110419 084,4167.30,1,4167.00,4167.30,0.30,4167.00,4,4166.90,5,4166.80,5,4166.70,4,4166.60,4,4166.50,5,4166.40,5,4166.30,10,4166.20,8,4166.10,7,4167.30,2,4167.40,5,4167.50,4,4167.60,6,4167.70,5,4167.80,6,4167.90,4,4168.00,5,4168.10,13,4168.20,13,Sell,38,40,78,-2.00,7.00,-12.00,1.30,53.8,4166.60,4167.80,4166.50,4167.30,64,70,134,-6.00,3.00,-17.00,1.40,7.1,-12,66,1.8333,5.0000,-137.00,-151.00,4174.89,-0.7705,DOWN,215.40,0.6221,2.3841
20260619 110419 084,4167.30,1,4167.00,4167.30,0.30,4167.00,4,4166.90,5,4166.80,5,4166.70,4,4166.60,4,4166.50,5,4166.40,5,4166.30,10,4166.20,8,4166.10,7,4167.30,2,4167.40,5,4167.50,4,4167.60,6,4167.70,5,4167.80,6,4167.90,4,4168.00,5,4168.10,13,4168.20,13,Sell,38,41,79,-3.00,7.00,-12.00,1.30,53.8,4166.60,4167.80,4166.50,4167.30,64,70,134,-6.00,3.00,-17.00,1.40,7.1,-12,66,1.8333,3.0000,-138.00,-152.00,4174.89,-0.7705,DOWN,215.40,0.6221,2.3841
20260619 110419 084,4167.30,1,4167.00,4167.30,0.30,4167.00,4,4166.90,5,4166.80,5,4166.70,4,4166.60,4,4166.50,5,4166.40,5,4166.30,10,4166.20,8,4166.10,7,4167.30,2,4167.40,5,4167.50,4,4167.60,6,4167.70,5,4167.80,6,4167.90,4,4168.00,5,4168.10,13,4168.20,13,Sell,38,42,80,-4.00,7.00,-12.00,1.30,53.8,4166.60,4167.80,4166.50,4167.30,64,70,134,-6.00,3.00,-17.00,1.40,7.1,-12,66,1.8333,2.0000,-139.00,-153.00,4174.89,-0.7705,DOWN,215.40,0.6221,2.3841
20260619 110419 084,4167.30,1,4167.00,4167.30,0.30,4167.00,4,4166.90,5,4166.80,5,4166.70,4,4166.60,4,4166.50,5,4166.40,5,4166.30,10,4166.20,8,4166.10,7,4167.30,2,4167.40,5,4167.50,4,4167.60,6,4167.70,5,4167.80,6,4167.90,4,4168.00,5,4168.10,13,4168.20,13,Sell,38,43,81,-5.00,7.00,-12.00,1.30,53.8,4166.60,4167.80,4166.50,4167.30,64,70,134,-6.00,3.00,-17.00,1.40,7.1,-12,66,1.8333,1.4000,-140.00,-154.00,4174.89,-0.7705,DOWN,215.40,0.6221,2.3841
20260619 110419 178,4167.20,1,4167.00,4167.20,0.20,4167.00,3,4166.90,5,4166.80,5,4166.70,4,4166.60,4,4166.50,5,4166.40,5,4166.30,5,4166.20,8,4166.10,7,4167.20,2,4167.30,3,4167.40,5,4167.50,4,4167.60,6,4167.70,5,4167.80,6,4167.90,4,4168.00,5,4168.10,13,Buy,39,43,82,-4.00,7.00,-12.00,1.30,46.2,4166.60,4167.80,4166.50,4167.20,64,70,134,-6.00,3.00,-17.00,1.40,7.1,-12,66,1.8333,2.0000,-139.00,-153.00,4174.88,-0.7736,DOWN,215.40,0.6221,2.3841
20260619 110419 745,4167.10,1,4167.00,4167.30,0.30,4167.00,3,4166.90,3,4166.80,4,4166.70,3,4166.60,4,4166.50,5,4166.40,5,4166.30,5,4166.20,8,4166.10,7,4167.30,3,4167.40,5,4167.50,4,4167.60,6,4167.70,5,4167.80,7,4167.90,4,4168.00,5,4168.10,13,4168.20,13,Sell,39,44,83,-5.00,7.00,-12.00,1.30,38.5,4166.60,4167.80,4166.50,4167.10,64,70,134,-6.00,3.00,-17.00,1.40,7.1,-12,66,1.8333,1.4000,-140.00,-154.00,4174.87,-0.7768,DOWN,215.40,0.6221,2.3841
20260619 110421 808,4167.30,1,4167.10,4167.30,0.20,4167.10,2,4167.00,3,4166.90,3,4166.80,4,4166.70,3,4166.60,4,4166.50,5,4166.40,5,4166.30,5,4166.20,8,4167.30,1,4167.40,4,4167.50,4,4167.60,5,4167.70,5,4167.80,7,4167.90,4,4168.00,5,4168.10,13,4168.20,13,Buy,40,44,84,-4.00,7.00,-12.00,1.30,53.8,4166.60,4167.80,4166.50,4167.30,64,70,134,-6.00,3.00,-17.00,1.40,7.1,-12,66,1.8333,2.0000,-139.00,-153.00,4174.89,-0.7705,DOWN,215.40,0.6221,2.3841
20260619 110421 810,4167.20,1,4167.10,4167.30,0.20,4167.10,2,4167.00,3,4166.90,3,4166.80,4,4166.70,3,4166.60,4,4166.50,5,4166.40,5,4166.30,5,4166.20,8,4167.30,1,4167.40,4,4167.50,4,4167.60,5,4167.70,5,4167.80,7,4167.90,4,4168.00,5,4168.10,13,4168.20,13,Sell,40,45,85,-5.00,7.00,-12.00,1.30,46.2,4166.60,4167.80,4166.50,4167.20,64,70,134,-6.00,3.00,-17.00,1.40,7.1,-12,66,1.8333,1.4000,-140.00,-154.00,4174.88,-0.7736,DOWN,215.40,0.6221,2.3841
20260619 110423 635,4167.10,1,4167.00,4167.20,0.20,4167.00,1,4166.90,5,4166.80,4,4166.70,3,4166.60,4,4166.50,5,4166.40,5,4166.30,5,4166.20,8,4166.10,7,4167.20,2,4167.30,5,4167.40,4,4167.50,4,4167.60,5,4167.70,5,4167.80,7,4167.90,12,4168.00,14,4168.10,13,Sell,40,46,86,-6.00,7.00,-12.00,1.30,38.5,4166.60,4167.80,4166.50,4167.10,64,70,134,-6.00,3.00,-17.00,1.40,7.1,-12,66,1.8333,1.0000,-141.00,-155.00,4174.87,-0.7768,DOWN,215.40,0.6221,2.3841
20260619 110423 635,4167.10,1,4167.00,4167.20,0.20,4167.00,1,4166.90,5,4166.80,4,4166.70,3,4166.60,4,4166.50,5,4166.40,5,4166.30,5,4166.20,8,4166.10,7,4167.20,2,4167.30,5,4167.40,4,4167.50,4,4167.60,5,4167.70,5,4167.80,7,4167.90,12,4168.00,14,4168.10,13,Sell,40,47,87,-7.00,7.00,-12.00,1.30,38.5,4166.60,4167.80,4166.50,4167.10,64,70,134,-6.00,3.00,-17.00,1.40,7.1,-12,66,1.8333,0.7143,-142.00,-156.00,4174.87,-0.7768,DOWN,215.40,0.6221,2.3841
20260619 110423 638,4167.10,2,4167.00,4167.20,0.20,4167.00,1,4166.90,5,4166.80,4,4166.70,3,4166.60,4,4166.50,5,4166.40,5,4166.30,5,4166.20,8,4166.10,7,4167.20,2,4167.30,5,4167.40,4,4167.50,4,4167.60,5,4167.70,5,4167.80,7,4167.90,12,4168.00,14,4168.10,13,Buy,42,47,89,-5.00,7.00,-12.00,1.30,38.5,4166.60,4167.80,4166.50,4167.10,64,70,134,-6.00,3.00,-17.00,1.40,7.1,-12,66,1.8333,1.4000,-140.00,-154.00,4174.87,-0.7768,DOWN,215.40,0.6221,2.3841
20260619 110423 695,4167.20,1,4166.90,4167.20,0.30,4166.90,5,4166.80,4,4166.70,3,4166.60,4,4166.50,5,4166.40,5,4166.30,5,4166.20,8,4166.10,7,4166.00,9,4167.20,3,4167.30,5,4167.40,4,4167.50,4,4167.60,5,4167.70,5,4167.80,7,4167.90,12,4168.00,14,4168.10,13,Buy,43,47,90,-4.00,7.00,-12.00,1.30,46.2,4166.60,4167.80,4166.50,4167.20,64,70,134,-6.00,3.00,-17.00,1.40,7.1,-12,66,1.8333,2.0000,-139.00,-153.00,4174.88,-0.7736,DOWN,215.40,0.6221,2.3841
20260619 110423 770,4166.90,1,4166.80,4167.10,0.30,4166.80,3,4166.70,3,4166.60,4,4166.50,5,4166.40,5,4166.30,5,4166.20,8,4166.10,7,4166.00,9,4165.90,8,4167.10,4,4167.20,3,4167.30,5,4167.40,4,4167.50,4,4167.60,5,4167.70,7,4167.80,7,4167.90,12,4168.00,14,Sell,43,48,91,-5.00,7.00,-12.00,1.30,23.1,4166.60,4167.80,4166.50,4166.90,64,70,134,-6.00,3.00,-17.00,1.40,7.1,-12,66,1.8333,1.4000,-140.00,-154.00,4174.85,-0.7832,DOWN,215.40,0.6221,2.3841
20260619 110423 770,4166.90,1,4166.80,4167.10,0.30,4166.80,3,4166.70,3,4166.60,4,4166.50,5,4166.40,5,4166.30,5,4166.20,8,4166.10,7,4166.00,9,4165.90,8,4167.10,4,4167.20,3,4167.30,5,4167.40,4,4167.50,4,4167.60,5,4167.70,7,4167.80,7,4167.90,12,4168.00,14,Sell,43,49,92,-6.00,7.00,-12.00,1.30,23.1,4166.60,4167.80,4166.50,4166.90,64,70,134,-6.00,3.00,-17.00,1.40,7.1,-12,66,1.8333,1.0000,-141.00,-155.00,4174.85,-0.7832,DOWN,215.40,0.6221,2.3841
20260619 110423 770,4166.90,1,4166.80,4167.10,0.30,4166.80,3,4166.70,3,4166.60,4,4166.50,5,4166.40,5,4166.30,5,4166.20,8,4166.10,7,4166.00,9,4165.90,8,4167.10,4,4167.20,3,4167.30,5,4167.40,4,4167.50,4,4167.60,5,4167.70,7,4167.80,7,4167.90,12,4168.00,14,Sell,43,50,93,-7.00,7.00,-12.00,1.30,23.1,4166.60,4167.80,4166.50,4166.90,64,70,134,-6.00,3.00,-17.00,1.40,7.1,-12,66,1.8333,0.7143,-142.00,-156.00,4174.85,-0.7832,DOWN,215.40,0.6221,2.3841
20260619 110423 770,4166.90,1,4166.80,4167.10,0.30,4166.80,3,4166.70,3,4166.60,4,4166.50,5,4166.40,5,4166.30,5,4166.20,8,4166.10,7,4166.00,9,4165.90,8,4167.10,4,4167.20,3,4167.30,5,4167.40,4,4167.50,4,4167.60,5,4167.70,7,4167.80,7,4167.90,12,4168.00,14,Sell,43,51,94,-8.00,7.00,-12.00,1.30,23.1,4166.60,4167.80,4166.50,4166.90,64,70,134,-6.00,3.00,-17.00,1.40,7.1,-12,66,1.8333,0.5000,-143.00,-157.00,4174.85,-0.7832,DOWN,215.40,0.6221,2.3841
20260619 110423 770,4166.90,1,4166.80,4167.10,0.30,4166.80,3,4166.70,3,4166.60,4,4166.50,5,4166.40,5,4166.30,5,4166.20,8,4166.10,7,4166.00,9,4165.90,8,4167.10,4,4167.20,3,4167.30,5,4167.40,4,4167.50,4,4167.60,5,4167.70,7,4167.80,7,4167.90,12,4168.00,14,Sell,43,52,95,-9.00,7.00,-12.00,1.30,23.1,4166.60,4167.80,4166.50,4166.90,64,70,134,-6.00,3.00,-17.00,1.40,7.1,-12,66,1.8333,0.3333,-144.00,-158.00,4174.85,-0.7832,DOWN,215.40,0.6221,2.3841
20260619 110425 910,4166.90,1,4166.70,4166.90,0.20,4166.70,2,4166.60,4,4166.50,5,4166.40,5,4166.30,5,4166.20,8,4166.10,7,4166.00,9,4165.90,8,4165.80,8,4166.90,1,4167.00,3,4167.10,3,4167.20,3,4167.30,5,4167.40,4,4167.50,4,4167.60,6,4167.70,7,4167.80,7,Sell,43,53,96,-10.00,7.00,-12.00,1.30,23.1,4166.60,4167.80,4166.50,4166.90,64,70,134,-6.00,3.00,-17.00,1.40,7.1,-12,66,1.8333,0.2000,-145.00,-159.00,4174.85,-0.7832,DOWN,215.40,0.6221,2.3841
20260619 110425 918,4166.80,1,4166.70,4166.90,0.20,4166.70,3,4166.60,4,4166.50,5,4166.40,5,4166.30,5,4166.20,8,4166.10,7,4166.00,9,4165.90,8,4165.80,8,4166.90,2,4167.00,3,4167.10,3,4167.20,3,4167.30,5,4167.40,4,4167.50,4,4167.60,6,4167.70,7,4167.80,15,Sell,43,54,97,-11.00,7.00,-12.00,1.30,15.4,4166.60,4167.80,4166.50,4166.80,64,70,134,-6.00,3.00,-17.00,1.40,7.1,-12,66,1.8333,0.0909,-146.00,-160.00,4174.84,-0.7863,DOWN,215.40,0.6221,2.3841
20260619 110427 035,4166.60,1,4166.50,4166.70,0.20,4166.50,2,4166.40,5,4166.30,4,4166.20,3,4166.10,2,4166.00,4,4165.90,8,4165.80,8,4165.70,9,4165.60,9,4166.70,1,4166.80,3,4166.90,5,4167.00,5,4167.10,3,4167.20,3,4167.30,5,4167.40,5,4167.50,5,4167.60,14,Sell,43,55,98,-12.00,7.00,-12.00,1.30,0.0,4166.60,4167.80,4166.50,4166.60,64,70,134,-6.00,3.00,-17.00,1.40,7.1,-12,66,1.8333,0.0000,-147.00,-161.00,4174.82,-0.7927,DOWN,215.40,0.6221,2.3841
20260619 110427 035,4166.60,1,4166.50,4166.70,0.20,4166.50,2,4166.40,5,4166.30,4,4166.20,3,4166.10,2,4166.00,4,4165.90,8,4165.80,8,4165.70,9,4165.60,9,4166.70,1,4166.80,3,4166.90,5,4167.00,5,4167.10,3,4167.20,3,4167.30,5,4167.40,5,4167.50,5,4167.60,14,Sell,43,56,99,-13.00,7.00,-13.00,1.30,0.0,4166.60,4167.80,4166.50,4166.60,64,70,134,-6.00,3.00,-17.00,1.40,7.1,-12,66,1.8333,0.0000,-148.00,-162.00,4174.82,-0.7927,DOWN,215.40,0.6221,2.3841
20260619 110429 031,4166.40,1,4166.30,4166.60,0.30,4166.40,3,4166.30,4,4166.20,3,4166.10,2,4166.00,4,4165.90,8,4165.80,8,4165.70,9,4165.60,9,4165.50,8,4166.60,2,4166.70,1,4166.80,4,4166.90,3,4167.00,5,4167.10,3,4167.20,3,4167.30,6,4167.40,5,4167.50,5,Sell,43,57,100,-14.00,7.00,-14.00,1.40,14.3,4166.60,4167.80,4166.40,4166.40,64,70,134,-6.00,3.00,-17.00,1.40,7.1,-12,66,1.8333,0.0000,-149.00,-163.00,4174.80,-0.7990,DOWN,215.40,0.6221,2.3912
20260619 110429 031,4166.40,1,4166.30,4166.60,0.30,4166.40,3,4166.30,4,4166.20,3,4166.10,2,4166.00,4,4165.90,8,4165.80,8,4165.70,9,4165.60,9,4165.50,8,4166.60,2,4166.70,1,4166.80,4,4166.90,3,4167.00,5,4167.10,3,4167.20,3,4167.30,6,4167.40,5,4167.50,5,Sell,43,58,101,-15.00,7.00,-15.00,1.40,14.3,4166.60,4167.80,4166.40,4166.40,64,70,134,-6.00,3.00,-17.00,1.40,7.1,-12,66,1.8333,0.0000,-150.00,-164.00,4174.80,-0.7990,DOWN,215.40,0.6221,2.3912
20260619 110429 032,4166.30,1,4166.30,4166.60,0.30,4166.40,3,4166.30,4,4166.20,3,4166.10,2,4166.00,4,4165.90,8,4165.80,8,4165.70,9,4165.60,9,4165.50,8,4166.60,2,4166.70,1,4166.80,4,4166.90,3,4167.00,5,4167.10,3,4167.20,3,4167.30,6,4167.40,5,4167.50,5,Sell,43,59,102,-16.00,7.00,-16.00,1.50,20.0,4166.60,4167.80,4166.30,4166.30,64,70,134,-6.00,3.00,-17.00,1.40,7.1,-12,66,1.8333,0.0000,-151.00,-165.00,4174.80,-0.8022,DOWN,215.40,0.6221,2.3984
20260619 110430 080,4166.20,1,4166.20,4166.40,0.20,4166.20,3,4166.10,2,4166.00,4,4165.90,4,4165.80,3,4165.70,4,4165.60,9,4165.50,8,4165.40,10,4165.30,8,4166.40,1,4166.50,3,4166.60,5,4166.70,2,4166.80,4,4166.90,3,4167.00,6,4167.10,5,4167.20,4,4167.30,6,Sell,43,60,103,-17.00,7.00,-17.00,1.60,25.0,4166.60,4167.80,4166.20,4166.20,64,70,134,-6.00,3.00,-17.00,1.40,7.1,-12,66,1.8333,0.0000,-152.00,-166.00,4174.79,-0.8054,DOWN,215.40,0.6221,2.4055
20260619 110430 080,4166.20,1,4166.20,4166.40,0.20,4166.20,3,4166.10,2,4166.00,4,4165.90,4,4165.80,3,4165.70,4,4165.60,9,4165.50,8,4165.40,10,4165.30,8,4166.40,1,4166.50,3,4166.60,5,4166.70,2,4166.80,4,4166.90,3,4167.00,6,4167.10,5,4167.20,4,4167.30,6,Sell,43,61,104,-18.00,7.00,-18.00,1.60,25.0,4166.60,4167.80,4166.20,4166.20,64,70,134,-6.00,3.00,-17.00,1.40,7.1,-12,66,1.8333,0.0000,-153.00,-167.00,4174.79,-0.8054,DOWN,215.40,0.6221,2.4055
20260619 110434 051,4166.50,1,4166.40,4166.70,0.30,4166.40,3,4166.30,4,4166.20,3,4166.10,4,4166.00,4,4165.90,3,4165.80,4,4165.70,4,4165.60,9,4165.50,8,4166.70,3,4166.80,3,4166.90,3,4167.00,5,4167.10,3,4167.20,4,4167.30,6,4167.40,13,4167.50,14,4167.60,14,Sell,43,62,105,-19.00,7.00,-19.00,1.60,6.3,4166.60,4167.80,4166.20,4166.50,64,70,134,-6.00,3.00,-17.00,1.40,7.1,-12,66,1.8333,0.0000,-154.00,-168.00,4174.81,-0.7959,DOWN,215.40,0.6221,2.4055
20260619 110434 101,4166.50,1,4166.40,4166.70,0.30,4166.40,3,4166.30,4,4166.20,4,4166.10,4,4166.00,4,4165.90,3,4165.80,4,4165.70,4,4165.60,9,4165.50,8,4166.70,3,4166.80,3,4166.90,3,4167.00,5,4167.10,3,4167.20,4,4167.30,6,4167.40,13,4167.50,14,4167.60,14,Sell,43,63,106,-20.00,7.00,-20.00,1.60,6.3,4166.60,4167.80,4166.20,4166.50,64,70,134,-6.00,3.00,-17.00,1.40,7.1,-12,66,1.8333,0.0000,-155.00,-169.00,4174.81,-0.7959,DOWN,215.40,0.6221,2.4055
20260619 110435 216,4166.60,1,4166.40,4166.60,0.20,4166.40,1,4166.30,2,4166.20,3,4166.10,4,4166.00,4,4165.90,3,4165.80,4,4165.70,4,4165.60,9,4165.50,8,4166.70,3,4166.80,3,4166.90,3,4167.00,5,4167.10,3,4167.20,4,4167.30,6,4167.40,13,4167.50,14,4167.60,14,Buy,44,63,107,-19.00,7.00,-20.00,1.60,0.0,4166.60,4167.80,4166.20,4166.60,64,70,134,-6.00,3.00,-17.00,1.40,7.1,-12,66,1.8333,0.0526,-154.00,-168.00,4174.82,-0.7927,DOWN,215.40,0.6221,2.4055
20260619 110435 216,4166.60,1,4166.40,4166.60,0.20,4166.40,1,4166.30,2,4166.20,3,4166.10,4,4166.00,4,4165.90,3,4165.80,4,4165.70,4,4165.60,9,4165.50,8,4166.70,3,4166.80,3,4166.90,3,4167.00,5,4167.10,3,4167.20,4,4167.30,6,4167.40,13,4167.50,14,4167.60,14,Buy,45,63,108,-18.00,7.00,-20.00,1.60,0.0,4166.60,4167.80,4166.20,4166.60,64,70,134,-6.00,3.00,-17.00,1.40,7.1,-12,66,1.8333,0.1111,-153.00,-167.00,4174.82,-0.7927,DOWN,215.40,0.6221,2.4055
20260619 110443 641,4166.50,1,4166.50,4166.80,0.30,4166.50,3,4166.40,4,4166.30,2,4166.20,4,4166.10,5,4166.00,3,4165.90,3,4165.80,4,4165.70,9,4165.60,10,4166.80,2,4166.90,3,4167.00,5,4167.10,4,4167.20,3,4167.30,5,4167.40,5,4167.50,6,4167.60,14,4167.70,13,Sell,45,64,109,-19.00,7.00,-20.00,1.60,6.3,4166.60,4167.80,4166.20,4166.50,64,70,134,-6.00,3.00,-17.00,1.40,7.1,-12,66,1.8333,0.0526,-154.00,-168.00,4174.81,-0.7959,DOWN,215.40,0.6221,2.4055
20260619 110443 641,4166.50,1,4166.50,4166.80,0.30,4166.50,3,4166.40,4,4166.30,2,4166.20,4,4166.10,5,4166.00,3,4165.90,3,4165.80,4,4165.70,9,4165.60,10,4166.80,2,4166.90,3,4167.00,5,4167.10,4,4167.20,3,4167.30,5,4167.40,5,4167.50,6,4167.60,14,4167.70,13,Sell,45,65,110,-20.00,7.00,-20.00,1.60,6.3,4166.60,4167.80,4166.20,4166.50,64,70,134,-6.00,3.00,-17.00,1.40,7.1,-12,66,1.8333,0.0000,-155.00,-169.00,4174.81,-0.7959,DOWN,215.40,0.6221,2.4055
20260619 110443 641,4166.50,1,4166.50,4166.80,0.30,4166.50,3,4166.40,4,4166.30,2,4166.20,4,4166.10,5,4166.00,3,4165.90,3,4165.80,4,4165.70,9,4165.60,10,4166.80,2,4166.90,3,4167.00,5,4167.10,4,4167.20,3,4167.30,5,4167.40,5,4167.50,6,4167.60,14,4167.70,13,Sell,45,66,111,-21.00,7.00,-21.00,1.60,6.3,4166.60,4167.80,4166.20,4166.50,64,70,134,-6.00,3.00,-17.00,1.40,7.1,-12,66,1.8333,0.0000,-156.00,-170.00,4174.81,-0.7959,DOWN,215.40,0.6221,2.4055
20260619 110443 641,4166.50,1,4166.50,4166.80,0.30,4166.50,3,4166.40,4,4166.30,2,4166.20,4,4166.10,5,4166.00,3,4165.90,3,4165.80,4,4165.70,9,4165.60,10,4166.80,2,4166.90,3,4167.00,5,4167.10,4,4167.20,3,4167.30,5,4167.40,5,4167.50,6,4167.60,14,4167.70,13,Sell,45,67,112,-22.00,7.00,-22.00,1.60,6.3,4166.60,4167.80,4166.20,4166.50,64,70,134,-6.00,3.00,-17.00,1.40,7.1,-12,66,1.8333,0.0000,-157.00,-171.00,4174.81,-0.7959,DOWN,215.40,0.6221,2.4055
20260619 110447 319,4166.90,1,4166.70,4167.00,0.30,4166.70,5,4166.60,6,4166.50,4,4166.40,4,4166.30,2,4166.20,4,4166.10,5,4166.00,10,4165.90,10,4165.80,11,4167.00,2,4167.10,2,4167.20,3,4167.30,4,4167.40,3,4167.50,5,4167.60,6,4167.70,13,4167.80,14,4167.90,11,Buy,46,67,113,-21.00,7.00,-22.00,1.60,18.7,4166.60,4167.80,4166.20,4166.90,64,70,134,-6.00,3.00,-17.00,1.40,7.1,-12,66,1.8333,0.0476,-156.00,-170.00,4174.85,-0.7832,DOWN,215.40,0.6221,2.4055
20260619 110447 319,4167.00,1,4166.70,4167.00,0.30,4166.70,5,4166.60,6,4166.50,4,4166.40,4,4166.30,2,4166.20,4,4166.10,5,4166.00,10,4165.90,10,4165.80,11,4167.00,2,4167.10,2,4167.20,3,4167.30,4,4167.40,3,4167.50,5,4167.60,6,4167.70,13,4167.80,14,4167.90,11,Buy,47,67,114,-20.00,7.00,-22.00,1.60,25.0,4166.60,4167.80,4166.20,4167.00,64,70,134,-6.00,3.00,-17.00,1.40,7.1,-12,66,1.8333,0.1000,-155.00,-169.00,4174.86,-0.7800,DOWN,215.40,0.6221,2.4055
20260619 110447 319,4167.00,1,4166.70,4167.00,0.30,4166.70,5,4166.60,6,4166.50,4,4166.40,4,4166.30,2,4166.20,4,4166.10,5,4166.00,10,4165.90,10,4165.80,11,4167.00,2,4167.10,2,4167.20,3,4167.30,4,4167.40,3,4167.50,5,4167.60,6,4167.70,13,4167.80,14,4167.90,11,Buy,48,67,115,-19.00,7.00,-22.00,1.60,25.0,4166.60,4167.80,4166.20,4167.00,64,70,134,-6.00,3.00,-17.00,1.40,7.1,-12,66,1.8333,0.1579,-154.00,-168.00,4174.86,-0.7800,DOWN,215.40,0.6221,2.4055
20260619 110447 319,4167.00,1,4166.70,4167.00,0.30,4166.70,5,4166.60,6,4166.50,4,4166.40,4,4166.30,2,4166.20,4,4166.10,5,4166.00,10,4165.90,10,4165.80,11,4167.00,2,4167.10,2,4167.20,3,4167.30,4,4167.40,3,4167.50,5,4167.60,6,4167.70,13,4167.80,14,4167.90,11,Buy,49,67,116,-18.00,7.00,-22.00,1.60,25.0,4166.60,4167.80,4166.20,4167.00,64,70,134,-6.00,3.00,-17.00,1.40,7.1,-12,66,1.8333,0.2222,-153.00,-167.00,4174.86,-0.7800,DOWN,215.40,0.6221,2.4055
20260619 110448 460,4166.70,3,4166.60,4166.70,0.10,4166.70,1,4166.60,4,4166.50,4,4166.40,5,4166.30,3,4166.20,4,4166.10,5,4166.00,10,4165.90,10,4165.80,11,4166.90,1,4167.00,3,4167.10,2,4167.20,3,4167.30,4,4167.40,3,4167.50,5,4167.60,12,4167.70,11,4167.80,12,Buy,52,67,119,-15.00,7.00,-22.00,1.60,6.2,4166.60,4167.80,4166.20,4166.70,64,70,134,-6.00,3.00,-17.00,1.40,7.1,-12,66,1.8333,0.4667,-150.00,-164.00,4174.83,-0.7895,DOWN,215.40,0.6221,2.4055
20260619 110457 528,4166.20,1,4166.00,4166.20,0.20,4166.00,3,4165.90,3,4165.80,3,4165.70,11,4165.60,10,4165.50,8,4165.40,10,4165.30,9,4165.20,15,4165.10,9,4166.20,2,4166.40,3,4166.50,4,4166.60,2,4166.70,2,4166.80,2,4166.90,5,4167.00,6,4167.10,3,4167.20,4,Sell,52,68,120,-16.00,7.00,-22.00,1.60,25.0,4166.60,4167.80,4166.20,4166.20,64,70,134,-6.00,3.00,-17.00,1.40,7.1,-12,66,1.8333,0.3750,-151.00,-165.00,4174.79,-0.8054,DOWN,215.40,0.6221,2.4055
20260619 110457 528,4166.20,1,4166.00,4166.20,0.20,4166.00,3,4165.90,3,4165.80,3,4165.70,11,4165.60,10,4165.50,8,4165.40,10,4165.30,9,4165.20,15,4165.10,9,4166.20,2,4166.40,3,4166.50,4,4166.60,2,4166.70,2,4166.80,2,4166.90,5,4167.00,6,4167.10,3,4167.20,4,Sell,52,69,121,-17.00,7.00,-22.00,1.60,25.0,4166.60,4167.80,4166.20,4166.20,64,70,134,-6.00,3.00,-17.00,1.40,7.1,-12,66,1.8333,0.2941,-152.00,-166.00,4174.79,-0.8054,DOWN,215.40,0.6221,2.4055
20260619 110457 528,4166.20,1,4166.00,4166.20,0.20,4166.00,3,4165.90,3,4165.80,3,4165.70,11,4165.60,10,4165.50,8,4165.40,10,4165.30,9,4165.20,15,4165.10,9,4166.20,2,4166.40,3,4166.50,4,4166.60,2,4166.70,2,4166.80,2,4166.90,5,4167.00,6,4167.10,3,4167.20,4,Sell,52,70,122,-18.00,7.00,-22.00,1.60,25.0,4166.60,4167.80,4166.20,4166.20,64,70,134,-6.00,3.00,-17.00,1.40,7.1,-12,66,1.8333,0.2222,-153.00,-167.00,4174.79,-0.8054,DOWN,215.40,0.6221,2.4055
20260619 110457 528,4166.10,1,4166.00,4166.20,0.20,4166.00,3,4165.90,3,4165.80,3,4165.70,11,4165.60,10,4165.50,8,4165.40,10,4165.30,9,4165.20,15,4165.10,9,4166.20,2,4166.40,3,4166.50,4,4166.60,2,4166.70,2,4166.80,2,4166.90,5,4167.00,6,4167.10,3,4167.20,4,Sell,52,71,123,-19.00,7.00,-22.00,1.70,29.4,4166.60,4167.80,4166.10,4166.10,64,70,134,-6.00,3.00,-17.00,1.40,7.1,-12,66,1.8333,0.1579,-154.00,-168.00,4174.78,-0.8086,DOWN,215.40,0.6221,2.4126
20260619 110457 528,4166.10,1,4166.00,4166.20,0.20,4166.00,3,4165.90,3,4165.80,3,4165.70,11,4165.60,10,4165.50,8,4165.40,10,4165.30,9,4165.20,15,4165.10,9,4166.20,2,4166.40,3,4166.50,4,4166.60,2,4166.70,2,4166.80,2,4166.90,5,4167.00,6,4167.10,3,4167.20,4,Sell,52,72,124,-20.00,7.00,-22.00,1.70,29.4,4166.60,4167.80,4166.10,4166.10,64,70,134,-6.00,3.00,-17.00,1.40,7.1,-12,66,1.8333,0.1000,-155.00,-169.00,4174.78,-0.8086,DOWN,215.40,0.6221,2.4126
20260619 110457 528,4166.10,1,4166.00,4166.20,0.20,4166.00,3,4165.90,3,4165.80,3,4165.70,11,4165.60,10,4165.50,8,4165.40,10,4165.30,9,4165.20,15,4165.10,9,4166.20,2,4166.40,3,4166.50,4,4166.60,2,4166.70,2,4166.80,2,4166.90,5,4167.00,6,4167.10,3,4167.20,4,Sell,52,73,125,-21.00,7.00,-22.00,1.70,29.4,4166.60,4167.80,4166.10,4166.10,64,70,134,-6.00,3.00,-17.00,1.40,7.1,-12,66,1.8333,0.0476,-156.00,-170.00,4174.78,-0.8086,DOWN,215.40,0.6221,2.4126
20260619 110457 528,4166.10,1,4166.00,4166.20,0.20,4166.00,3,4165.90,3,4165.80,3,4165.70,11,4165.60,10,4165.50,8,4165.40,10,4165.30,9,4165.20,15,4165.10,9,4166.20,2,4166.40,3,4166.50,4,4166.60,2,4166.70,2,4166.80,2,4166.90,5,4167.00,6,4167.10,3,4167.20,4,Sell,52,74,126,-22.00,7.00,-22.00,1.70,29.4,4166.60,4167.80,4166.10,4166.10,64,70,134,-6.00,3.00,-17.00,1.40,7.1,-12,66,1.8333,0.0000,-157.00,-171.00,4174.78,-0.8086,DOWN,215.40,0.6221,2.4126
20260619 110457 528,4166.20,2,4166.00,4166.20,0.20,4166.00,3,4165.90,3,4165.80,3,4165.70,11,4165.60,10,4165.50,8,4165.40,10,4165.30,9,4165.20,15,4165.10,9,4166.20,2,4166.40,3,4166.50,4,4166.60,2,4166.70,2,4166.80,2,4166.90,5,4167.00,6,4167.10,3,4167.20,4,Buy,54,74,128,-20.00,7.00,-22.00,1.70,23.5,4166.60,4167.80,4166.10,4166.20,64,70,134,-6.00,3.00,-17.00,1.40,7.1,-12,66,1.8333,0.1000,-155.00,-169.00,4174.79,-0.8054,DOWN,215.40,0.6221,2.4126
20260619 110457 528,4166.40,1,4166.00,4166.20,0.20,4166.00,3,4165.90,3,4165.80,3,4165.70,11,4165.60,10,4165.50,8,4165.40,10,4165.30,9,4165.20,15,4165.10,9,4166.20,2,4166.40,3,4166.50,4,4166.60,2,4166.70,2,4166.80,2,4166.90,5,4167.00,6,4167.10,3,4167.20,4,Buy,55,74,129,-19.00,7.00,-22.00,1.70,11.8,4166.60,4167.80,4166.10,4166.40,64,70,134,-6.00,3.00,-17.00,1.40,7.1,-12,66,1.8333,0.1579,-154.00,-168.00,4174.80,-0.7990,DOWN,215.40,0.6221,2.4126
20260619 110457 557,4166.40,1,4166.30,4166.60,0.30,4166.30,4,4166.20,4,4166.10,5,4166.00,4,4165.90,2,4165.80,2,4165.70,4,4165.60,5,4165.50,3,4165.40,10,4166.60,2,4166.70,3,4166.80,2,4166.90,5,4167.00,6,4167.10,4,4167.20,10,4167.30,12,4167.40,11,4167.50,11,Buy,56,74,130,-18.00,7.00,-22.00,1.70,11.8,4166.60,4167.80,4166.10,4166.40,64,70,134,-6.00,3.00,-17.00,1.40,7.1,-12,66,1.8333,0.2222,-153.00,-167.00,4174.80,-0.7990,DOWN,215.40,0.6221,2.4126
20260619 110457 557,4166.40,1,4166.30,4166.60,0.30,4166.30,4,4166.20,4,4166.10,5,4166.00,4,4165.90,2,4165.80,2,4165.70,4,4165.60,5,4165.50,3,4165.40,10,4166.60,2,4166.70,3,4166.80,2,4166.90,5,4167.00,6,4167.10,4,4167.20,10,4167.30,12,4167.40,11,4167.50,11,Buy,57,74,131,-17.00,7.00,-22.00,1.70,11.8,4166.60,4167.80,4166.10,4166.40,64,70,134,-6.00,3.00,-17.00,1.40,7.1,-12,66,1.8333,0.2941,-152.00,-166.00,4174.80,-0.7990,DOWN,215.40,0.6221,2.4126
20260619 110457 661,4166.50,1,4166.20,4166.50,0.30,4166.30,4,4166.20,4,4166.10,5,4166.00,4,4165.90,2,4165.80,2,4165.70,4,4165.60,5,4165.50,3,4165.40,10,4166.60,4,4166.70,3,4166.80,2,4166.90,5,4167.00,6,4167.10,4,4167.20,10,4167.30,12,4167.40,11,4167.50,11,Buy,58,74,132,-16.00,7.00,-22.00,1.70,5.9,4166.60,4167.80,4166.10,4166.50,64,70,134,-6.00,3.00,-17.00,1.40,7.1,-12,66,1.8333,0.3750,-151.00,-165.00,4174.81,-0.7959,DOWN,215.40,0.6221,2.4126
20260619 110457 661,4166.50,1,4166.20,4166.50,0.30,4166.30,4,4166.20,4,4166.10,5,4166.00,4,4165.90,2,4165.80,2,4165.70,4,4165.60,5,4165.50,3,4165.40,10,4166.60,4,4166.70,3,4166.80,2,4166.90,5,4167.00,6,4167.10,4,4167.20,10,4167.30,12,4167.40,11,4167.50,11,Buy,59,74,133,-15.00,7.00,-22.00,1.70,5.9,4166.60,4167.80,4166.10,4166.50,64,70,134,-6.00,3.00,-17.00,1.40,7.1,-12,66,1.8333,0.4667,-150.00,-164.00,4174.81,-0.7959,DOWN,215.40,0.6221,2.4126
20260619 110459 303,4166.50,1,4166.30,4166.60,0.30,4166.30,4,4166.20,2,4166.10,5,4166.00,4,4165.90,3,4165.80,3,4165.70,4,4165.60,5,4165.50,10,4165.40,11,4166.60,3,4166.70,4,4166.80,4,4166.90,5,4167.00,5,4167.10,2,4167.20,10,4167.30,12,4167.40,11,4167.50,12,Sell,59,75,134,-16.00,7.00,-22.00,1.70,5.9,4166.60,4167.80,4166.10,4166.50,64,70,134,-6.00,3.00,-17.00,1.40,7.1,-12,66,1.8333,0.3750,-151.00,-165.00,4174.81,-0.7959,DOWN,215.40,0.6221,2.4126
20260619 110500 030,4166.60,1,4166.60,4166.80,0.20,4166.30,4,4166.20,2,4166.10,5,4166.00,4,4165.90,3,4165.80,3,4165.70,4,4165.60,5,4165.50,10,4165.40,11,4166.60,3,4166.70,4,4166.80,4,4166.90,5,4167.00,5,4167.10,2,4167.20,10,4167.30,12,4167.40,11,4167.50,12,Buy,1,0,1,1.00,1.00,1.00,0.00,0.0,4166.60,4166.60,4166.60,4166.60,59,75,134,-16.00,7.00,-22.00,1.70,5.9,0,87,0.3750,0.0000,-111.00,-166.00,4174.82,-0.7927,DOWN,213.25,0.6284,2.2475
20260619 110500 030,4166.60,1,4166.60,4166.80,0.20,4166.60,3,4166.40,7,4166.30,5,4166.20,2,4166.10,5,4166.00,4,4165.90,2,4165.80,3,4165.70,11,4165.60,12,4166.80,1,4166.90,3,4167.00,5,4167.10,3,4167.20,4,4167.30,6,4167.40,5,4167.50,6,4167.60,12,4167.70,11,Buy,2,0,2,2.00,2.00,1.00,0.00,0.0,4166.60,4166.60,4166.60,4166.60,59,75,134,-16.00,7.00,-22.00,1.70,5.9,0,87,0.3750,0.0000,-110.00,-165.00,4174.82,-0.7927,DOWN,213.25,0.6284,2.2475
20260619 110500 030,4166.60,1,4166.60,4166.80,0.20,4166.60,3,4166.40,7,4166.30,5,4166.20,2,4166.10,5,4166.00,4,4165.90,2,4165.80,3,4165.70,11,4165.60,12,4166.80,1,4166.90,3,4167.00,5,4167.10,3,4167.20,4,4167.30,6,4167.40,5,4167.50,6,4167.60,12,4167.70,11,Buy,3,0,3,3.00,3.00,1.00,0.00,0.0,4166.60,4166.60,4166.60,4166.60,59,75,134,-16.00,7.00,-22.00,1.70,5.9,0,87,0.3750,0.0000,-109.00,-164.00,4174.82,-0.7927,DOWN,213.25,0.6284,2.2475
20260619 110500 031,4166.70,1,4166.60,4166.80,0.20,4166.60,3,4166.40,7,4166.30,5,4166.20,2,4166.10,5,4166.00,4,4165.90,2,4165.80,3,4165.70,11,4165.60,12,4166.80,1,4166.90,3,4167.00,5,4167.10,3,4167.20,4,4167.30,6,4167.40,5,4167.50,6,4167.60,12,4167.70,11,Buy,4,0,4,4.00,4.00,1.00,0.10,100.0,4166.60,4166.70,4166.60,4166.70,59,75,134,-16.00,7.00,-22.00,1.70,5.9,0,87,0.3750,0.0000,-108.00,-163.00,4174.83,-0.7895,DOWN,213.25,0.6284,2.2546
20260619 110500 031,4166.70,1,4166.60,4166.80,0.20,4166.60,3,4166.40,7,4166.30,5,4166.20,2,4166.10,5,4166.00,4,4165.90,2,4165.80,3,4165.70,11,4165.60,12,4166.80,1,4166.90,3,4167.00,5,4167.10,3,4167.20,4,4167.30,6,4167.40,5,4167.50,6,4167.60,12,4167.70,11,Buy,5,0,5,5.00,5.00,1.00,0.10,100.0,4166.60,4166.70,4166.60,4166.70,59,75,134,-16.00,7.00,-22.00,1.70,5.9,0,87,0.3750,0.0000,-107.00,-162.00,4174.83,-0.7895,DOWN,213.25,0.6284,2.2546
20260619 110500 031,4166.70,1,4166.60,4166.80,0.20,4166.60,3,4166.40,7,4166.30,5,4166.20,2,4166.10,5,4166.00,4,4165.90,2,4165.80,3,4165.70,11,4165.60,12,4166.80,1,4166.90,3,4167.00,5,4167.10,3,4167.20,4,4167.30,6,4167.40,5,4167.50,6,4167.60,12,4167.70,11,Buy,6,0,6,6.00,6.00,1.00,0.10,100.0,4166.60,4166.70,4166.60,4166.70,59,75,134,-16.00,7.00,-22.00,1.70,5.9,0,87,0.3750,0.0000,-106.00,-161.00,4174.83,-0.7895,DOWN,213.25,0.6284,2.2546
20260619 110500 031,4166.70,1,4166.60,4166.80,0.20,4166.60,3,4166.40,7,4166.30,5,4166.20,2,4166.10,5,4166.00,4,4165.90,2,4165.80,3,4165.70,11,4165.60,12,4166.80,1,4166.90,3,4167.00,5,4167.10,3,4167.20,4,4167.30,6,4167.40,5,4167.50,6,4167.60,12,4167.70,11,Buy,7,0,7,7.00,7.00,1.00,0.10,100.0,4166.60,4166.70,4166.60,4166.70,59,75,134,-16.00,7.00,-22.00,1.70,5.9,0,87,0.3750,0.0000,-105.00,-160.00,4174.83,-0.7895,DOWN,213.25,0.6284,2.2546
20260619 110500 033,4166.80,1,4166.60,4166.80,0.20,4166.60,3,4166.40,7,4166.30,5,4166.20,2,4166.10,5,4166.00,4,4165.90,2,4165.80,3,4165.70,11,4165.60,12,4166.80,1,4166.90,3,4167.00,5,4167.10,3,4167.20,4,4167.30,6,4167.40,5,4167.50,6,4167.60,12,4167.70,11,Buy,8,0,8,8.00,8.00,1.00,0.20,100.0,4166.60,4166.80,4166.60,4166.80,59,75,134,-16.00,7.00,-22.00,1.70,5.9,0,87,0.3750,0.0000,-104.00,-159.00,4174.84,-0.7863,DOWN,213.25,0.6284,2.2617
20260619 110500 033,4166.80,1,4166.60,4166.80,0.20,4166.60,3,4166.40,7,4166.30,5,4166.20,2,4166.10,5,4166.00,4,4165.90,2,4165.80,3,4165.70,11,4165.60,12,4166.80,1,4166.90,3,4167.00,5,4167.10,3,4167.20,4,4167.30,6,4167.40,5,4167.50,6,4167.60,12,4167.70,11,Buy,9,0,9,9.00,9.00,1.00,0.20,100.0,4166.60,4166.80,4166.60,4166.80,59,75,134,-16.00,7.00,-22.00,1.70,5.9,0,87,0.3750,0.0000,-103.00,-158.00,4174.84,-0.7863,DOWN,213.25,0.6284,2.2617
20260619 110500 033,4166.80,1,4166.60,4166.80,0.20,4166.60,3,4166.40,7,4166.30,5,4166.20,2,4166.10,5,4166.00,4,4165.90,2,4165.80,3,4165.70,11,4165.60,12,4166.80,1,4166.90,3,4167.00,5,4167.10,3,4167.20,4,4167.30,6,4167.40,5,4167.50,6,4167.60,12,4167.70,11,Buy,10,0,10,10.00,10.00,1.00,0.20,100.0,4166.60,4166.80,4166.60,4166.80,59,75,134,-16.00,7.00,-22.00,1.70,5.9,0,87,0.3750,0.0000,-102.00,-157.00,4174.84,-0.7863,DOWN,213.25,0.6284,2.2617
20260619 110500 037,4166.70,1,4166.60,4166.80,0.20,4166.60,3,4166.40,7,4166.30,5,4166.20,2,4166.10,5,4166.00,4,4165.90,2,4165.80,3,4165.70,11,4165.60,12,4166.80,1,4166.90,3,4167.00,5,4167.10,3,4167.20,4,4167.30,6,4167.40,5,4167.50,6,4167.60,12,4167.70,11,Buy,11,0,11,11.00,11.00,1.00,0.20,50.0,4166.60,4166.80,4166.60,4166.70,59,75,134,-16.00,7.00,-22.00,1.70,5.9,0,87,0.3750,0.0000,-101.00,-156.00,4174.83,-0.7895,DOWN,213.25,0.6284,2.2617
20260619 110500 048,4166.80,1,4166.60,4166.80,0.20,4166.60,3,4166.40,7,4166.30,5,4166.20,2,4166.10,5,4166.00,4,4165.90,2,4165.80,3,4165.70,11,4165.60,12,4166.80,1,4166.90,3,4167.00,5,4167.10,3,4167.20,4,4167.30,6,4167.40,5,4167.50,6,4167.60,12,4167.70,11,Buy,12,0,12,12.00,12.00,1.00,0.20,100.0,4166.60,4166.80,4166.60,4166.80,59,75,134,-16.00,7.00,-22.00,1.70,5.9,0,87,0.3750,0.0000,-100.00,-155.00,4174.84,-0.7863,DOWN,213.25,0.6284,2.2617
20260619 110500 555,4166.80,1,4166.60,4166.90,0.30,4166.60,2,4166.50,4,4166.40,5,4166.30,5,4166.20,3,4166.10,5,4166.00,4,4165.90,3,4165.80,3,4165.70,11,4166.90,3,4167.00,5,4167.10,3,4167.20,3,4167.30,6,4167.40,5,4167.50,6,4167.60,12,4167.70,11,4167.80,12,Buy,13,0,13,13.00,13.00,1.00,0.20,100.0,4166.60,4166.80,4166.60,4166.80,59,75,134,-16.00,7.00,-22.00,1.70,5.9,0,87,0.3750,0.0000,-99.00,-154.00,4174.84,-0.7863,DOWN,213.25,0.6284,2.2617
20260619 110500 693,4166.60,1,4166.60,4166.80,0.20,4166.60,2,4166.50,5,4166.40,6,4166.30,5,4166.20,3,4166.10,6,4166.00,4,4165.90,3,4165.80,3,4165.70,11,4166.80,1,4166.90,3,4167.00,4,4167.10,3,4167.20,4,4167.30,6,4167.40,5,4167.50,6,4167.60,12,4167.70,11,Sell,13,1,14,12.00,13.00,1.00,0.20,0.0,4166.60,4166.80,4166.60,4166.60,59,75,134,-16.00,7.00,-22.00,1.70,5.9,0,87,0.3750,0.0833,-100.00,-155.00,4174.82,-0.7927,DOWN,213.25,0.6284,2.2617
20260619 110500 693,4166.60,1,4166.60,4166.80,0.20,4166.60,2,4166.50,5,4166.40,6,4166.30,5,4166.20,3,4166.10,6,4166.00,4,4165.90,3,4165.80,3,4165.70,11,4166.80,1,4166.90,3,4167.00,4,4167.10,3,4167.20,4,4167.30,6,4167.40,5,4167.50,6,4167.60,12,4167.70,11,Sell,13,2,15,11.00,13.00,1.00,0.20,0.0,4166.60,4166.80,4166.60,4166.60,59,75,134,-16.00,7.00,-22.00,1.70,5.9,0,87,0.3750,0.1818,-101.00,-156.00,4174.82,-0.7927,DOWN,213.25,0.6284,2.2617
20260619 110500 693,4166.60,1,4166.60,4166.80,0.20,4166.60,2,4166.50,5,4166.40,6,4166.30,5,4166.20,3,4166.10,6,4166.00,4,4165.90,3,4165.80,3,4165.70,11,4166.80,1,4166.90,3,4167.00,4,4167.10,3,4167.20,4,4167.30,6,4167.40,5,4167.50,6,4167.60,12,4167.70,11,Sell,13,3,16,10.00,13.00,1.00,0.20,0.0,4166.60,4166.80,4166.60,4166.60,59,75,134,-16.00,7.00,-22.00,1.70,5.9,0,87,0.3750,0.3000,-102.00,-157.00,4174.82,-0.7927,DOWN,213.25,0.6284,2.2617
20260619 110500 693,4166.50,1,4166.60,4166.80,0.20,4166.60,2,4166.50,5,4166.40,6,4166.30,5,4166.20,3,4166.10,6,4166.00,4,4165.90,3,4165.80,3,4165.70,11,4166.80,1,4166.90,3,4167.00,4,4167.10,3,4167.20,4,4167.30,6,4167.40,5,4167.50,6,4167.60,12,4167.70,11,Sell,13,4,17,9.00,13.00,1.00,0.30,33.3,4166.60,4166.80,4166.50,4166.50,59,75,134,-16.00,7.00,-22.00,1.70,5.9,0,87,0.3750,0.4444,-103.00,-158.00,4174.81,-0.7959,DOWN,213.25,0.6284,2.2617
20260619 110501 233,4166.60,1,4166.60,4166.80,0.20,4166.60,4,4166.50,6,4166.40,6,4166.30,5,4166.20,3,4166.10,6,4166.00,4,4165.90,3,4165.80,3,4165.70,11,4166.80,1,4166.90,3,4167.00,4,4167.10,3,4167.20,4,4167.30,6,4167.40,5,4167.50,6,4167.60,12,4167.70,11,Sell,13,5,18,8.00,13.00,1.00,0.30,0.0,4166.60,4166.80,4166.50,4166.60,59,75,134,-16.00,7.00,-22.00,1.70,5.9,0,87,0.3750,0.6250,-104.00,-159.00,4174.82,-0.7927,DOWN,213.25,0.6284,2.2617
20260619 110501 233,4166.60,1,4166.60,4166.80,0.20,4166.60,4,4166.50,6,4166.40,6,4166.30,5,4166.20,3,4166.10,6,4166.00,4,4165.90,3,4165.80,3,4165.70,11,4166.80,1,4166.90,3,4167.00,4,4167.10,3,4167.20,4,4167.30,6,4167.40,5,4167.50,6,4167.60,12,4167.70,11,Sell,13,6,19,7.00,13.00,1.00,0.30,0.0,4166.60,4166.80,4166.50,4166.60,59,75,134,-16.00,7.00,-22.00,1.70,5.9,0,87,0.3750,0.8571,-105.00,-160.00,4174.82,-0.7927,DOWN,213.25,0.6284,2.2617
20260619 110501 571,4166.90,1,4166.80,4166.90,0.10,4166.80,3,4166.70,2,4166.60,4,4166.50,5,4166.40,5,4166.30,5,4166.20,3,4166.10,6,4166.00,4,4165.90,10,4167.00,1,4167.10,2,4167.20,3,4167.30,5,4167.40,5,4167.50,6,4167.60,6,4167.70,11,4167.80,12,4167.90,9,Buy,14,6,20,8.00,13.00,1.00,0.40,75.0,4166.60,4166.90,4166.50,4166.90,59,75,134,-16.00,7.00,-22.00,1.70,5.9,0,87,0.3750,0.6250,-104.00,-159.00,4174.85,-0.7832,DOWN,213.25,0.6284,2.2689
20260619 110502 584,4167.10,1,4167.30,4167.50,0.20,4167.30,1,4167.20,4,4167.10,4,4167.00,5,4166.90,5,4166.80,4,4166.70,4,4166.60,5,4166.50,5,4166.40,12,4167.50,3,4167.60,5,4167.70,8,4167.80,4,4167.90,3,4168.00,5,4168.10,5,4168.20,5,4168.30,12,4168.40,13,Buy,15,6,21,9.00,13.00,1.00,0.60,83.3,4166.60,4167.10,4166.50,4167.10,59,75,134,-16.00,7.00,-22.00,1.70,5.9,0,87,0.3750,0.4444,-103.00,-158.00,4174.87,-0.7768,DOWN,213.25,0.6284,2.2832
20260619 110502 584,4167.10,1,4167.30,4167.50,0.20,4167.30,1,4167.20,4,4167.10,4,4167.00,5,4166.90,5,4166.80,4,4166.70,4,4166.60,5,4166.50,5,4166.40,12,4167.50,3,4167.60,5,4167.70,8,4167.80,4,4167.90,3,4168.00,5,4168.10,5,4168.20,5,4168.30,12,4168.40,13,Buy,16,6,22,10.00,13.00,1.00,0.60,83.3,4166.60,4167.10,4166.50,4167.10,59,75,134,-16.00,7.00,-22.00,1.70,5.9,0,87,0.3750,0.3000,-102.00,-157.00,4174.87,-0.7768,DOWN,213.25,0.6284,2.2832
20260619 110502 584,4167.10,1,4167.30,4167.50,0.20,4167.30,1,4167.20,4,4167.10,4,4167.00,5,4166.90,5,4166.80,4,4166.70,4,4166.60,5,4166.50,5,4166.40,12,4167.50,3,4167.60,5,4167.70,8,4167.80,4,4167.90,3,4168.00,5,4168.10,5,4168.20,5,4168.30,12,4168.40,13,Buy,17,6,23,11.00,13.00,1.00,0.60,83.3,4166.60,4167.10,4166.50,4167.10,59,75,134,-16.00,7.00,-22.00,1.70,5.9,0,87,0.3750,0.1818,-101.00,-156.00,4174.87,-0.7768,DOWN,213.25,0.6284,2.2832
20260619 110502 606,4167.50,1,4167.30,4167.50,0.20,4167.30,1,4167.20,4,4167.10,4,4167.00,5,4166.90,5,4166.80,4,4166.70,4,4166.60,5,4166.50,5,4166.40,12,4167.50,3,4167.60,5,4167.70,8,4167.80,4,4167.90,3,4168.00,5,4168.10,5,4168.20,5,4168.30,12,4168.40,13,Buy,18,6,24,12.00,13.00,1.00,1.00,90.0,4166.60,4167.50,4166.50,4167.50,59,75,134,-16.00,7.00,-22.00,1.70,5.9,0,87,0.3750,0.0833,-100.00,-155.00,4174.91,-0.7641,DOWN,213.25,0.6284,2.3117
20260619 110502 684,4167.30,1,4167.30,4167.50,0.20,4167.30,2,4167.20,4,4167.10,4,4167.00,5,4166.90,5,4166.80,4,4166.70,4,4166.60,5,4166.50,5,4166.40,12,4167.50,1,4167.60,4,4167.70,6,4167.80,4,4167.90,3,4168.00,5,4168.10,5,4168.20,5,4168.30,12,4168.40,13,Sell,18,7,25,11.00,13.00,1.00,1.00,70.0,4166.60,4167.50,4166.50,4167.30,59,75,134,-16.00,7.00,-22.00,1.70,5.9,0,87,0.3750,0.1818,-101.00,-156.00,4174.89,-0.7705,DOWN,213.25,0.6284,2.3117
20260619 110502 983,4167.60,6,4167.50,4167.80,0.30,4167.50,2,4167.40,3,4167.30,6,4167.20,4,4167.10,5,4167.00,6,4166.90,6,4166.80,4,4166.70,11,4166.60,11,4167.80,3,4167.90,2,4168.00,5,4168.10,5,4168.20,5,4168.30,6,4168.40,13,4168.50,10,4168.60,9,4168.70,10,Buy,24,7,31,17.00,17.00,1.00,1.10,90.9,4166.60,4167.60,4166.50,4167.60,59,75,134,-16.00,7.00,-22.00,1.70,5.9,0,87,0.3750,0.0000,-95.00,-150.00,4174.92,-0.7609,DOWN,213.25,0.6284,2.3189
20260619 110503 650,4167.50,1,4167.40,4167.60,0.20,4167.40,2,4167.30,3,4167.20,3,4167.10,4,4167.00,6,4166.90,6,4166.80,4,4166.70,11,4166.60,11,4166.50,12,4167.60,2,4167.70,4,4167.80,6,4167.90,3,4168.00,6,4168.10,6,4168.20,5,4168.30,6,4168.40,13,4168.50,10,Sell,24,8,32,16.00,17.00,1.00,1.10,81.8,4166.60,4167.60,4166.50,4167.50,59,75,134,-16.00,7.00,-22.00,1.70,5.9,0,87,0.3750,0.0625,-96.00,-151.00,4174.91,-0.7641,DOWN,213.25,0.6284,2.3189
20260619 110503 650,4167.50,1,4167.40,4167.60,0.20,4167.40,2,4167.30,3,4167.20,3,4167.10,4,4167.00,6,4166.90,6,4166.80,4,4166.70,11,4166.60,11,4166.50,12,4167.60,2,4167.70,4,4167.80,6,4167.90,3,4168.00,6,4168.10,6,4168.20,5,4168.30,6,4168.40,13,4168.50,10,Sell,24,9,33,15.00,17.00,1.00,1.10,81.8,4166.60,4167.60,4166.50,4167.50,59,75,134,-16.00,7.00,-22.00,1.70,5.9,0,87,0.3750,0.1333,-97.00,-152.00,4174.91,-0.7641,DOWN,213.25,0.6284,2.3189
20260619 110503 651,4167.40,1,4167.40,4167.60,0.20,4167.40,2,4167.30,3,4167.20,3,4167.10,4,4167.00,6,4166.90,6,4166.80,4,4166.70,11,4166.60,11,4166.50,12,4167.60,2,4167.70,4,4167.80,6,4167.90,3,4168.00,6,4168.10,6,4168.20,5,4168.30,6,4168.40,13,4168.50,10,Sell,24,10,34,14.00,17.00,1.00,1.10,72.7,4166.60,4167.60,4166.50,4167.40,59,75,134,-16.00,7.00,-22.00,1.70,5.9,0,87,0.3750,0.2143,-98.00,-153.00,4174.90,-0.7673,DOWN,213.25,0.6284,2.3189
20260619 110503 653,4167.50,1,4167.40,4167.60,0.20,4167.40,2,4167.30,3,4167.20,3,4167.10,4,4167.00,6,4166.90,6,4166.80,4,4166.70,11,4166.60,11,4166.50,12,4167.60,2,4167.70,4,4167.80,6,4167.90,3,4168.00,6,4168.10,6,4168.20,5,4168.30,6,4168.40,13,4168.50,10,Buy,25,10,35,15.00,17.00,1.00,1.10,81.8,4166.60,4167.60,4166.50,4167.50,59,75,134,-16.00,7.00,-22.00,1.70,5.9,0,87,0.3750,0.1333,-97.00,-152.00,4174.91,-0.7641,DOWN,213.25,0.6284,2.3189
20260619 110503 689,4167.40,1,4167.40,4167.60,0.20,4167.40,2,4167.30,3,4167.20,3,4167.10,4,4167.00,6,4166.90,6,4166.80,4,4166.70,11,4166.60,11,4166.50,12,4167.60,2,4167.70,4,4167.80,6,4167.90,3,4168.00,6,4168.10,6,4168.20,5,4168.30,6,4168.40,13,4168.50,10,Sell,25,11,36,14.00,17.00,1.00,1.10,72.7,4166.60,4167.60,4166.50,4167.40,59,75,134,-16.00,7.00,-22.00,1.70,5.9,0,87,0.3750,0.2143,-98.00,-153.00,4174.90,-0.7673,DOWN,213.25,0.6284,2.3189
20260619 110503 690,4167.40,1,4167.40,4167.60,0.20,4167.40,2,4167.30,3,4167.20,3,4167.10,4,4167.00,6,4166.90,6,4166.80,4,4166.70,11,4166.60,11,4166.50,12,4167.60,2,4167.70,4,4167.80,6,4167.90,3,4168.00,6,4168.10,6,4168.20,5,4168.30,6,4168.40,13,4168.50,10,Sell,25,12,37,13.00,17.00,1.00,1.10,72.7,4166.60,4167.60,4166.50,4167.40,59,75,134,-16.00,7.00,-22.00,1.70,5.9,0,87,0.3750,0.3077,-99.00,-154.00,4174.90,-0.7673,DOWN,213.25,0.6284,2.3189
20260619 110504 630,4167.40,1,4167.40,4167.60,0.20,4167.40,2,4167.30,3,4167.20,4,4167.10,3,4167.00,6,4166.90,6,4166.80,4,4166.70,11,4166.60,11,4166.50,12,4167.60,2,4167.70,2,4167.80,5,4167.90,3,4168.00,6,4168.10,6,4168.20,5,4168.30,12,4168.40,13,4168.50,10,Sell,25,13,38,12.00,17.00,1.00,1.10,72.7,4166.60,4167.60,4166.50,4167.40,59,75,134,-16.00,7.00,-22.00,1.70,5.9,0,87,0.3750,0.4167,-100.00,-155.00,4174.90,-0.7673,DOWN,213.25,0.6284,2.3189
20260619 110504 630,4167.40,1,4167.40,4167.60,0.20,4167.40,2,4167.30,3,4167.20,4,4167.10,3,4167.00,6,4166.90,6,4166.80,4,4166.70,11,4166.60,11,4166.50,12,4167.60,2,4167.70,2,4167.80,5,4167.90,3,4168.00,6,4168.10,6,4168.20,5,4168.30,12,4168.40,13,4168.50,10,Sell,25,14,39,11.00,17.00,1.00,1.10,72.7,4166.60,4167.60,4166.50,4167.40,59,75,134,-16.00,7.00,-22.00,1.70,5.9,0,87,0.3750,0.5455,-101.00,-156.00,4174.90,-0.7673,DOWN,213.25,0.6284,2.3189
20260619 110504 631,4167.30,1,4167.40,4167.60,0.20,4167.40,2,4167.30,3,4167.20,4,4167.10,3,4167.00,6,4166.90,6,4166.80,4,4166.70,11,4166.60,11,4166.50,12,4167.60,2,4167.70,2,4167.80,5,4167.90,3,4168.00,6,4168.10,6,4168.20,5,4168.30,12,4168.40,13,4168.50,10,Sell,25,15,40,10.00,17.00,1.00,1.10,63.6,4166.60,4167.60,4166.50,4167.30,59,75,134,-16.00,7.00,-22.00,1.70,5.9,0,87,0.3750,0.7000,-102.00,-157.00,4174.89,-0.7705,DOWN,213.25,0.6284,2.3189
20260619 110504 647,4167.40,1,4167.40,4167.60,0.20,4167.40,2,4167.30,3,4167.20,4,4167.10,3,4167.00,6,4166.90,6,4166.80,4,4166.70,11,4166.60,11,4166.50,12,4167.60,2,4167.70,2,4167.80,5,4167.90,3,4168.00,6,4168.10,6,4168.20,5,4168.30,12,4168.40,13,4168.50,10,Buy,26,15,41,11.00,17.00,1.00,1.10,72.7,4166.60,4167.60,4166.50,4167.40,59,75,134,-16.00,7.00,-22.00,1.70,5.9,0,87,0.3750,0.5455,-101.00,-156.00,4174.90,-0.7673,DOWN,213.25,0.6284,2.3189
20260619 110504 647,4167.40,1,4167.40,4167.60,0.20,4167.40,2,4167.30,3,4167.20,4,4167.10,3,4167.00,6,4166.90,6,4166.80,4,4166.70,11,4166.60,11,4166.50,12,4167.60,2,4167.70,2,4167.80,5,4167.90,3,4168.00,6,4168.10,6,4168.20,5,4168.30,12,4168.40,13,4168.50,10,Buy,27,15,42,12.00,17.00,1.00,1.10,72.7,4166.60,4167.60,4166.50,4167.40,59,75,134,-16.00,7.00,-22.00,1.70,5.9,0,87,0.3750,0.4167,-100.00,-155.00,4174.90,-0.7673,DOWN,213.25,0.6284,2.3189
20260619 110505 526,4167.40,1,4167.30,4167.50,0.20,4167.30,2,4167.20,3,4167.10,3,4167.00,6,4166.90,6,4166.80,4,4166.70,11,4166.60,11,4166.50,12,4166.40,12,4167.50,3,4167.60,4,4167.70,3,4167.80,5,4167.90,3,4168.00,6,4168.10,6,4168.20,5,4168.30,6,4168.40,13,Sell,27,16,43,11.00,17.00,1.00,1.10,72.7,4166.60,4167.60,4166.50,4167.40,59,75,134,-16.00,7.00,-22.00,1.70,5.9,0,87,0.3750,0.5455,-101.00,-156.00,4174.90,-0.7673,DOWN,213.25,0.6284,2.3189
20260619 110505 526,4167.30,1,4167.30,4167.50,0.20,4167.30,2,4167.20,3,4167.10,3,4167.00,6,4166.90,6,4166.80,4,4166.70,11,4166.60,11,4166.50,12,4166.40,12,4167.50,3,4167.60,4,4167.70,3,4167.80,5,4167.90,3,4168.00,6,4168.10,6,4168.20,5,4168.30,6,4168.40,13,Sell,27,17,44,10.00,17.00,1.00,1.10,63.6,4166.60,4167.60,4166.50,4167.30,59,75,134,-16.00,7.00,-22.00,1.70,5.9,0,87,0.3750,0.7000,-102.00,-157.00,4174.89,-0.7705,DOWN,213.25,0.6284,2.3189
20260619 110505 526,4167.20,1,4167.30,4167.50,0.20,4167.30,2,4167.20,3,4167.10,3,4167.00,6,4166.90,6,4166.80,4,4166.70,11,4166.60,11,4166.50,12,4166.40,12,4167.50,3,4167.60,4,4167.70,3,4167.80,5,4167.90,3,4168.00,6,4168.10,6,4168.20,5,4168.30,6,4168.40,13,Sell,27,18,45,9.00,17.00,1.00,1.10,54.5,4166.60,4167.60,4166.50,4167.20,59,75,134,-16.00,7.00,-22.00,1.70,5.9,0,87,0.3750,0.8889,-103.00,-158.00,4174.88,-0.7736,DOWN,213.25,0.6284,2.3189
20260619 110506 488,4167.30,1,4167.20,4167.50,0.30,4167.20,3,4167.10,3,4167.00,6,4166.90,6,4166.80,4,4166.70,11,4166.60,11,4166.50,12,4166.40,12,4166.30,13,4167.50,3,4167.60,3,4167.70,3,4167.80,5,4167.90,3,4168.00,6,4168.10,6,4168.20,5,4168.30,6,4168.40,13,Sell,27,19,46,8.00,17.00,1.00,1.10,63.6,4166.60,4167.60,4166.50,4167.30,59,75,134,-16.00,7.00,-22.00,1.70,5.9,0,87,0.3750,1.1250,-104.00,-159.00,4174.89,-0.7705,DOWN,213.25,0.6284,2.3189
20260619 110506 843,4167.20,1,4167.20,4167.50,0.30,4167.20,3,4167.10,3,4167.00,6,4166.90,6,4166.80,4,4166.70,11,4166.60,11,4166.50,12,4166.40,12,4166.30,13,4167.50,3,4167.60,3,4167.70,3,4167.80,5,4167.90,3,4168.00,6,4168.10,6,4168.20,5,4168.30,6,4168.40,13,Sell,27,20,47,7.00,17.00,1.00,1.10,54.5,4166.60,4167.60,4166.50,4167.20,59,75,134,-16.00,7.00,-22.00,1.70,5.9,0,87,0.3750,1.4286,-105.00,-160.00,4174.88,-0.7736,DOWN,213.25,0.6284,2.3189
20260619 110506 843,4167.20,1,4167.20,4167.50,0.30,4167.20,3,4167.10,3,4167.00,6,4166.90,6,4166.80,4,4166.70,11,4166.60,11,4166.50,12,4166.40,12,4166.30,13,4167.50,3,4167.60,3,4167.70,3,4167.80,5,4167.90,3,4168.00,6,4168.10,6,4168.20,5,4168.30,6,4168.40,13,Sell,27,21,48,6.00,17.00,1.00,1.10,54.5,4166.60,4167.60,4166.50,4167.20,59,75,134,-16.00,7.00,-22.00,1.70,5.9,0,87,0.3750,1.8333,-106.00,-161.00,4174.88,-0.7736,DOWN,213.25,0.6284,2.3189
20260619 110509 010,4167.10,1,4167.10,4167.40,0.30,4167.00,6,4166.90,5,4166.80,4,4166.70,4,4166.60,11,4166.50,12,4166.40,12,4166.30,13,4166.20,10,4166.10,12,4167.40,2,4167.50,3,4167.60,4,4167.70,3,4167.80,4,4167.90,4,4168.00,6,4168.10,12,4168.20,11,4168.30,12,Sell,27,22,49,5.00,17.00,1.00,1.10,45.5,4166.60,4167.60,4166.50,4167.10,59,75,134,-16.00,7.00,-22.00,1.70,5.9,0,87,0.3750,2.4000,-107.00,-162.00,4174.87,-0.7768,DOWN,213.25,0.6284,2.3189
20260619 110509 010,4167.10,1,4167.10,4167.40,0.30,4167.00,6,4166.90,5,4166.80,4,4166.70,4,4166.60,11,4166.50,12,4166.40,12,4166.30,13,4166.20,10,4166.10,12,4167.40,2,4167.50,3,4167.60,4,4167.70,3,4167.80,4,4167.90,4,4168.00,6,4168.10,12,4168.20,11,4168.30,12,Sell,27,23,50,4.00,17.00,1.00,1.10,45.5,4166.60,4167.60,4166.50,4167.10,59,75,134,-16.00,7.00,-22.00,1.70,5.9,0,87,0.3750,3.2500,-108.00,-163.00,4174.87,-0.7768,DOWN,213.25,0.6284,2.3189
20260619 110509 010,4167.10,1,4167.10,4167.40,0.30,4167.00,6,4166.90,5,4166.80,4,4166.70,4,4166.60,11,4166.50,12,4166.40,12,4166.30,13,4166.20,10,4166.10,12,4167.40,2,4167.50,3,4167.60,4,4167.70,3,4167.80,4,4167.90,4,4168.00,6,4168.10,12,4168.20,11,4168.30,12,Sell,27,24,51,3.00,17.00,1.00,1.10,45.5,4166.60,4167.60,4166.50,4167.10,59,75,134,-16.00,7.00,-22.00,1.70,5.9,0,87,0.3750,4.6667,-109.00,-164.00,4174.87,-0.7768,DOWN,213.25,0.6284,2.3189
20260619 110509 010,4167.10,1,4167.10,4167.40,0.30,4167.00,6,4166.90,5,4166.80,4,4166.70,4,4166.60,11,4166.50,12,4166.40,12,4166.30,13,4166.20,10,4166.10,12,4167.40,2,4167.50,3,4167.60,4,4167.70,3,4167.80,4,4167.90,4,4168.00,6,4168.10,12,4168.20,11,4168.30,12,Sell,27,25,52,2.00,17.00,1.00,1.10,45.5,4166.60,4167.60,4166.50,4167.10,59,75,134,-16.00,7.00,-22.00,1.70,5.9,0,87,0.3750,7.5000,-110.00,-165.00,4174.87,-0.7768,DOWN,213.25,0.6284,2.3189
20260619 110511 308,4167.00,1,4166.80,4167.10,0.30,4166.80,3,4166.70,3,4166.60,4,4166.50,5,4166.40,12,4166.30,13,4166.20,10,4166.10,12,4166.00,10,4165.90,11,4167.10,3,4167.20,3,4167.30,5,4167.40,2,4167.50,3,4167.60,4,4167.70,4,4167.80,5,4167.90,4,4168.00,6,Sell,27,26,53,1.00,17.00,1.00,1.10,36.4,4166.60,4167.60,4166.50,4167.00,59,75,134,-16.00,7.00,-22.00,1.70,5.9,0,87,0.3750,16.0000,-111.00,-166.00,4174.86,-0.7800,DOWN,213.25,0.6284,2.3189
20260619 110511 748,4167.00,1,4166.80,4167.10,0.30,4166.80,6,4166.70,3,4166.60,3,4166.50,4,4166.40,5,4166.30,6,4166.20,10,4166.10,12,4166.00,10,4165.90,11,4167.10,3,4167.20,3,4167.30,5,4167.40,2,4167.50,3,4167.60,4,4167.70,4,4167.80,5,4167.90,10,4168.00,12,Buy,28,26,54,2.00,17.00,1.00,1.10,36.4,4166.60,4167.60,4166.50,4167.00,59,75,134,-16.00,7.00,-22.00,1.70,5.9,0,87,0.3750,7.5000,-110.00,-165.00,4174.86,-0.7800,DOWN,213.25,0.6284,2.3189
20260619 110511 748,4167.10,1,4166.80,4167.10,0.30,4166.80,6,4166.70,3,4166.60,3,4166.50,4,4166.40,5,4166.30,6,4166.20,10,4166.10,12,4166.00,10,4165.90,11,4167.10,3,4167.20,3,4167.30,5,4167.40,2,4167.50,3,4167.60,4,4167.70,4,4167.80,5,4167.90,10,4168.00,12,Buy,29,26,55,3.00,17.00,1.00,1.10,45.5,4166.60,4167.60,4166.50,4167.10,59,75,134,-16.00,7.00,-22.00,1.70,5.9,0,87,0.3750,4.6667,-109.00,-164.00,4174.87,-0.7768,DOWN,213.25,0.6284,2.3189
20260619 110511 748,4167.10,1,4166.80,4167.10,0.30,4166.80,6,4166.70,3,4166.60,3,4166.50,4,4166.40,5,4166.30,6,4166.20,10,4166.10,12,4166.00,10,4165.90,11,4167.10,3,4167.20,3,4167.30,5,4167.40,2,4167.50,3,4167.60,4,4167.70,4,4167.80,5,4167.90,10,4168.00,12,Buy,30,26,56,4.00,17.00,1.00,1.10,45.5,4166.60,4167.60,4166.50,4167.10,59,75,134,-16.00,7.00,-22.00,1.70,5.9,0,87,0.3750,3.2500,-108.00,-163.00,4174.87,-0.7768,DOWN,213.25,0.6284,2.3189
20260619 110511 748,4167.10,1,4166.80,4167.10,0.30,4166.80,6,4166.70,3,4166.60,3,4166.50,4,4166.40,5,4166.30,6,4166.20,10,4166.10,12,4166.00,10,4165.90,11,4167.10,3,4167.20,3,4167.30,5,4167.40,2,4167.50,3,4167.60,4,4167.70,4,4167.80,5,4167.90,10,4168.00,12,Buy,31,26,57,5.00,17.00,1.00,1.10,45.5,4166.60,4167.60,4166.50,4167.10,59,75,134,-16.00,7.00,-22.00,1.70,5.9,0,87,0.3750,2.4000,-107.00,-162.00,4174.87,-0.7768,DOWN,213.25,0.6284,2.3189
20260619 110514 879,4166.70,1,4166.70,4166.90,0.20,4166.60,2,4166.50,4,4166.40,5,4166.30,6,4166.20,3,4166.10,5,4166.00,3,4165.90,11,4165.80,10,4165.70,11,4166.80,1,4166.90,2,4167.00,3,4167.10,2,4167.20,5,4167.30,5,4167.40,3,4167.50,4,4167.60,11,4167.70,11,Sell,31,27,58,4.00,17.00,1.00,1.10,9.1,4166.60,4167.60,4166.50,4166.70,59,75,134,-16.00,7.00,-22.00,1.70,5.9,0,87,0.3750,3.2500,-108.00,-163.00,4174.83,-0.7895,DOWN,213.25,0.6284,2.3189
20260619 110516 461,4166.50,1,4166.40,4166.60,0.20,4166.40,2,4166.30,4,4166.20,3,4166.10,5,4166.00,3,4165.90,4,4165.80,3,4165.70,11,4165.60,12,4165.50,10,4166.60,1,4166.70,4,4166.80,3,4166.90,5,4167.00,5,4167.10,4,4167.20,5,4167.30,6,4167.40,10,4167.50,10,Sell,31,28,59,3.00,17.00,1.00,1.10,9.1,4166.60,4167.60,4166.50,4166.50,59,75,134,-16.00,7.00,-22.00,1.70,5.9,0,87,0.3750,4.6667,-109.00,-164.00,4174.81,-0.7959,DOWN,213.25,0.6284,2.3189
20260619 110516 461,4166.50,1,4166.40,4166.60,0.20,4166.40,2,4166.30,4,4166.20,3,4166.10,5,4166.00,3,4165.90,4,4165.80,3,4165.70,11,4165.60,12,4165.50,10,4166.60,1,4166.70,4,4166.80,3,4166.90,5,4167.00,5,4167.10,4,4167.20,5,4167.30,6,4167.40,10,4167.50,10,Sell,31,29,60,2.00,17.00,1.00,1.10,9.1,4166.60,4167.60,4166.50,4166.50,59,75,134,-16.00,7.00,-22.00,1.70,5.9,0,87,0.3750,7.5000,-110.00,-165.00,4174.81,-0.7959,DOWN,213.25,0.6284,2.3189
20260619 110516 461,4166.50,1,4166.40,4166.60,0.20,4166.40,2,4166.30,4,4166.20,3,4166.10,5,4166.00,3,4165.90,4,4165.80,3,4165.70,11,4165.60,12,4165.50,10,4166.60,1,4166.70,4,4166.80,3,4166.90,5,4167.00,5,4167.10,4,4167.20,5,4167.30,6,4167.40,10,4167.50,10,Sell,31,30,61,1.00,17.00,1.00,1.10,9.1,4166.60,4167.60,4166.50,4166.50,59,75,134,-16.00,7.00,-22.00,1.70,5.9,0,87,0.3750,16.0000,-111.00,-166.00,4174.81,-0.7959,DOWN,213.25,0.6284,2.3189
20260619 110516 769,4166.70,1,4166.40,4166.70,0.30,4166.40,4,4166.30,4,4166.20,3,4166.10,5,4166.00,3,4165.90,4,4165.80,3,4165.70,11,4165.60,12,4165.50,10,4166.70,2,4166.80,3,4166.90,5,4167.00,5,4167.10,4,4167.20,5,4167.30,6,4167.40,10,4167.50,10,4167.60,11,Buy,32,30,62,2.00,17.00,1.00,1.10,9.1,4166.60,4167.60,4166.50,4166.70,59,75,134,-16.00,7.00,-22.00,1.70,5.9,0,87,0.3750,7.5000,-110.00,-165.00,4174.83,-0.7895,DOWN,213.25,0.6284,2.3189
20260619 110518 178,4166.90,1,4166.60,4166.90,0.30,4166.60,2,4166.50,5,4166.40,5,4166.30,3,4166.20,3,4166.10,5,4166.00,3,4165.90,4,4165.80,3,4165.70,11,4166.90,4,4167.00,5,4167.10,4,4167.20,4,4167.30,6,4167.40,10,4167.50,11,4167.60,11,4167.70,10,4167.80,10,Buy,33,30,63,3.00,17.00,1.00,1.10,27.3,4166.60,4167.60,4166.50,4166.90,59,75,134,-16.00,7.00,-22.00,1.70,5.9,0,87,0.3750,4.6667,-109.00,-164.00,4174.85,-0.7832,DOWN,213.25,0.6284,2.3189
20260619 110518 831,4166.60,3,4166.40,4166.70,0.30,4166.40,4,4166.30,4,4166.20,2,4166.10,5,4166.00,3,4165.90,4,4165.80,3,4165.70,11,4165.60,12,4165.50,10,4166.70,3,4166.80,4,4166.90,4,4167.00,5,4167.10,4,4167.20,5,4167.30,6,4167.40,10,4167.50,11,4167.60,11,Sell,33,33,66,0.00,17.00,0.00,1.10,0.0,4166.60,4167.60,4166.50,4166.60,59,75,134,-16.00,7.00,-22.00,1.70,5.9,0,87,0.3750,17.0000,-112.00,-167.00,4174.82,-0.7927,DOWN,213.25,0.6284,2.3189
20260619 110518 831,4166.60,1,4166.40,4166.70,0.30,4166.40,4,4166.30,4,4166.20,2,4166.10,5,4166.00,3,4165.90,4,4165.80,3,4165.70,11,4165.60,12,4165.50,10,4166.70,3,4166.80,4,4166.90,4,4167.00,5,4167.10,4,4167.20,5,4167.30,6,4167.40,10,4167.50,11,4167.60,11,Sell,33,34,67,-1.00,17.00,-1.00,1.10,0.0,4166.60,4167.60,4166.50,4166.60,59,75,134,-16.00,7.00,-22.00,1.70,5.9,0,87,0.3750,0.0000,-113.00,-168.00,4174.82,-0.7927,DOWN,213.25,0.6284,2.3189
20260619 110525 601,4166.30,1,4166.00,4166.20,0.20,4166.00,3,4165.90,4,4165.80,2,4165.70,4,4165.60,5,4165.50,3,4165.40,12,4165.30,9,4165.20,15,4165.10,9,4166.40,3,4166.50,3,4166.60,3,4166.70,3,4166.80,1,4166.90,3,4167.00,6,4167.10,11,4167.20,10,4167.30,11,Buy,34,34,68,0.00,17.00,-1.00,1.30,23.1,4166.60,4167.60,4166.30,4166.30,59,75,134,-16.00,7.00,-22.00,1.70,5.9,0,87,0.3750,17.0000,-112.00,-167.00,4174.80,-0.8022,DOWN,213.25,0.6284,2.3332
20260619 110525 601,4166.30,1,4166.00,4166.20,0.20,4166.00,3,4165.90,4,4165.80,2,4165.70,4,4165.60,5,4165.50,3,4165.40,12,4165.30,9,4165.20,15,4165.10,9,4166.40,3,4166.50,3,4166.60,3,4166.70,3,4166.80,1,4166.90,3,4167.00,6,4167.10,11,4167.20,10,4167.30,11,Buy,35,34,69,1.00,17.00,-1.00,1.30,23.1,4166.60,4167.60,4166.30,4166.30,59,75,134,-16.00,7.00,-22.00,1.70,5.9,0,87,0.3750,16.0000,-111.00,-166.00,4174.80,-0.8022,DOWN,213.25,0.6284,2.3332
20260619 110525 601,4166.30,1,4166.00,4166.20,0.20,4166.00,3,4165.90,4,4165.80,2,4165.70,4,4165.60,5,4165.50,3,4165.40,12,4165.30,9,4165.20,15,4165.10,9,4166.40,3,4166.50,3,4166.60,3,4166.70,3,4166.80,1,4166.90,3,4167.00,6,4167.10,11,4167.20,10,4167.30,11,Buy,36,34,70,2.00,17.00,-1.00,1.30,23.1,4166.60,4167.60,4166.30,4166.30,59,75,134,-16.00,7.00,-22.00,1.70,5.9,0,87,0.3750,7.5000,-110.00,-165.00,4174.80,-0.8022,DOWN,213.25,0.6284,2.3332
20260619 110525 601,4166.40,1,4166.00,4166.20,0.20,4166.00,3,4165.90,4,4165.80,2,4165.70,4,4165.60,5,4165.50,3,4165.40,12,4165.30,9,4165.20,15,4165.10,9,4166.40,3,4166.50,3,4166.60,3,4166.70,3,4166.80,1,4166.90,3,4167.00,6,4167.10,11,4167.20,10,4167.30,11,Buy,37,34,71,3.00,17.00,-1.00,1.30,15.4,4166.60,4167.60,4166.30,4166.40,59,75,134,-16.00,7.00,-22.00,1.70,5.9,0,87,0.3750,4.6667,-109.00,-164.00,4174.80,-0.7990,DOWN,213.25,0.6284,2.3332
20260619 110525 605,4166.20,1,4166.00,4166.20,0.20,4166.00,3,4165.90,4,4165.80,2,4165.70,4,4165.60,5,4165.50,3,4165.40,12,4165.30,9,4165.20,15,4165.10,9,4166.40,3,4166.50,3,4166.60,3,4166.70,3,4166.80,1,4166.90,3,4167.00,6,4167.10,11,4167.20,10,4167.30,11,Buy,38,34,72,4.00,17.00,-1.00,1.40,28.6,4166.60,4167.60,4166.20,4166.20,59,75,134,-16.00,7.00,-22.00,1.70,5.9,0,87,0.3750,3.2500,-108.00,-163.00,4174.79,-0.8054,DOWN,213.25,0.6284,2.3403
20260619 110525 605,4166.20,1,4166.00,4166.20,0.20,4166.00,3,4165.90,4,4165.80,2,4165.70,4,4165.60,5,4165.50,3,4165.40,12,4165.30,9,4165.20,15,4165.10,9,4166.40,3,4166.50,3,4166.60,3,4166.70,3,4166.80,1,4166.90,3,4167.00,6,4167.10,11,4167.20,10,4167.30,11,Buy,39,34,73,5.00,17.00,-1.00,1.40,28.6,4166.60,4167.60,4166.20,4166.20,59,75,134,-16.00,7.00,-22.00,1.70,5.9,0,87,0.3750,2.4000,-107.00,-162.00,4174.79,-0.8054,DOWN,213.25,0.6284,2.3403
20260619 110526 666,4166.10,1,4165.70,4165.90,0.20,4165.70,3,4165.60,4,4165.50,3,4165.40,7,4165.30,4,4165.20,15,4165.10,9,4165.00,11,4164.90,8,4164.80,10,4165.90,1,4166.00,4,4166.10,4,4166.20,3,4166.30,4,4166.40,5,4166.50,5,4166.60,4,4166.70,11,4166.80,8,Sell,39,35,74,4.00,17.00,-1.00,1.50,33.3,4166.60,4167.60,4166.10,4166.10,59,75,134,-16.00,7.00,-22.00,1.70,5.9,0,87,0.3750,3.2500,-108.00,-163.00,4174.78,-0.8086,DOWN,213.25,0.6284,2.3475
20260619 110526 668,4166.00,1,4165.70,4165.90,0.20,4165.70,3,4165.60,4,4165.50,3,4165.40,7,4165.30,4,4165.20,15,4165.10,9,4165.00,11,4164.90,8,4164.80,10,4165.90,1,4166.00,4,4166.10,4,4166.20,3,4166.30,4,4166.40,5,4166.50,5,4166.60,4,4166.70,11,4166.80,8,Sell,39,36,75,3.00,17.00,-1.00,1.60,37.5,4166.60,4167.60,4166.00,4166.00,59,75,134,-16.00,7.00,-22.00,1.70,5.9,0,87,0.3750,4.6667,-109.00,-164.00,4174.77,-0.8117,DOWN,213.25,0.6284,2.3546
20260619 110526 669,4165.90,1,4165.70,4165.90,0.20,4165.70,3,4165.60,4,4165.50,3,4165.40,7,4165.30,4,4165.20,15,4165.10,9,4165.00,11,4164.90,8,4164.80,10,4165.90,1,4166.00,4,4166.10,4,4166.20,3,4166.30,4,4166.40,5,4166.50,5,4166.60,4,4166.70,11,4166.80,8,Sell,39,37,76,2.00,17.00,-1.00,1.70,41.2,4166.60,4167.60,4165.90,4165.90,59,75,134,-16.00,7.00,-22.00,1.70,5.9,0,87,0.3750,7.5000,-110.00,-165.00,4174.76,-0.8149,DOWN,213.25,0.6284,2.3617
20260619 110527 598,4165.60,1,4165.60,4165.90,0.30,4165.60,4,4165.50,3,4165.40,7,4165.30,4,4165.20,10,4165.10,4,4165.00,6,4164.90,8,4164.80,10,4164.70,7,4165.90,4,4166.00,3,4166.10,4,4166.20,3,4166.30,4,4166.40,5,4166.50,5,4166.60,10,4166.70,11,4166.80,7,Sell,39,38,77,1.00,17.00,-1.00,2.00,50.0,4166.60,4167.60,4165.60,4165.60,59,75,134,-16.00,7.00,-22.00,1.70,5.9,0,87,0.3750,16.0000,-111.00,-166.00,4174.73,-0.8244,DOWN,213.25,0.6284,2.3832
20260619 110528 189,4165.90,1,4165.90,4166.10,0.20,4165.90,2,4165.80,4,4165.70,6,4165.60,3,4165.50,2,4165.40,7,4165.30,4,4165.20,10,4165.10,4,4165.00,6,4166.10,2,4166.20,3,4166.30,4,4166.40,6,4166.50,5,4166.60,4,4166.70,11,4166.80,7,4166.90,9,4167.00,12,Buy,40,38,78,2.00,17.00,-1.00,2.00,35.0,4166.60,4167.60,4165.60,4165.90,59,75,134,-16.00,7.00,-22.00,1.70,5.9,0,87,0.3750,7.5000,-110.00,-165.00,4174.76,-0.8149,DOWN,213.25,0.6284,2.3832
20260619 110528 189,4165.90,1,4165.90,4166.10,0.20,4165.90,2,4165.80,4,4165.70,6,4165.60,3,4165.50,2,4165.40,7,4165.30,4,4165.20,10,4165.10,4,4165.00,6,4166.10,2,4166.20,3,4166.30,4,4166.40,6,4166.50,5,4166.60,4,4166.70,11,4166.80,7,4166.90,9,4167.00,12,Buy,41,38,79,3.00,17.00,-1.00,2.00,35.0,4166.60,4167.60,4165.60,4165.90,59,75,134,-16.00,7.00,-22.00,1.70,5.9,0,87,0.3750,4.6667,-109.00,-164.00,4174.76,-0.8149,DOWN,213.25,0.6284,2.3832
20260619 110528 189,4165.90,1,4165.90,4166.10,0.20,4165.90,2,4165.80,4,4165.70,6,4165.60,3,4165.50,2,4165.40,7,4165.30,4,4165.20,10,4165.10,4,4165.00,6,4166.10,2,4166.20,3,4166.30,4,4166.40,6,4166.50,5,4166.60,4,4166.70,11,4166.80,7,4166.90,9,4167.00,12,Buy,42,38,80,4.00,17.00,-1.00,2.00,35.0,4166.60,4167.60,4165.60,4165.90,59,75,134,-16.00,7.00,-22.00,1.70,5.9,0,87,0.3750,3.2500,-108.00,-163.00,4174.76,-0.8149,DOWN,213.25,0.6284,2.3832
20260619 110528 189,4165.90,1,4165.90,4166.10,0.20,4165.90,2,4165.80,4,4165.70,6,4165.60,3,4165.50,2,4165.40,7,4165.30,4,4165.20,10,4165.10,4,4165.00,6,4166.10,2,4166.20,3,4166.30,4,4166.40,6,4166.50,5,4166.60,4,4166.70,11,4166.80,7,4166.90,9,4167.00,12,Buy,43,38,81,5.00,17.00,-1.00,2.00,35.0,4166.60,4167.60,4165.60,4165.90,59,75,134,-16.00,7.00,-22.00,1.70,5.9,0,87,0.3750,2.4000,-107.00,-162.00,4174.76,-0.8149,DOWN,213.25,0.6284,2.3832
20260619 110528 258,4166.00,1,4165.80,4166.00,0.20,4165.90,2,4165.80,4,4165.70,6,4165.60,3,4165.50,2,4165.40,7,4165.30,4,4165.20,10,4165.10,4,4165.00,6,4166.10,2,4166.20,3,4166.30,4,4166.40,6,4166.50,5,4166.60,4,4166.70,11,4166.80,7,4166.90,9,4167.00,12,Buy,44,38,82,6.00,17.00,-1.00,2.00,30.0,4166.60,4167.60,4165.60,4166.00,59,75,134,-16.00,7.00,-22.00,1.70,5.9,0,87,0.3750,1.8333,-106.00,-161.00,4174.77,-0.8117,DOWN,213.25,0.6284,2.3832
20260619 110529 045,4165.90,1,4165.80,4166.00,0.20,4165.80,2,4165.70,5,4165.60,5,4165.50,3,4165.40,7,4165.30,4,4165.20,10,4165.10,4,4165.00,6,4164.90,8,4166.00,1,4166.10,2,4166.20,3,4166.30,4,4166.40,5,4166.50,4,4166.60,4,4166.70,5,4166.80,7,4166.90,9,Sell,44,39,83,5.00,17.00,-1.00,2.00,35.0,4166.60,4167.60,4165.60,4165.90,59,75,134,-16.00,7.00,-22.00,1.70,5.9,0,87,0.3750,2.4000,-107.00,-162.00,4174.76,-0.8149,DOWN,213.25,0.6284,2.3832
20260619 110531 466,4165.90,1,4165.70,4165.90,0.20,4165.70,3,4165.60,5,4165.50,3,4165.40,7,4165.30,4,4165.20,10,4165.10,4,4165.00,6,4164.90,8,4164.80,10,4165.90,1,4166.00,4,4166.10,2,4166.20,3,4166.30,5,4166.40,5,4166.50,4,4166.60,10,4166.70,11,4166.80,7,Sell,44,40,84,4.00,17.00,-1.00,2.00,35.0,4166.60,4167.60,4165.60,4165.90,59,75,134,-16.00,7.00,-22.00,1.70,5.9,0,87,0.3750,3.2500,-108.00,-163.00,4174.76,-0.8149,DOWN,213.25,0.6284,2.3832
20260619 110531 466,4165.90,1,4165.70,4165.90,0.20,4165.70,3,4165.60,5,4165.50,3,4165.40,7,4165.30,4,4165.20,10,4165.10,4,4165.00,6,4164.90,8,4164.80,10,4165.90,1,4166.00,4,4166.10,2,4166.20,3,4166.30,5,4166.40,5,4166.50,4,4166.60,10,4166.70,11,4166.80,7,Sell,44,41,85,3.00,17.00,-1.00,2.00,35.0,4166.60,4167.60,4165.60,4165.90,59,75,134,-16.00,7.00,-22.00,1.70,5.9,0,87,0.3750,4.6667,-109.00,-164.00,4174.76,-0.8149,DOWN,213.25,0.6284,2.3832
20260619 110533 077,4165.70,1,4165.70,4165.90,0.20,4165.60,4,4165.50,2,4165.40,7,4165.30,4,4165.20,10,4165.10,4,4165.00,6,4164.90,8,4164.80,10,4164.70,7,4165.90,3,4166.00,3,4166.10,2,4166.20,3,4166.30,5,4166.40,5,4166.50,5,4166.60,10,4166.70,11,4166.80,7,Sell,44,42,86,2.00,17.00,-1.00,2.00,45.0,4166.60,4167.60,4165.60,4165.70,59,75,134,-16.00,7.00,-22.00,1.70,5.9,0,87,0.3750,7.5000,-110.00,-165.00,4174.74,-0.8213,DOWN,213.25,0.6284,2.3832
20260619 110534 353,4165.70,1,4165.60,4165.70,0.10,4165.60,3,4165.50,2,4165.40,7,4165.30,5,4165.20,10,4165.10,4,4165.00,6,4164.90,8,4164.80,10,4164.70,7,4165.80,4,4165.90,4,4166.00,2,4166.10,2,4166.20,3,4166.30,5,4166.40,5,4166.50,5,4166.60,10,4166.70,11,Buy,45,42,87,3.00,17.00,-1.00,2.00,45.0,4166.60,4167.60,4165.60,4165.70,59,75,134,-16.00,7.00,-22.00,1.70,5.9,0,87,0.3750,4.6667,-109.00,-164.00,4174.74,-0.8213,DOWN,213.25,0.6284,2.3832
20260619 110534 642,4165.60,1,4165.40,4165.70,0.30,4165.40,4,4165.30,5,4165.20,10,4165.10,4,4165.00,6,4164.90,8,4164.80,10,4164.70,7,4164.60,9,4164.50,8,4165.70,3,4165.80,4,4165.90,4,4166.00,1,4166.10,3,4166.20,3,4166.30,6,4166.40,12,4166.50,11,4166.60,10,Sell,45,43,88,2.00,17.00,-1.00,2.00,50.0,4166.60,4167.60,4165.60,4165.60,59,75,134,-16.00,7.00,-22.00,1.70,5.9,0,87,0.3750,7.5000,-110.00,-165.00,4174.73,-0.8244,DOWN,213.25,0.6284,2.3832
20260619 110534 642,4165.60,1,4165.40,4165.70,0.30,4165.40,4,4165.30,5,4165.20,10,4165.10,4,4165.00,6,4164.90,8,4164.80,10,4164.70,7,4164.60,9,4164.50,8,4165.70,3,4165.80,4,4165.90,4,4166.00,1,4166.10,3,4166.20,3,4166.30,6,4166.40,12,4166.50,11,4166.60,10,Sell,45,44,89,1.00,17.00,-1.00,2.00,50.0,4166.60,4167.60,4165.60,4165.60,59,75,134,-16.00,7.00,-22.00,1.70,5.9,0,87,0.3750,16.0000,-111.00,-166.00,4174.73,-0.8244,DOWN,213.25,0.6284,2.3832
20260619 110535 416,4165.40,1,4165.00,4165.30,0.30,4165.00,5,4164.90,2,4164.80,6,4164.70,3,4164.60,4,4164.50,3,4164.40,10,4164.30,9,4164.20,11,4164.10,9,4165.30,3,4165.40,4,4165.50,3,4165.60,4,4165.70,3,4165.80,5,4165.90,5,4166.00,3,4166.10,10,4166.20,11,Sell,45,45,90,0.00,17.00,-1.00,2.20,54.5,4166.60,4167.60,4165.40,4165.40,59,75,134,-16.00,7.00,-22.00,1.70,5.9,0,87,0.3750,17.0000,-112.00,-167.00,4174.71,-0.8308,DOWN,213.25,0.6284,2.3975
20260619 110535 417,4165.30,1,4165.00,4165.30,0.30,4165.00,5,4164.90,2,4164.80,6,4164.70,3,4164.60,4,4164.50,3,4164.40,10,4164.30,9,4164.20,11,4164.10,9,4165.30,3,4165.40,4,4165.50,3,4165.60,4,4165.70,3,4165.80,5,4165.90,5,4166.00,3,4166.10,10,4166.20,11,Sell,45,46,91,-1.00,17.00,-1.00,2.30,56.5,4166.60,4167.60,4165.30,4165.30,59,75,134,-16.00,7.00,-22.00,1.70,5.9,0,87,0.3750,0.0000,-113.00,-168.00,4174.70,-0.8340,DOWN,213.25,0.6284,2.4046
20260619 110535 417,4165.30,1,4165.00,4165.30,0.30,4165.00,5,4164.90,2,4164.80,6,4164.70,3,4164.60,4,4164.50,3,4164.40,10,4164.30,9,4164.20,11,4164.10,9,4165.30,3,4165.40,4,4165.50,3,4165.60,4,4165.70,3,4165.80,5,4165.90,5,4166.00,3,4166.10,10,4166.20,11,Sell,45,47,92,-2.00,17.00,-2.00,2.30,56.5,4166.60,4167.60,4165.30,4165.30,59,75,134,-16.00,7.00,-22.00,1.70,5.9,0,87,0.3750,0.0000,-114.00,-169.00,4174.70,-0.8340,DOWN,213.25,0.6284,2.4046
20260619 110535 417,4165.30,1,4165.00,4165.30,0.30,4165.00,5,4164.90,2,4164.80,6,4164.70,3,4164.60,4,4164.50,3,4164.40,10,4164.30,9,4164.20,11,4164.10,9,4165.30,3,4165.40,4,4165.50,3,4165.60,4,4165.70,3,4165.80,5,4165.90,5,4166.00,3,4166.10,10,4166.20,11,Sell,45,48,93,-3.00,17.00,-3.00,2.30,56.5,4166.60,4167.60,4165.30,4165.30,59,75,134,-16.00,7.00,-22.00,1.70,5.9,0,87,0.3750,0.0000,-115.00,-170.00,4174.70,-0.8340,DOWN,213.25,0.6284,2.4046
20260619 110535 421,4165.20,5,4165.00,4165.30,0.30,4165.00,5,4164.90,2,4164.80,6,4164.70,3,4164.60,4,4164.50,3,4164.40,10,4164.30,9,4164.20,11,4164.10,9,4165.30,3,4165.40,4,4165.50,3,4165.60,4,4165.70,3,4165.80,5,4165.90,5,4166.00,3,4166.10,10,4166.20,11,Sell,45,53,98,-8.00,17.00,-8.00,2.40,58.3,4166.60,4167.60,4165.20,4165.20,59,75,134,-16.00,7.00,-22.00,1.70,5.9,0,87,0.3750,0.0000,-120.00,-175.00,4174.69,-0.8371,DOWN,213.25,0.6284,2.4117
20260619 110535 421,4165.10,1,4165.00,4165.30,0.30,4165.00,5,4164.90,2,4164.80,6,4164.70,3,4164.60,4,4164.50,3,4164.40,10,4164.30,9,4164.20,11,4164.10,9,4165.30,3,4165.40,4,4165.50,3,4165.60,4,4165.70,3,4165.80,5,4165.90,5,4166.00,3,4166.10,10,4166.20,11,Sell,45,54,99,-9.00,17.00,-9.00,2.50,60.0,4166.60,4167.60,4165.10,4165.10,59,75,134,-16.00,7.00,-22.00,1.70,5.9,0,87,0.3750,0.0000,-121.00,-176.00,4174.68,-0.8403,DOWN,213.25,0.6284,2.4189
20260619 110535 994,4165.30,1,4165.10,4165.30,0.20,4165.10,2,4165.00,4,4164.90,2,4164.80,6,4164.70,3,4164.60,4,4164.50,3,4164.40,10,4164.30,9,4164.20,11,4165.30,3,4165.40,5,4165.50,3,4165.60,4,4165.70,3,4165.80,5,4165.90,11,4166.00,10,4166.10,10,4166.20,10,Buy,46,54,100,-8.00,17.00,-9.00,2.50,52.0,4166.60,4167.60,4165.10,4165.30,59,75,134,-16.00,7.00,-22.00,1.70,5.9,0,87,0.3750,0.1250,-120.00,-175.00,4174.70,-0.8340,DOWN,213.25,0.6284,2.4189
20260619 110536 301,4165.30,1,4165.10,4165.30,0.20,4165.10,2,4165.00,4,4164.90,2,4164.80,6,4164.70,3,4164.60,4,4164.50,3,4164.40,10,4164.30,9,4164.20,11,4165.30,2,4165.40,4,4165.50,3,4165.60,3,4165.70,3,4165.80,5,4165.90,11,4166.00,10,4166.10,10,4166.20,10,Buy,47,54,101,-7.00,17.00,-9.00,2.50,52.0,4166.60,4167.60,4165.10,4165.30,59,75,134,-16.00,7.00,-22.00,1.70,5.9,0,87,0.3750,0.2857,-119.00,-174.00,4174.70,-0.8340,DOWN,213.25,0.6284,2.4189
20260619 110536 301,4165.30,1,4165.10,4165.30,0.20,4165.10,2,4165.00,4,4164.90,2,4164.80,6,4164.70,3,4164.60,4,4164.50,3,4164.40,10,4164.30,9,4164.20,11,4165.30,2,4165.40,4,4165.50,3,4165.60,3,4165.70,3,4165.80,5,4165.90,11,4166.00,10,4166.10,10,4166.20,10,Buy,48,54,102,-6.00,17.00,-9.00,2.50,52.0,4166.60,4167.60,4165.10,4165.30,59,75,134,-16.00,7.00,-22.00,1.70,5.9,0,87,0.3750,0.5000,-118.00,-173.00,4174.70,-0.8340,DOWN,213.25,0.6284,2.4189
20260619 110537 284,4165.30,1,4165.10,4165.30,0.20,4165.10,1,4165.00,4,4164.90,2,4164.80,5,4164.70,3,4164.60,4,4164.50,3,4164.40,11,4164.30,9,4164.20,11,4165.30,1,4165.40,4,4165.50,3,4165.60,3,4165.70,3,4165.80,4,4165.90,5,4166.00,10,4166.10,10,4166.20,10,Buy,49,54,103,-5.00,17.00,-9.00,2.50,52.0,4166.60,4167.60,4165.10,4165.30,59,75,134,-16.00,7.00,-22.00,1.70,5.9,0,87,0.3750,0.8000,-117.00,-172.00,4174.70,-0.8340,DOWN,213.25,0.6284,2.4189
20260619 110537 810,4165.30,1,4165.10,4165.30,0.20,4165.10,3,4165.00,4,4164.90,2,4164.80,5,4164.70,3,4164.60,4,4164.50,3,4164.40,11,4164.30,9,4164.20,11,4165.40,4,4165.50,3,4165.60,3,4165.70,3,4165.80,4,4165.90,5,4166.00,10,4166.10,10,4166.20,10,4166.30,12,Buy,50,54,104,-4.00,17.00,-9.00,2.50,52.0,4166.60,4167.60,4165.10,4165.30,59,75,134,-16.00,7.00,-22.00,1.70,5.9,0,87,0.3750,1.2500,-116.00,-171.00,4174.70,-0.8340,DOWN,213.25,0.6284,2.4189
20260619 110538 890,4165.10,1,4165.00,4165.30,0.30,4165.00,4,4164.90,2,4164.80,4,4164.70,2,4164.60,4,4164.50,3,4164.40,10,4164.30,9,4164.20,11,4164.10,9,4165.30,4,4165.40,3,4165.50,3,4165.60,3,4165.70,3,4165.80,4,4165.90,5,4166.00,10,4166.10,10,4166.20,10,Sell,50,55,105,-5.00,17.00,-9.00,2.50,60.0,4166.60,4167.60,4165.10,4165.10,59,75,134,-16.00,7.00,-22.00,1.70,5.9,0,87,0.3750,0.8000,-117.00,-172.00,4174.68,-0.8403,DOWN,213.25,0.6284,2.4189
20260619 110540 301,4165.20,1,4165.10,4165.30,0.20,4165.10,4,4165.00,5,4164.90,2,4164.80,4,4164.70,2,4164.60,4,4164.50,3,4164.40,10,4164.30,9,4164.20,11,4165.30,1,4165.40,2,4165.50,3,4165.60,3,4165.70,3,4165.80,4,4165.90,5,4166.00,10,4166.10,10,4166.20,10,Buy,51,55,106,-4.00,17.00,-9.00,2.50,56.0,4166.60,4167.60,4165.10,4165.20,59,75,134,-16.00,7.00,-22.00,1.70,5.9,0,87,0.3750,1.2500,-116.00,-171.00,4174.69,-0.8371,DOWN,213.25,0.6284,2.4189
20260619 110540 301,4165.20,1,4165.10,4165.30,0.20,4165.10,4,4165.00,5,4164.90,2,4164.80,4,4164.70,2,4164.60,4,4164.50,3,4164.40,10,4164.30,9,4164.20,11,4165.30,1,4165.40,2,4165.50,3,4165.60,3,4165.70,3,4165.80,4,4165.90,5,4166.00,10,4166.10,10,4166.20,10,Buy,52,55,107,-3.00,17.00,-9.00,2.50,56.0,4166.60,4167.60,4165.10,4165.20,59,75,134,-16.00,7.00,-22.00,1.70,5.9,0,87,0.3750,2.0000,-115.00,-170.00,4174.69,-0.8371,DOWN,213.25,0.6284,2.4189
20260619 110541 123,4165.30,1,4165.30,4165.50,0.20,4165.30,1,4165.20,2,4165.10,4,4165.00,4,4164.90,2,4164.80,4,4164.70,2,4164.60,4,4164.50,10,4164.40,10,4165.50,2,4165.60,4,4165.70,3,4165.80,4,4165.90,4,4166.00,4,4166.10,4,4166.20,10,4166.30,12,4166.40,11,Sell,52,56,108,-4.00,17.00,-9.00,2.50,52.0,4166.60,4167.60,4165.10,4165.30,59,75,134,-16.00,7.00,-22.00,1.70,5.9,0,87,0.3750,1.2500,-116.00,-171.00,4174.70,-0.8340,DOWN,213.25,0.6284,2.4189
20260619 110541 234,4165.30,1,4165.20,4165.40,0.20,4165.20,1,4165.10,4,4165.00,4,4164.90,2,4164.80,3,4164.70,2,4164.60,4,4164.50,10,4164.40,10,4164.30,9,4165.40,2,4165.50,4,4165.60,4,4165.70,3,4165.80,5,4165.90,5,4166.00,4,4166.10,4,4166.20,10,4166.30,12,Sell,52,57,109,-5.00,17.00,-9.00,2.50,52.0,4166.60,4167.60,4165.10,4165.30,59,75,134,-16.00,7.00,-22.00,1.70,5.9,0,87,0.3750,0.8000,-117.00,-172.00,4174.70,-0.8340,DOWN,213.25,0.6284,2.4189
20260619 110541 893,4165.20,1,4165.20,4165.40,0.20,4165.10,4,4165.00,4,4164.90,2,4164.80,3,4164.70,2,4164.60,4,4164.50,10,4164.40,10,4164.30,9,4164.20,11,4165.40,2,4165.50,4,4165.60,4,4165.70,3,4165.80,5,4165.90,5,4166.00,4,4166.10,4,4166.20,10,4166.30,12,Sell,52,58,110,-6.00,17.00,-9.00,2.50,56.0,4166.60,4167.60,4165.10,4165.20,59,75,134,-16.00,7.00,-22.00,1.70,5.9,0,87,0.3750,0.5000,-118.00,-173.00,4174.69,-0.8371,DOWN,213.25,0.6284,2.4189
20260619 110543 673,4165.50,1,4165.30,4165.60,0.30,4165.30,3,4165.20,3,4165.10,5,4165.00,5,4164.90,2,4164.80,4,4164.70,2,4164.60,11,4164.50,10,4164.40,10,4165.60,3,4165.70,4,4165.80,4,4165.90,4,4166.00,3,4166.10,4,4166.20,10,4166.30,12,4166.40,11,4166.50,10,Sell,52,59,111,-7.00,17.00,-9.00,2.50,44.0,4166.60,4167.60,4165.10,4165.50,59,75,134,-16.00,7.00,-22.00,1.70,5.9,0,87,0.3750,0.2857,-119.00,-174.00,4174.72,-0.8276,DOWN,213.25,0.6284,2.4189
20260619 110543 673,4165.40,1,4165.30,4165.60,0.30,4165.30,3,4165.20,3,4165.10,5,4165.00,5,4164.90,2,4164.80,4,4164.70,2,4164.60,11,4164.50,10,4164.40,10,4165.60,3,4165.70,4,4165.80,4,4165.90,4,4166.00,3,4166.10,4,4166.20,10,4166.30,12,4166.40,11,4166.50,10,Sell,52,60,112,-8.00,17.00,-9.00,2.50,48.0,4166.60,4167.60,4165.10,4165.40,59,75,134,-16.00,7.00,-22.00,1.70,5.9,0,87,0.3750,0.1250,-120.00,-175.00,4174.71,-0.8308,DOWN,213.25,0.6284,2.4189
20260619 110543 987,4165.60,1,4165.30,4165.60,0.30,4165.30,3,4165.20,3,4165.10,5,4165.00,5,4164.90,2,4164.80,4,4164.70,2,4164.60,11,4164.50,10,4164.40,10,4165.60,2,4165.70,4,4165.80,4,4165.90,4,4166.00,3,4166.10,4,4166.20,10,4166.30,12,4166.40,11,4166.50,10,Buy,53,60,113,-7.00,17.00,-9.00,2.50,40.0,4166.60,4167.60,4165.10,4165.60,59,75,134,-16.00,7.00,-22.00,1.70,5.9,0,87,0.3750,0.2857,-119.00,-174.00,4174.73,-0.8244,DOWN,213.25,0.6284,2.4189
20260619 110544 696,4165.30,1,4165.40,4165.60,0.20,4165.40,1,4165.30,3,4165.20,3,4165.10,5,4165.00,5,4164.90,2,4164.80,4,4164.70,2,4164.60,11,4164.50,10,4165.60,2,4165.70,4,4165.80,4,4165.90,4,4166.00,3,4166.10,4,4166.20,10,4166.30,12,4166.40,11,4166.50,10,Sell,53,61,114,-8.00,17.00,-9.00,2.50,52.0,4166.60,4167.60,4165.10,4165.30,59,75,134,-16.00,7.00,-22.00,1.70,5.9,0,87,0.3750,0.1250,-120.00,-175.00,4174.70,-0.8340,DOWN,213.25,0.6284,2.4189
20260619 110546 183,4165.20,1,4165.20,4165.40,0.20,4165.20,2,4165.10,3,4165.00,5,4164.90,2,4164.80,4,4164.70,2,4164.60,4,4164.50,10,4164.40,10,4164.30,9,4165.40,2,4165.50,3,4165.60,4,4165.70,4,4165.80,4,4165.90,4,4166.00,3,4166.10,4,4166.20,10,4166.30,12,Sell,53,62,115,-9.00,17.00,-9.00,2.50,56.0,4166.60,4167.60,4165.10,4165.20,59,75,134,-16.00,7.00,-22.00,1.70,5.9,0,87,0.3750,0.0000,-121.00,-176.00,4174.69,-0.8371,DOWN,213.25,0.6284,2.4189
20260619 110546 183,4165.20,1,4165.20,4165.40,0.20,4165.20,2,4165.10,3,4165.00,5,4164.90,2,4164.80,4,4164.70,2,4164.60,4,4164.50,10,4164.40,10,4164.30,9,4165.40,2,4165.50,3,4165.60,4,4165.70,4,4165.80,4,4165.90,4,4166.00,3,4166.10,4,4166.20,10,4166.30,12,Sell,53,63,116,-10.00,17.00,-10.00,2.50,56.0,4166.60,4167.60,4165.10,4165.20,59,75,134,-16.00,7.00,-22.00,1.70,5.9,0,87,0.3750,0.0000,-122.00,-177.00,4174.69,-0.8371,DOWN,213.25,0.6284,2.4189
20260619 110546 183,4165.10,1,4165.20,4165.40,0.20,4165.20,2,4165.10,3,4165.00,5,4164.90,2,4164.80,4,4164.70,2,4164.60,4,4164.50,10,4164.40,10,4164.30,9,4165.40,2,4165.50,3,4165.60,4,4165.70,4,4165.80,4,4165.90,4,4166.00,3,4166.10,4,4166.20,10,4166.30,12,Sell,53,64,117,-11.00,17.00,-11.00,2.50,60.0,4166.60,4167.60,4165.10,4165.10,59,75,134,-16.00,7.00,-22.00,1.70,5.9,0,87,0.3750,0.0000,-123.00,-178.00,4174.68,-0.8403,DOWN,213.25,0.6284,2.4189
20260619 110546 183,4165.10,1,4165.20,4165.40,0.20,4165.20,2,4165.10,3,4165.00,5,4164.90,2,4164.80,4,4164.70,2,4164.60,4,4164.50,10,4164.40,10,4164.30,9,4165.40,2,4165.50,3,4165.60,4,4165.70,4,4165.80,4,4165.90,4,4166.00,3,4166.10,4,4166.20,10,4166.30,12,Sell,53,65,118,-12.00,17.00,-12.00,2.50,60.0,4166.60,4167.60,4165.10,4165.10,59,75,134,-16.00,7.00,-22.00,1.70,5.9,0,87,0.3750,0.0000,-124.00,-179.00,4174.68,-0.8403,DOWN,213.25,0.6284,2.4189
20260619 110546 183,4165.10,1,4165.20,4165.40,0.20,4165.20,2,4165.10,3,4165.00,5,4164.90,2,4164.80,4,4164.70,2,4164.60,4,4164.50,10,4164.40,10,4164.30,9,4165.40,2,4165.50,3,4165.60,4,4165.70,4,4165.80,4,4165.90,4,4166.00,3,4166.10,4,4166.20,10,4166.30,12,Sell,53,66,119,-13.00,17.00,-13.00,2.50,60.0,4166.60,4167.60,4165.10,4165.10,59,75,134,-16.00,7.00,-22.00,1.70,5.9,0,87,0.3750,0.0000,-125.00,-180.00,4174.68,-0.8403,DOWN,213.25,0.6284,2.4189
20260619 110547 035,4165.10,1,4165.20,4165.50,0.30,4165.20,3,4165.10,4,4165.00,4,4164.90,2,4164.80,3,4164.70,3,4164.60,4,4164.50,3,4164.40,10,4164.30,9,4165.50,3,4165.60,3,4165.70,4,4165.80,4,4165.90,5,4166.00,3,4166.10,4,4166.20,4,4166.30,12,4166.40,11,Sell,53,67,120,-14.00,17.00,-14.00,2.50,60.0,4166.60,4167.60,4165.10,4165.10,59,75,134,-16.00,7.00,-22.00,1.70,5.9,0,87,0.3750,0.0000,-126.00,-181.00,4174.68,-0.8403,DOWN,213.25,0.6284,2.4189
20260619 110547 036,4165.30,1,4165.20,4165.50,0.30,4165.20,3,4165.10,4,4165.00,4,4164.90,2,4164.80,3,4164.70,3,4164.60,4,4164.50,3,4164.40,10,4164.30,9,4165.50,3,4165.60,3,4165.70,4,4165.80,4,4165.90,5,4166.00,3,4166.10,4,4166.20,4,4166.30,12,4166.40,11,Buy,54,67,121,-13.00,17.00,-14.00,2.50,52.0,4166.60,4167.60,4165.10,4165.30,59,75,134,-16.00,7.00,-22.00,1.70,5.9,0,87,0.3750,0.0769,-125.00,-180.00,4174.70,-0.8340,DOWN,213.25,0.6284,2.4189
20260619 110550 417,4165.30,1,4165.10,4165.40,0.30,4165.10,3,4165.00,4,4164.90,2,4164.80,3,4164.70,2,4164.60,4,4164.50,3,4164.40,10,4164.30,9,4164.20,11,4165.40,4,4165.50,3,4165.60,4,4165.70,4,4165.80,4,4165.90,5,4166.00,3,4166.10,10,4166.20,10,4166.30,12,Buy,55,67,122,-12.00,17.00,-14.00,2.50,52.0,4166.60,4167.60,4165.10,4165.30,59,75,134,-16.00,7.00,-22.00,1.70,5.9,0,87,0.3750,0.1667,-124.00,-179.00,4174.70,-0.8340,DOWN,213.25,0.6284,2.4189
20260619 110550 699,4165.30,1,4165.20,4165.40,0.20,4165.20,2,4165.10,4,4165.00,4,4164.90,2,4164.80,3,4164.70,2,4164.60,4,4164.50,3,4164.40,10,4164.30,9,4165.40,1,4165.50,3,4165.60,4,4165.70,4,4165.80,4,4165.90,5,4166.00,3,4166.10,10,4166.20,10,4166.30,12,Buy,56,67,123,-11.00,17.00,-14.00,2.50,52.0,4166.60,4167.60,4165.10,4165.30,59,75,134,-16.00,7.00,-22.00,1.70,5.9,0,87,0.3750,0.2727,-123.00,-178.00,4174.70,-0.8340,DOWN,213.25,0.6284,2.4189
20260619 110550 699,4165.30,1,4165.20,4165.40,0.20,4165.20,2,4165.10,4,4165.00,4,4164.90,2,4164.80,3,4164.70,2,4164.60,4,4164.50,3,4164.40,10,4164.30,9,4165.40,1,4165.50,3,4165.60,4,4165.70,4,4165.80,4,4165.90,5,4166.00,3,4166.10,10,4166.20,10,4166.30,12,Buy,57,67,124,-10.00,17.00,-14.00,2.50,52.0,4166.60,4167.60,4165.10,4165.30,59,75,134,-16.00,7.00,-22.00,1.70,5.9,0,87,0.3750,0.4000,-122.00,-177.00,4174.70,-0.8340,DOWN,213.25,0.6284,2.4189
20260619 110551 219,4165.20,1,4165.20,4165.50,0.30,4165.20,2,4165.10,4,4165.00,4,4164.90,2,4164.80,3,4164.70,2,4164.60,4,4164.50,3,4164.40,10,4164.30,9,4165.50,3,4165.60,5,4165.70,5,4165.80,5,4165.90,5,4166.00,3,4166.10,4,4166.20,10,4166.30,12,4166.40,11,Sell,57,68,125,-11.00,17.00,-14.00,2.50,56.0,4166.60,4167.60,4165.10,4165.20,59,75,134,-16.00,7.00,-22.00,1.70,5.9,0,87,0.3750,0.2727,-123.00,-178.00,4174.69,-0.8371,DOWN,213.25,0.6284,2.4189
20260619 110553 268,4165.10,1,4164.80,4165.00,0.20,4164.80,3,4164.70,5,4164.60,3,4164.50,3,4164.40,5,4164.30,4,4164.20,6,4164.10,11,4164.00,15,4163.90,8,4165.00,2,4165.10,4,4165.20,5,4165.30,5,4165.40,5,4165.50,5,4165.60,4,4165.70,5,4165.80,7,4165.90,10,Sell,57,69,126,-12.00,17.00,-14.00,2.50,60.0,4166.60,4167.60,4165.10,4165.10,59,75,134,-16.00,7.00,-22.00,1.70,5.9,0,87,0.3750,0.1667,-124.00,-179.00,4174.68,-0.8403,DOWN,213.25,0.6284,2.4189
20260619 110553 268,4165.10,1,4164.80,4165.00,0.20,4164.80,3,4164.70,5,4164.60,3,4164.50,3,4164.40,5,4164.30,4,4164.20,6,4164.10,11,4164.00,15,4163.90,8,4165.00,2,4165.10,4,4165.20,5,4165.30,5,4165.40,5,4165.50,5,4165.60,4,4165.70,5,4165.80,7,4165.90,10,Sell,57,70,127,-13.00,17.00,-14.00,2.50,60.0,4166.60,4167.60,4165.10,4165.10,59,75,134,-16.00,7.00,-22.00,1.70,5.9,0,87,0.3750,0.0769,-125.00,-180.00,4174.68,-0.8403,DOWN,213.25,0.6284,2.4189
20260619 110553 268,4165.00,1,4164.80,4165.00,0.20,4164.80,3,4164.70,5,4164.60,3,4164.50,3,4164.40,5,4164.30,4,4164.20,6,4164.10,11,4164.00,15,4163.90,8,4165.00,2,4165.10,4,4165.20,5,4165.30,5,4165.40,5,4165.50,5,4165.60,4,4165.70,5,4165.80,7,4165.90,10,Sell,57,71,128,-14.00,17.00,-14.00,2.60,61.5,4166.60,4167.60,4165.00,4165.00,59,75,134,-16.00,7.00,-22.00,1.70,5.9,0,87,0.3750,0.0000,-126.00,-181.00,4174.67,-0.8435,DOWN,213.25,0.6284,2.4260
20260619 110553 268,4165.00,1,4164.80,4165.00,0.20,4164.80,3,4164.70,5,4164.60,3,4164.50,3,4164.40,5,4164.30,4,4164.20,6,4164.10,11,4164.00,15,4163.90,8,4165.00,2,4165.10,4,4165.20,5,4165.30,5,4165.40,5,4165.50,5,4165.60,4,4165.70,5,4165.80,7,4165.90,10,Sell,57,72,129,-15.00,17.00,-15.00,2.60,61.5,4166.60,4167.60,4165.00,4165.00,59,75,134,-16.00,7.00,-22.00,1.70,5.9,0,87,0.3750,0.0000,-127.00,-182.00,4174.67,-0.8435,DOWN,213.25,0.6284,2.4260
20260619 110553 268,4165.00,1,4164.80,4165.00,0.20,4164.80,3,4164.70,5,4164.60,3,4164.50,3,4164.40,5,4164.30,4,4164.20,6,4164.10,11,4164.00,15,4163.90,8,4165.00,2,4165.10,4,4165.20,5,4165.30,5,4165.40,5,4165.50,5,4165.60,4,4165.70,5,4165.80,7,4165.90,10,Sell,57,73,130,-16.00,17.00,-16.00,2.60,61.5,4166.60,4167.60,4165.00,4165.00,59,75,134,-16.00,7.00,-22.00,1.70,5.9,0,87,0.3750,0.0000,-128.00,-183.00,4174.67,-0.8435,DOWN,213.25,0.6284,2.4260
20260619 110553 274,4164.90,1,4164.80,4165.00,0.20,4164.80,3,4164.70,5,4164.60,3,4164.50,3,4164.40,5,4164.30,4,4164.20,6,4164.10,11,4164.00,15,4163.90,8,4165.00,2,4165.10,4,4165.20,5,4165.30,5,4165.40,5,4165.50,5,4165.60,4,4165.70,5,4165.80,7,4165.90,10,Buy,58,73,131,-15.00,17.00,-16.00,2.70,63.0,4166.60,4167.60,4164.90,4164.90,59,75,134,-16.00,7.00,-22.00,1.70,5.9,0,87,0.3750,0.0667,-127.00,-182.00,4174.66,-0.8467,DOWN,213.25,0.6284,2.4332
20260619 110553 568,4164.80,1,4164.80,4165.00,0.20,4164.80,1,4164.70,5,4164.60,3,4164.50,3,4164.40,5,4164.30,4,4164.20,6,4164.10,11,4164.00,15,4163.90,8,4165.00,2,4165.10,4,4165.20,5,4165.30,5,4165.40,5,4165.50,5,4165.60,4,4165.70,5,4165.80,7,4165.90,10,Sell,58,74,132,-16.00,17.00,-16.00,2.80,64.3,4166.60,4167.60,4164.80,4164.80,59,75,134,-16.00,7.00,-22.00,1.70,5.9,0,87,0.3750,0.0000,-128.00,-183.00,4174.65,-0.8498,DOWN,213.25,0.6284,2.4403
20260619 110553 568,4164.80,1,4164.80,4165.00,0.20,4164.80,1,4164.70,5,4164.60,3,4164.50,3,4164.40,5,4164.30,4,4164.20,6,4164.10,11,4164.00,15,4163.90,8,4165.00,2,4165.10,4,4165.20,5,4165.30,5,4165.40,5,4165.50,5,4165.60,4,4165.70,5,4165.80,7,4165.90,10,Sell,58,75,133,-17.00,17.00,-17.00,2.80,64.3,4166.60,4167.60,4164.80,4164.80,59,75,134,-16.00,7.00,-22.00,1.70,5.9,0,87,0.3750,0.0000,-129.00,-184.00,4174.65,-0.8498,DOWN,213.25,0.6284,2.4403
20260619 110555 126,4164.80,1,4164.80,4165.00,0.20,4164.80,3,4164.70,5,4164.60,3,4164.50,4,4164.40,5,4164.30,4,4164.20,6,4164.10,11,4164.00,15,4163.90,8,4165.00,1,4165.10,4,4165.20,4,4165.30,5,4165.40,5,4165.50,5,4165.60,4,4165.70,5,4165.80,7,4165.90,10,Sell,58,76,134,-18.00,17.00,-18.00,2.80,64.3,4166.60,4167.60,4164.80,4164.80,59,75,134,-16.00,7.00,-22.00,1.70,5.9,0,87,0.3750,0.0000,-130.00,-185.00,4174.65,-0.8498,DOWN,213.25,0.6284,2.4403
20260619 110555 126,4164.80,1,4164.80,4165.00,0.20,4164.80,3,4164.70,5,4164.60,3,4164.50,4,4164.40,5,4164.30,4,4164.20,6,4164.10,11,4164.00,15,4163.90,8,4165.00,1,4165.10,4,4165.20,4,4165.30,5,4165.40,5,4165.50,5,4165.60,4,4165.70,5,4165.80,7,4165.90,10,Sell,58,77,135,-19.00,17.00,-19.00,2.80,64.3,4166.60,4167.60,4164.80,4164.80,59,75,134,-16.00,7.00,-22.00,1.70,5.9,0,87,0.3750,0.0000,-131.00,-186.00,4174.65,-0.8498,DOWN,213.25,0.6284,2.4403
20260619 110555 343,4165.00,1,4165.20,4165.40,0.20,4165.20,2,4165.10,4,4165.00,4,4164.90,5,4164.80,6,4164.70,3,4164.60,3,4164.50,4,4164.40,5,4164.30,9,4165.40,1,4165.50,3,4165.60,4,4165.70,5,4165.80,7,4165.90,10,4166.00,9,4166.10,9,4166.20,10,4166.30,12,Buy,59,77,136,-18.00,17.00,-19.00,2.80,57.1,4166.60,4167.60,4164.80,4165.00,59,75,134,-16.00,7.00,-22.00,1.70,5.9,0,87,0.3750,0.0556,-130.00,-185.00,4174.67,-0.8435,DOWN,213.25,0.6284,2.4403
20260619 110555 355,4165.20,1,4165.20,4165.40,0.20,4165.20,2,4165.10,4,4165.00,4,4164.90,5,4164.80,6,4164.70,3,4164.60,3,4164.50,4,4164.40,5,4164.30,9,4165.40,1,4165.50,3,4165.60,4,4165.70,5,4165.80,7,4165.90,10,4166.00,9,4166.10,9,4166.20,10,4166.30,12,Buy,60,77,137,-17.00,17.00,-19.00,2.80,50.0,4166.60,4167.60,4164.80,4165.20,59,75,134,-16.00,7.00,-22.00,1.70,5.9,0,87,0.3750,0.1176,-129.00,-184.00,4174.69,-0.8371,DOWN,213.25,0.6284,2.4403
20260619 110556 867,4165.10,1,4165.00,4165.30,0.30,4165.00,3,4164.90,6,4164.80,6,4164.70,3,4164.60,3,4164.50,4,4164.40,5,4164.30,9,4164.20,11,4164.10,9,4165.30,3,4165.40,3,4165.50,3,4165.60,4,4165.70,4,4165.80,7,4165.90,4,4166.00,3,4166.10,9,4166.20,10,Sell,60,78,138,-18.00,17.00,-19.00,2.80,53.6,4166.60,4167.60,4164.80,4165.10,59,75,134,-16.00,7.00,-22.00,1.70,5.9,0,87,0.3750,0.0556,-130.00,-185.00,4174.68,-0.8403,DOWN,213.25,0.6284,2.4403
20260619 110558 377,4164.80,1,4164.60,4164.90,0.30,4164.60,4,4164.50,3,4164.40,5,4164.30,4,4164.20,6,4164.10,4,4164.00,8,4163.90,8,4163.80,9,4163.70,10,4164.90,3,4165.00,3,4165.10,4,4165.20,5,4165.30,6,4165.40,4,4165.50,4,4165.60,5,4165.70,10,4165.80,12,Sell,60,79,139,-19.00,17.00,-19.00,2.80,64.3,4166.60,4167.60,4164.80,4164.80,59,75,134,-16.00,7.00,-22.00,1.70,5.9,0,87,0.3750,0.0000,-131.00,-186.00,4174.65,-0.8498,DOWN,213.25,0.6284,2.4403
20260619 110559 802,4164.60,1,4164.60,4164.90,0.30,4164.60,1,4164.50,4,4164.40,5,4164.30,5,4164.20,6,4164.10,4,4164.00,8,4163.90,8,4163.80,9,4163.70,10,4164.90,3,4165.00,3,4165.10,6,4165.20,5,4165.30,6,4165.40,5,4165.50,4,4165.60,11,4165.70,10,4165.80,12,Sell,60,80,140,-20.00,17.00,-20.00,3.00,66.7,4166.60,4167.60,4164.60,4164.60,59,75,134,-16.00,7.00,-22.00,1.70,5.9,0,87,0.3750,0.0000,-132.00,-187.00,4174.63,-0.8562,DOWN,213.25,0.6284,2.4546
20260619 110600 914,4164.60,1,4164.60,4164.90,0.30,4164.60,4,4164.50,6,4164.40,4,4164.30,3,4164.20,6,4164.10,4,4164.00,8,4163.90,8,4163.80,8,4163.70,10,4164.90,3,4165.00,3,4165.10,6,4165.20,5,4165.30,6,4165.40,5,4165.50,4,4165.60,11,4165.70,10,4165.80,12,Sell,0,1,1,-1.00,-1.00,-1.00,0.00,0.0,4164.60,4164.60,4164.60,4164.60,60,80,140,-20.00,17.00,-20.00,3.00,66.7,-75,159,0.0000,0.0000,-17.00,-235.00,4174.63,-0.8562,DOWN,214.20,0.6536,2.2793
20260619 110600 936,4164.70,1,4164.60,4164.90,0.30,4164.60,4,4164.50,6,4164.40,4,4164.30,3,4164.20,6,4164.10,4,4164.00,8,4163.90,8,4163.80,8,4163.70,10,4164.90,3,4165.00,3,4165.10,6,4165.20,5,4165.30,6,4165.40,5,4165.50,4,4165.60,11,4165.70,10,4165.80,12,Buy,1,1,2,0.00,0.00,-1.00,0.10,100.0,4164.60,4164.70,4164.60,4164.70,60,80,140,-20.00,17.00,-20.00,3.00,66.7,-75,159,0.0000,0.0000,-16.00,-234.00,4174.64,-0.8530,DOWN,214.20,0.6536,2.2864
20260619 110600 936,4164.70,1,4164.60,4164.90,0.30,4164.60,4,4164.50,6,4164.40,4,4164.30,3,4164.20,6,4164.10,4,4164.00,8,4163.90,8,4163.80,8,4163.70,10,4164.90,3,4165.00,3,4165.10,6,4165.20,5,4165.30,6,4165.40,5,4165.50,4,4165.60,11,4165.70,10,4165.80,12,Buy,2,1,3,1.00,1.00,-1.00,0.10,100.0,4164.60,4164.70,4164.60,4164.70,60,80,140,-20.00,17.00,-20.00,3.00,66.7,-75,159,0.0000,0.0000,-15.00,-233.00,4174.64,-0.8530,DOWN,214.20,0.6536,2.2864
20260619 110601 419,4164.80,1,4164.60,4164.90,0.30,4164.60,5,4164.50,6,4164.40,4,4164.30,3,4164.20,6,4164.10,4,4164.00,8,4163.90,8,4163.80,8,4163.70,10,4164.90,3,4165.00,4,4165.10,7,4165.20,5,4165.30,8,4165.40,5,4165.50,4,4165.60,11,4165.70,10,4165.80,12,Sell,2,2,4,0.00,1.00,-1.00,0.20,100.0,4164.60,4164.80,4164.60,4164.80,60,80,140,-20.00,17.00,-20.00,3.00,66.7,-75,159,0.0000,1.0000,-16.00,-234.00,4174.65,-0.8498,DOWN,214.20,0.6536,2.2936
20260619 110601 419,4164.80,1,4164.60,4164.90,0.30,4164.60,5,4164.50,6,4164.40,4,4164.30,3,4164.20,6,4164.10,4,4164.00,8,4163.90,8,4163.80,8,4163.70,10,4164.90,3,4165.00,4,4165.10,7,4165.20,5,4165.30,8,4165.40,5,4165.50,4,4165.60,11,4165.70,10,4165.80,12,Sell,2,3,5,-1.00,1.00,-1.00,0.20,100.0,4164.60,4164.80,4164.60,4164.80,60,80,140,-20.00,17.00,-20.00,3.00,66.7,-75,159,0.0000,0.0000,-17.00,-235.00,4174.65,-0.8498,DOWN,214.20,0.6536,2.2936
20260619 110601 888,4165.00,1,4164.80,4165.10,0.30,4164.80,3,4164.70,4,4164.60,5,4164.50,6,4164.40,5,4164.30,4,4164.20,6,4164.10,4,4164.00,8,4163.90,8,4165.10,4,4165.20,4,4165.30,8,4165.40,5,4165.50,4,4165.60,5,4165.70,10,4165.80,12,4165.90,10,4166.00,9,Buy,3,3,6,0.00,1.00,-1.00,0.40,100.0,4164.60,4165.00,4164.60,4165.00,60,80,140,-20.00,17.00,-20.00,3.00,66.7,-75,159,0.0000,1.0000,-16.00,-234.00,4174.67,-0.8435,DOWN,214.20,0.6536,2.3078
20260619 110602 700,4165.00,1,4164.80,4165.00,0.20,4164.80,1,4164.70,2,4164.60,5,4164.50,6,4164.40,5,4164.30,4,4164.20,6,4164.10,4,4164.00,8,4163.90,8,4165.00,2,4165.10,4,4165.20,3,4165.30,7,4165.40,5,4165.50,4,4165.60,5,4165.70,4,4165.80,12,4165.90,10,Buy,4,3,7,1.00,1.00,-1.00,0.40,100.0,4164.60,4165.00,4164.60,4165.00,60,80,140,-20.00,17.00,-20.00,3.00,66.7,-75,159,0.0000,0.0000,-15.00,-233.00,4174.67,-0.8435,DOWN,214.20,0.6536,2.3078
20260619 110603 015,4164.70,1,4164.70,4165.00,0.30,4164.70,2,4164.60,5,4164.50,6,4164.40,4,4164.30,4,4164.20,6,4164.10,5,4164.00,8,4163.90,8,4163.80,8,4165.00,3,4165.10,4,4165.20,3,4165.30,6,4165.40,5,4165.50,4,4165.60,5,4165.70,4,4165.80,12,4165.90,10,Sell,4,4,8,0.00,1.00,-1.00,0.40,25.0,4164.60,4165.00,4164.60,4164.70,60,80,140,-20.00,17.00,-20.00,3.00,66.7,-75,159,0.0000,1.0000,-16.00,-234.00,4174.64,-0.8530,DOWN,214.20,0.6536,2.3078
20260619 110603 563,4164.90,1,4164.80,4165.00,0.20,4164.80,1,4164.70,4,4164.60,5,4164.50,6,4164.40,4,4164.30,4,4164.20,6,4164.10,5,4164.00,8,4163.90,8,4165.00,1,4165.10,4,4165.20,3,4165.30,6,4165.40,5,4165.50,4,4165.60,5,4165.70,4,4165.80,12,4165.90,10,Buy,5,4,9,1.00,1.00,-1.00,0.40,75.0,4164.60,4165.00,4164.60,4164.90,60,80,140,-20.00,17.00,-20.00,3.00,66.7,-75,159,0.0000,0.0000,-15.00,-233.00,4174.66,-0.8467,DOWN,214.20,0.6536,2.3078
20260619 110603 635,4165.10,1,4165.20,4165.50,0.30,4165.20,4,4165.10,4,4165.00,5,4164.90,5,4164.80,4,4164.70,3,4164.60,5,4164.50,7,4164.40,5,4164.30,9,4165.50,3,4165.60,5,4165.70,3,4165.80,4,4165.90,4,4166.00,3,4166.10,3,4166.20,10,4166.30,12,4166.40,11,Buy,6,4,10,2.00,2.00,-1.00,0.50,100.0,4164.60,4165.10,4164.60,4165.10,60,80,140,-20.00,17.00,-20.00,3.00,66.7,-75,159,0.0000,0.0000,-14.00,-232.00,4174.68,-0.8403,DOWN,214.20,0.6536,2.3150
20260619 110603 645,4165.30,1,4165.20,4165.50,0.30,4165.20,4,4165.10,4,4165.00,5,4164.90,5,4164.80,4,4164.70,3,4164.60,5,4164.50,7,4164.40,5,4164.30,9,4165.50,3,4165.60,5,4165.70,3,4165.80,4,4165.90,4,4166.00,3,4166.10,3,4166.20,10,4166.30,12,4166.40,11,Buy,7,4,11,3.00,3.00,-1.00,0.70,100.0,4164.60,4165.30,4164.60,4165.30,60,80,140,-20.00,17.00,-20.00,3.00,66.7,-75,159,0.0000,0.0000,-13.00,-231.00,4174.70,-0.8340,DOWN,214.20,0.6536,2.3293
20260619 110603 676,4165.20,1,4165.20,4165.50,0.30,4165.40,1,4165.30,3,4165.20,4,4165.10,3,4165.00,4,4164.90,5,4164.80,4,4164.70,4,4164.60,5,4164.50,7,4165.60,3,4165.70,2,4165.80,4,4165.90,4,4166.00,3,4166.10,3,4166.20,10,4166.30,12,4166.40,11,4166.50,10,Sell,7,5,12,2.00,3.00,-1.00,0.70,85.7,4164.60,4165.30,4164.60,4165.20,60,80,140,-20.00,17.00,-20.00,3.00,66.7,-75,159,0.0000,0.5000,-14.00,-232.00,4174.69,-0.8371,DOWN,214.20,0.6536,2.3293
20260619 110603 676,4165.20,1,4165.20,4165.50,0.30,4165.40,1,4165.30,3,4165.20,4,4165.10,3,4165.00,4,4164.90,5,4164.80,4,4164.70,4,4164.60,5,4164.50,7,4165.60,3,4165.70,2,4165.80,4,4165.90,4,4166.00,3,4166.10,3,4166.20,10,4166.30,12,4166.40,11,4166.50,10,Sell,7,6,13,1.00,3.00,-1.00,0.70,85.7,4164.60,4165.30,4164.60,4165.20,60,80,140,-20.00,17.00,-20.00,3.00,66.7,-75,159,0.0000,2.0000,-15.00,-233.00,4174.69,-0.8371,DOWN,214.20,0.6536,2.3293
20260619 110604 530,4165.40,1,4165.30,4165.50,0.20,4165.30,2,4165.20,3,4165.10,3,4165.00,5,4164.90,6,4164.80,5,4164.70,4,4164.60,5,4164.50,12,4164.40,10,4165.50,2,4165.60,4,4165.70,3,4165.80,3,4165.90,3,4166.00,3,4166.10,3,4166.20,4,4166.30,12,4166.40,11,Sell,7,7,14,0.00,3.00,-1.00,0.80,100.0,4164.60,4165.40,4164.60,4165.40,60,80,140,-20.00,17.00,-20.00,3.00,66.7,-75,159,0.0000,3.0000,-16.00,-234.00,4174.71,-0.8308,DOWN,214.20,0.6536,2.3364
20260619 110604 642,4165.60,1,4165.40,4165.70,0.30,4165.40,4,4165.30,5,4165.20,3,4165.10,3,4165.00,6,4164.90,6,4164.80,6,4164.70,9,4164.60,10,4164.50,11,4165.70,3,4165.80,3,4165.90,3,4166.00,1,4166.10,2,4166.20,4,4166.30,6,4166.40,11,4166.50,10,4166.60,9,Buy,8,7,15,1.00,3.00,-1.00,1.00,100.0,4164.60,4165.60,4164.60,4165.60,60,80,140,-20.00,17.00,-20.00,3.00,66.7,-75,159,0.0000,2.0000,-15.00,-233.00,4174.73,-0.8244,DOWN,214.20,0.6536,2.3507
20260619 110604 642,4165.70,1,4165.40,4165.70,0.30,4165.40,4,4165.30,5,4165.20,3,4165.10,3,4165.00,6,4164.90,6,4164.80,6,4164.70,9,4164.60,10,4164.50,11,4165.70,3,4165.80,3,4165.90,3,4166.00,1,4166.10,2,4166.20,4,4166.30,6,4166.40,11,4166.50,10,4166.60,9,Buy,9,7,16,2.00,3.00,-1.00,1.10,100.0,4164.60,4165.70,4164.60,4165.70,60,80,140,-20.00,17.00,-20.00,3.00,66.7,-75,159,0.0000,0.5000,-14.00,-232.00,4174.74,-0.8213,DOWN,214.20,0.6536,2.3578
20260619 110604 649,4165.50,1,4165.40,4165.70,0.30,4165.40,4,4165.30,5,4165.20,3,4165.10,3,4165.00,6,4164.90,6,4164.80,6,4164.70,9,4164.60,10,4164.50,11,4165.70,3,4165.80,3,4165.90,3,4166.00,1,4166.10,2,4166.20,4,4166.30,6,4166.40,11,4166.50,10,4166.60,9,Sell,9,8,17,1.00,3.00,-1.00,1.10,81.8,4164.60,4165.70,4164.60,4165.50,60,80,140,-20.00,17.00,-20.00,3.00,66.7,-75,159,0.0000,2.0000,-15.00,-233.00,4174.72,-0.8276,DOWN,214.20,0.6536,2.3578
20260619 110604 667,4165.70,1,4165.50,4165.70,0.20,4165.50,2,4165.40,4,4165.30,5,4165.20,3,4165.10,3,4165.00,4,4164.90,6,4164.80,6,4164.70,9,4164.60,10,4165.70,1,4165.80,3,4165.90,3,4166.00,2,4166.10,2,4166.20,4,4166.30,6,4166.40,11,4166.50,10,4166.60,9,Buy,10,8,18,2.00,3.00,-1.00,1.10,100.0,4164.60,4165.70,4164.60,4165.70,60,80,140,-20.00,17.00,-20.00,3.00,66.7,-75,159,0.0000,0.5000,-14.00,-232.00,4174.74,-0.8213,DOWN,214.20,0.6536,2.3578
20260619 110605 988,4165.50,1,4165.00,4165.30,0.30,4165.00,3,4164.90,5,4164.80,4,4164.70,5,4164.60,9,4164.50,6,4164.40,5,4164.30,9,4164.20,11,4164.10,10,4165.30,4,4165.40,6,4165.50,3,4165.60,4,4165.70,5,4165.80,4,4165.90,4,4166.00,1,4166.10,8,4166.20,10,Sell,10,9,19,1.00,3.00,-1.00,1.10,81.8,4164.60,4165.70,4164.60,4165.50,60,80,140,-20.00,17.00,-20.00,3.00,66.7,-75,159,0.0000,2.0000,-15.00,-233.00,4174.72,-0.8276,DOWN,214.20,0.6536,2.3578
20260619 110605 993,4165.40,1,4165.00,4165.30,0.30,4165.00,3,4164.90,5,4164.80,4,4164.70,5,4164.60,9,4164.50,6,4164.40,5,4164.30,9,4164.20,11,4164.10,10,4165.30,4,4165.40,6,4165.50,3,4165.60,4,4165.70,5,4165.80,4,4165.90,4,4166.00,1,4166.10,8,4166.20,10,Buy,11,9,20,2.00,3.00,-1.00,1.10,72.7,4164.60,4165.70,4164.60,4165.40,60,80,140,-20.00,17.00,-20.00,3.00,66.7,-75,159,0.0000,0.5000,-14.00,-232.00,4174.71,-0.8308,DOWN,214.20,0.6536,2.3578
20260619 110606 008,4165.20,1,4165.00,4165.30,0.30,4165.00,3,4164.90,5,4164.80,4,4164.70,5,4164.60,9,4164.50,6,4164.40,5,4164.30,9,4164.20,11,4164.10,10,4165.30,4,4165.40,6,4165.50,3,4165.60,4,4165.70,5,4165.80,4,4165.90,4,4166.00,1,4166.10,8,4166.20,10,Sell,11,10,21,1.00,3.00,-1.00,1.10,54.5,4164.60,4165.70,4164.60,4165.20,60,80,140,-20.00,17.00,-20.00,3.00,66.7,-75,159,0.0000,2.0000,-15.00,-233.00,4174.69,-0.8371,DOWN,214.20,0.6536,2.3578
20260619 110606 008,4165.10,1,4165.00,4165.30,0.30,4165.00,3,4164.90,5,4164.80,4,4164.70,5,4164.60,9,4164.50,6,4164.40,5,4164.30,9,4164.20,11,4164.10,10,4165.30,4,4165.40,6,4165.50,3,4165.60,4,4165.70,5,4165.80,4,4165.90,4,4166.00,1,4166.10,8,4166.20,10,Sell,11,11,22,0.00,3.00,-1.00,1.10,45.5,4164.60,4165.70,4164.60,4165.10,60,80,140,-20.00,17.00,-20.00,3.00,66.7,-75,159,0.0000,3.0000,-16.00,-234.00,4174.68,-0.8403,DOWN,214.20,0.6536,2.3578
20260619 110606 008,4165.10,1,4165.00,4165.30,0.30,4165.00,3,4164.90,5,4164.80,4,4164.70,5,4164.60,9,4164.50,6,4164.40,5,4164.30,9,4164.20,11,4164.10,10,4165.30,4,4165.40,6,4165.50,3,4165.60,4,4165.70,5,4165.80,4,4165.90,4,4166.00,1,4166.10,8,4166.20,10,Sell,11,12,23,-1.00,3.00,-1.00,1.10,45.5,4164.60,4165.70,4164.60,4165.10,60,80,140,-20.00,17.00,-20.00,3.00,66.7,-75,159,0.0000,0.0000,-17.00,-235.00,4174.68,-0.8403,DOWN,214.20,0.6536,2.3578
20260619 110606 008,4165.10,1,4165.00,4165.30,0.30,4165.00,3,4164.90,5,4164.80,4,4164.70,5,4164.60,9,4164.50,6,4164.40,5,4164.30,9,4164.20,11,4164.10,10,4165.30,4,4165.40,6,4165.50,3,4165.60,4,4165.70,5,4165.80,4,4165.90,4,4166.00,1,4166.10,8,4166.20,10,Sell,11,13,24,-2.00,3.00,-2.00,1.10,45.5,4164.60,4165.70,4164.60,4165.10,60,80,140,-20.00,17.00,-20.00,3.00,66.7,-75,159,0.0000,0.0000,-18.00,-236.00,4174.68,-0.8403,DOWN,214.20,0.6536,2.3578
20260619 110606 025,4165.00,1,4165.00,4165.30,0.30,4165.00,3,4164.90,5,4164.80,4,4164.70,5,4164.60,9,4164.50,6,4164.40,5,4164.30,9,4164.20,11,4164.10,10,4165.30,4,4165.40,6,4165.50,3,4165.60,4,4165.70,5,4165.80,4,4165.90,4,4166.00,1,4166.10,8,4166.20,10,Buy,12,13,25,-1.00,3.00,-2.00,1.10,36.4,4164.60,4165.70,4164.60,4165.00,60,80,140,-20.00,17.00,-20.00,3.00,66.7,-75,159,0.0000,1.0000,-17.00,-235.00,4174.67,-0.8435,DOWN,214.20,0.6536,2.3578
20260619 110606 026,4165.10,1,4165.00,4165.30,0.30,4165.00,3,4164.90,5,4164.80,4,4164.70,5,4164.60,9,4164.50,6,4164.40,5,4164.30,9,4164.20,11,4164.10,10,4165.30,4,4165.40,6,4165.50,3,4165.60,4,4165.70,5,4165.80,4,4165.90,4,4166.00,1,4166.10,8,4166.20,10,Buy,13,13,26,0.00,3.00,-2.00,1.10,45.5,4164.60,4165.70,4164.60,4165.10,60,80,140,-20.00,17.00,-20.00,3.00,66.7,-75,159,0.0000,3.0000,-16.00,-234.00,4174.68,-0.8403,DOWN,214.20,0.6536,2.3578
20260619 110606 029,4165.10,1,4165.00,4165.30,0.30,4165.00,3,4164.90,5,4164.80,4,4164.70,5,4164.60,9,4164.50,6,4164.40,5,4164.30,9,4164.20,11,4164.10,10,4165.30,4,4165.40,6,4165.50,3,4165.60,4,4165.70,5,4165.80,4,4165.90,4,4166.00,1,4166.10,8,4166.20,10,Buy,14,13,27,1.00,3.00,-2.00,1.10,45.5,4164.60,4165.70,4164.60,4165.10,60,80,140,-20.00,17.00,-20.00,3.00,66.7,-75,159,0.0000,2.0000,-15.00,-233.00,4174.68,-0.8403,DOWN,214.20,0.6536,2.3578
20260619 110607 785,4165.10,1,4165.10,4165.40,0.30,4165.10,3,4165.00,3,4164.90,4,4164.80,4,4164.70,5,4164.60,9,4164.50,6,4164.40,5,4164.30,9,4164.20,11,4165.40,3,4165.50,3,4165.60,4,4165.70,4,4165.80,4,4165.90,4,4166.00,1,4166.10,2,4166.20,10,4166.30,12,Sell,14,14,28,0.00,3.00,-2.00,1.10,45.5,4164.60,4165.70,4164.60,4165.10,60,80,140,-20.00,17.00,-20.00,3.00,66.7,-75,159,0.0000,3.0000,-16.00,-234.00,4174.68,-0.8403,DOWN,214.20,0.6536,2.3578
20260619 110607 785,4165.10,1,4165.10,4165.40,0.30,4165.10,3,4165.00,3,4164.90,4,4164.80,4,4164.70,5,4164.60,9,4164.50,6,4164.40,5,4164.30,9,4164.20,11,4165.40,3,4165.50,3,4165.60,4,4165.70,4,4165.80,4,4165.90,4,4166.00,1,4166.10,2,4166.20,10,4166.30,12,Sell,14,15,29,-1.00,3.00,-2.00,1.10,45.5,4164.60,4165.70,4164.60,4165.10,60,80,140,-20.00,17.00,-20.00,3.00,66.7,-75,159,0.0000,1.0000,-17.00,-235.00,4174.68,-0.8403,DOWN,214.20,0.6536,2.3578
20260619 110607 785,4165.10,1,4165.10,4165.40,0.30,4165.10,3,4165.00,3,4164.90,4,4164.80,4,4164.70,5,4164.60,9,4164.50,6,4164.40,5,4164.30,9,4164.20,11,4165.40,3,4165.50,3,4165.60,4,4165.70,4,4165.80,4,4165.90,4,4166.00,1,4166.10,2,4166.20,10,4166.30,12,Sell,14,16,30,-2.00,3.00,-2.00,1.10,45.5,4164.60,4165.70,4164.60,4165.10,60,80,140,-20.00,17.00,-20.00,3.00,66.7,-75,159,0.0000,0.0000,-18.00,-236.00,4174.68,-0.8403,DOWN,214.20,0.6536,2.3578
20260619 110609 501,4165.40,1,4165.10,4165.40,0.30,4165.10,3,4165.00,3,4164.90,4,4164.80,7,4164.70,5,4164.60,9,4164.50,6,4164.40,5,4164.30,9,4164.20,11,4165.40,2,4165.50,3,4165.60,4,4165.70,5,4165.80,4,4165.90,4,4166.00,1,4166.10,8,4166.20,10,4166.30,12,Buy,15,16,31,-1.00,3.00,-2.00,1.10,72.7,4164.60,4165.70,4164.60,4165.40,60,80,140,-20.00,17.00,-20.00,3.00,66.7,-75,159,0.0000,1.0000,-17.00,-235.00,4174.71,-0.8308,DOWN,214.20,0.6536,2.3578
20260619 110611 133,4165.10,1,4164.90,4165.20,0.30,4164.90,3,4164.80,9,4164.70,5,4164.60,9,4164.50,6,4164.40,5,4164.30,9,4164.20,11,4164.10,10,4164.00,13,4165.20,2,4165.30,4,4165.40,4,4165.50,3,4165.60,4,4165.70,5,4165.80,4,4165.90,4,4166.00,7,4166.10,8,Sell,15,17,32,-2.00,3.00,-2.00,1.10,45.5,4164.60,4165.70,4164.60,4165.10,60,80,140,-20.00,17.00,-20.00,3.00,66.7,-75,159,0.0000,0.0000,-18.00,-236.00,4174.68,-0.8403,DOWN,214.20,0.6536,2.3578
20260619 110612 092,4164.80,3,4164.70,4165.00,0.30,4164.70,4,4164.60,7,4164.50,5,4164.40,5,4164.30,4,4164.20,6,4164.10,5,4164.00,14,4163.90,8,4163.80,8,4165.00,2,4165.10,4,4165.20,4,4165.30,5,4165.40,4,4165.50,3,4165.60,4,4165.70,5,4165.80,10,4165.90,10,Sell,15,20,35,-5.00,3.00,-5.00,1.10,18.2,4164.60,4165.70,4164.60,4164.80,60,80,140,-20.00,17.00,-20.00,3.00,66.7,-75,159,0.0000,0.0000,-21.00,-239.00,4174.65,-0.8498,DOWN,214.20,0.6536,2.3578
20260619 110612 107,4164.90,1,4164.70,4165.00,0.30,4164.70,4,4164.60,7,4164.50,5,4164.40,5,4164.30,4,4164.20,6,4164.10,5,4164.00,14,4163.90,8,4163.80,8,4165.00,2,4165.10,4,4165.20,4,4165.30,5,4165.40,4,4165.50,3,4165.60,4,4165.70,5,4165.80,10,4165.90,10,Buy,16,20,36,-4.00,3.00,-5.00,1.10,27.3,4164.60,4165.70,4164.60,4164.90,60,80,140,-20.00,17.00,-20.00,3.00,66.7,-75,159,0.0000,0.2500,-20.00,-238.00,4174.66,-0.8467,DOWN,214.20,0.6536,2.3578
20260619 110613 170,4165.00,1,4164.80,4165.00,0.20,4164.80,3,4164.70,2,4164.60,7,4164.50,4,4164.40,5,4164.30,4,4164.20,6,4164.10,5,4164.00,14,4163.90,8,4165.00,1,4165.10,4,4165.20,4,4165.30,5,4165.40,4,4165.50,3,4165.60,4,4165.70,5,4165.80,10,4165.90,10,Buy,17,20,37,-3.00,3.00,-5.00,1.10,36.4,4164.60,4165.70,4164.60,4165.00,60,80,140,-20.00,17.00,-20.00,3.00,66.7,-75,159,0.0000,0.6667,-19.00,-237.00,4174.67,-0.8435,DOWN,214.20,0.6536,2.3578
20260619 110613 170,4165.10,1,4164.80,4165.00,0.20,4164.80,3,4164.70,2,4164.60,7,4164.50,4,4164.40,5,4164.30,4,4164.20,6,4164.10,5,4164.00,14,4163.90,8,4165.00,1,4165.10,4,4165.20,4,4165.30,5,4165.40,4,4165.50,3,4165.60,4,4165.70,5,4165.80,10,4165.90,10,Buy,18,20,38,-2.00,3.00,-5.00,1.10,45.5,4164.60,4165.70,4164.60,4165.10,60,80,140,-20.00,17.00,-20.00,3.00,66.7,-75,159,0.0000,1.5000,-18.00,-236.00,4174.68,-0.8403,DOWN,214.20,0.6536,2.3578
20260619 110613 170,4165.10,1,4164.80,4165.00,0.20,4164.80,3,4164.70,2,4164.60,7,4164.50,4,4164.40,5,4164.30,4,4164.20,6,4164.10,5,4164.00,14,4163.90,8,4165.00,1,4165.10,4,4165.20,4,4165.30,5,4165.40,4,4165.50,3,4165.60,4,4165.70,5,4165.80,10,4165.90,10,Buy,19,20,39,-1.00,3.00,-5.00,1.10,45.5,4164.60,4165.70,4164.60,4165.10,60,80,140,-20.00,17.00,-20.00,3.00,66.7,-75,159,0.0000,4.0000,-17.00,-235.00,4174.68,-0.8403,DOWN,214.20,0.6536,2.3578
20260619 110613 170,4165.10,1,4164.80,4165.00,0.20,4164.80,3,4164.70,2,4164.60,7,4164.50,4,4164.40,5,4164.30,4,4164.20,6,4164.10,5,4164.00,14,4163.90,8,4165.00,1,4165.10,4,4165.20,4,4165.30,5,4165.40,4,4165.50,3,4165.60,4,4165.70,5,4165.80,10,4165.90,10,Buy,20,20,40,0.00,3.00,-5.00,1.10,45.5,4164.60,4165.70,4164.60,4165.10,60,80,140,-20.00,17.00,-20.00,3.00,66.7,-75,159,0.0000,3.0000,-16.00,-234.00,4174.68,-0.8403,DOWN,214.20,0.6536,2.3578
20260619 110613 170,4165.10,1,4164.80,4165.00,0.20,4164.80,3,4164.70,2,4164.60,7,4164.50,4,4164.40,5,4164.30,4,4164.20,6,4164.10,5,4164.00,14,4163.90,8,4165.00,1,4165.10,4,4165.20,4,4165.30,5,4165.40,4,4165.50,3,4165.60,4,4165.70,5,4165.80,10,4165.90,10,Buy,21,20,41,1.00,3.00,-5.00,1.10,45.5,4164.60,4165.70,4164.60,4165.10,60,80,140,-20.00,17.00,-20.00,3.00,66.7,-75,159,0.0000,2.0000,-15.00,-233.00,4174.68,-0.8403,DOWN,214.20,0.6536,2.3578
20260619 110613 915,4165.10,1,4164.90,4165.10,0.20,4164.90,2,4164.80,3,4164.70,2,4164.60,7,4164.50,4,4164.40,5,4164.30,4,4164.20,6,4164.10,5,4164.00,14,4165.10,2,4165.20,5,4165.30,6,4165.40,5,4165.50,3,4165.60,4,4165.70,5,4165.80,10,4165.90,10,4166.00,7,Buy,22,20,42,2.00,3.00,-5.00,1.10,45.5,4164.60,4165.70,4164.60,4165.10,60,80,140,-20.00,17.00,-20.00,3.00,66.7,-75,159,0.0000,0.5000,-14.00,-232.00,4174.68,-0.8403,DOWN,214.20,0.6536,2.3578
20260619 110616 151,4165.10,1,4165.20,4165.40,0.20,4165.20,1,4165.10,4,4165.00,5,4164.90,6,4164.80,5,4164.70,2,4164.60,7,4164.50,4,4164.40,5,4164.30,4,4165.40,4,4165.50,5,4165.60,4,4165.70,5,4165.80,5,4165.90,4,4166.00,8,4166.10,8,4166.20,10,4166.30,12,Buy,23,20,43,3.00,3.00,-5.00,1.10,45.5,4164.60,4165.70,4164.60,4165.10,60,80,140,-20.00,17.00,-20.00,3.00,66.7,-75,159,0.0000,0.0000,-13.00,-231.00,4174.68,-0.8403,DOWN,214.20,0.6536,2.3578
20260619 110616 151,4165.10,1,4165.20,4165.40,0.20,4165.20,1,4165.10,4,4165.00,5,4164.90,6,4164.80,5,4164.70,2,4164.60,7,4164.50,4,4164.40,5,4164.30,4,4165.40,4,4165.50,5,4165.60,4,4165.70,5,4165.80,5,4165.90,4,4166.00,8,4166.10,8,4166.20,10,4166.30,12,Buy,24,20,44,4.00,4.00,-5.00,1.10,45.5,4164.60,4165.70,4164.60,4165.10,60,80,140,-20.00,17.00,-20.00,3.00,66.7,-75,159,0.0000,0.0000,-12.00,-230.00,4174.68,-0.8403,DOWN,214.20,0.6536,2.3578
20260619 110616 151,4165.20,1,4165.20,4165.40,0.20,4165.20,1,4165.10,4,4165.00,5,4164.90,6,4164.80,5,4164.70,2,4164.60,7,4164.50,4,4164.40,5,4164.30,4,4165.40,4,4165.50,5,4165.60,4,4165.70,5,4165.80,5,4165.90,4,4166.00,8,4166.10,8,4166.20,10,4166.30,12,Buy,25,20,45,5.00,5.00,-5.00,1.10,54.5,4164.60,4165.70,4164.60,4165.20,60,80,140,-20.00,17.00,-20.00,3.00,66.7,-75,159,0.0000,0.0000,-11.00,-229.00,4174.69,-0.8371,DOWN,214.20,0.6536,2.3578
20260619 110616 151,4165.20,1,4165.20,4165.40,0.20,4165.20,1,4165.10,4,4165.00,5,4164.90,6,4164.80,5,4164.70,2,4164.60,7,4164.50,4,4164.40,5,4164.30,4,4165.40,4,4165.50,5,4165.60,4,4165.70,5,4165.80,5,4165.90,4,4166.00,8,4166.10,8,4166.20,10,4166.30,12,Buy,26,20,46,6.00,6.00,-5.00,1.10,54.5,4164.60,4165.70,4164.60,4165.20,60,80,140,-20.00,17.00,-20.00,3.00,66.7,-75,159,0.0000,0.0000,-10.00,-228.00,4174.69,-0.8371,DOWN,214.20,0.6536,2.3578
20260619 110616 523,4165.40,1,4165.10,4165.40,0.30,4165.20,1,4165.10,4,4165.00,3,4164.90,6,4164.80,5,4164.70,2,4164.60,7,4164.50,4,4164.40,5,4164.30,4,4165.40,1,4165.50,5,4165.60,4,4165.70,5,4165.80,5,4165.90,4,4166.00,8,4166.10,8,4166.20,10,4166.30,12,Buy,27,20,47,7.00,7.00,-5.00,1.10,72.7,4164.60,4165.70,4164.60,4165.40,60,80,140,-20.00,17.00,-20.00,3.00,66.7,-75,159,0.0000,0.0000,-9.00,-227.00,4174.71,-0.8308,DOWN,214.20,0.6536,2.3578
20260619 110616 523,4165.40,1,4165.10,4165.40,0.30,4165.20,1,4165.10,4,4165.00,3,4164.90,6,4164.80,5,4164.70,2,4164.60,7,4164.50,4,4164.40,5,4164.30,4,4165.40,1,4165.50,5,4165.60,4,4165.70,5,4165.80,5,4165.90,4,4166.00,8,4166.10,8,4166.20,10,4166.30,12,Buy,28,20,48,8.00,8.00,-5.00,1.10,72.7,4164.60,4165.70,4164.60,4165.40,60,80,140,-20.00,17.00,-20.00,3.00,66.7,-75,159,0.0000,0.0000,-8.00,-226.00,4174.71,-0.8308,DOWN,214.20,0.6536,2.3578
20260619 110619 557,4165.40,1,4165.40,4165.50,0.10,4165.20,2,4165.10,4,4165.00,4,4164.90,4,4164.80,6,4164.70,2,4164.60,7,4164.50,4,4164.40,5,4164.30,10,4165.50,4,4165.60,4,4165.70,5,4165.80,5,4165.90,4,4166.00,8,4166.10,8,4166.20,10,4166.30,12,4166.40,11,Buy,29,20,49,9.00,9.00,-5.00,1.10,72.7,4164.60,4165.70,4164.60,4165.40,60,80,140,-20.00,17.00,-20.00,3.00,66.7,-75,159,0.0000,0.0000,-7.00,-225.00,4174.71,-0.8308,DOWN,214.20,0.6536,2.3578
20260619 110619 560,4165.40,1,4165.40,4165.50,0.10,4165.20,2,4165.10,4,4165.00,4,4164.90,4,4164.80,6,4164.70,2,4164.60,7,4164.50,4,4164.40,5,4164.30,10,4165.50,4,4165.60,4,4165.70,5,4165.80,5,4165.90,4,4166.00,8,4166.10,8,4166.20,10,4166.30,12,4166.40,11,Sell,29,21,50,8.00,9.00,-5.00,1.10,72.7,4164.60,4165.70,4164.60,4165.40,60,80,140,-20.00,17.00,-20.00,3.00,66.7,-75,159,0.0000,0.1250,-8.00,-226.00,4174.71,-0.8308,DOWN,214.20,0.6536,2.3578
20260619 110619 560,4165.50,1,4165.40,4165.50,0.10,4165.20,2,4165.10,4,4165.00,4,4164.90,4,4164.80,6,4164.70,2,4164.60,7,4164.50,4,4164.40,5,4164.30,10,4165.50,4,4165.60,4,4165.70,5,4165.80,5,4165.90,4,4166.00,8,4166.10,8,4166.20,10,4166.30,12,4166.40,11,Buy,30,21,51,9.00,9.00,-5.00,1.10,81.8,4164.60,4165.70,4164.60,4165.50,60,80,140,-20.00,17.00,-20.00,3.00,66.7,-75,159,0.0000,0.0000,-7.00,-225.00,4174.72,-0.8276,DOWN,214.20,0.6536,2.3578
20260619 110622 181,4165.20,1,4164.80,4165.10,0.30,4164.80,7,4164.70,2,4164.60,7,4164.50,5,4164.40,5,4164.30,4,4164.20,12,4164.10,11,4164.00,14,4163.90,8,4165.10,2,4165.20,5,4165.30,6,4165.40,5,4165.50,5,4165.60,4,4165.70,5,4165.80,3,4165.90,10,4166.00,8,Sell,30,22,52,8.00,9.00,-5.00,1.10,54.5,4164.60,4165.70,4164.60,4165.20,60,80,140,-20.00,17.00,-20.00,3.00,66.7,-75,159,0.0000,0.1250,-8.00,-226.00,4174.69,-0.8371,DOWN,214.20,0.6536,2.3578
20260619 110622 181,4165.20,1,4164.80,4165.10,0.30,4164.80,7,4164.70,2,4164.60,7,4164.50,5,4164.40,5,4164.30,4,4164.20,12,4164.10,11,4164.00,14,4163.90,8,4165.10,2,4165.20,5,4165.30,6,4165.40,5,4165.50,5,4165.60,4,4165.70,5,4165.80,3,4165.90,10,4166.00,8,Sell,30,23,53,7.00,9.00,-5.00,1.10,54.5,4164.60,4165.70,4164.60,4165.20,60,80,140,-20.00,17.00,-20.00,3.00,66.7,-75,159,0.0000,0.2857,-9.00,-227.00,4174.69,-0.8371,DOWN,214.20,0.6536,2.3578
20260619 110622 201,4165.20,1,4164.80,4165.10,0.30,4164.80,7,4164.70,2,4164.60,7,4164.50,5,4164.40,5,4164.30,4,4164.20,12,4164.10,11,4164.00,14,4163.90,8,4165.10,2,4165.20,5,4165.30,6,4165.40,5,4165.50,5,4165.60,4,4165.70,5,4165.80,3,4165.90,10,4166.00,8,Sell,30,24,54,6.00,9.00,-5.00,1.10,54.5,4164.60,4165.70,4164.60,4165.20,60,80,140,-20.00,17.00,-20.00,3.00,66.7,-75,159,0.0000,0.5000,-10.00,-228.00,4174.69,-0.8371,DOWN,214.20,0.6536,2.3578
20260619 110622 209,4165.00,1,4164.80,4165.10,0.30,4164.80,7,4164.70,2,4164.60,7,4164.50,5,4164.40,5,4164.30,4,4164.20,12,4164.10,11,4164.00,14,4163.90,8,4165.10,2,4165.20,5,4165.30,6,4165.40,5,4165.50,5,4165.60,4,4165.70,5,4165.80,3,4165.90,10,4166.00,8,Sell,30,25,55,5.00,9.00,-5.00,1.10,36.4,4164.60,4165.70,4164.60,4165.00,60,80,140,-20.00,17.00,-20.00,3.00,66.7,-75,159,0.0000,0.8000,-11.00,-229.00,4174.67,-0.8435,DOWN,214.20,0.6536,2.3578
20260619 110623 686,4164.80,1,4164.60,4164.80,0.20,4164.60,4,4164.50,2,4164.40,4,4164.30,3,4164.20,5,4164.10,5,4164.00,8,4163.90,8,4163.80,8,4163.70,9,4164.80,1,4164.90,4,4165.00,6,4165.10,5,4165.20,5,4165.30,8,4165.40,6,4165.50,6,4165.60,11,4165.70,11,Sell,30,26,56,4.00,9.00,-5.00,1.10,18.2,4164.60,4165.70,4164.60,4164.80,60,80,140,-20.00,17.00,-20.00,3.00,66.7,-75,159,0.0000,1.2500,-12.00,-230.00,4174.65,-0.8498,DOWN,214.20,0.6536,2.3578
20260619 110623 686,4164.80,1,4164.60,4164.80,0.20,4164.60,4,4164.50,2,4164.40,4,4164.30,3,4164.20,5,4164.10,5,4164.00,8,4163.90,8,4163.80,8,4163.70,9,4164.80,1,4164.90,4,4165.00,6,4165.10,5,4165.20,5,4165.30,8,4165.40,6,4165.50,6,4165.60,11,4165.70,11,Sell,30,27,57,3.00,9.00,-5.00,1.10,18.2,4164.60,4165.70,4164.60,4164.80,60,80,140,-20.00,17.00,-20.00,3.00,66.7,-75,159,0.0000,2.0000,-13.00,-231.00,4174.65,-0.8498,DOWN,214.20,0.6536,2.3578
20260619 110623 686,4164.80,1,4164.60,4164.80,0.20,4164.60,4,4164.50,2,4164.40,4,4164.30,3,4164.20,5,4164.10,5,4164.00,8,4163.90,8,4163.80,8,4163.70,9,4164.80,1,4164.90,4,4165.00,6,4165.10,5,4165.20,5,4165.30,8,4165.40,6,4165.50,6,4165.60,11,4165.70,11,Sell,30,28,58,2.00,9.00,-5.00,1.10,18.2,4164.60,4165.70,4164.60,4164.80,60,80,140,-20.00,17.00,-20.00,3.00,66.7,-75,159,0.0000,3.5000,-14.00,-232.00,4174.65,-0.8498,DOWN,214.20,0.6536,2.3578
20260619 110623 851,4164.90,1,4164.60,4164.90,0.30,4164.60,4,4164.50,2,4164.40,4,4164.30,3,4164.20,5,4164.10,5,4164.00,8,4163.90,3,4163.80,8,4163.70,9,4164.90,2,4165.00,6,4165.10,5,4165.20,5,4165.30,8,4165.40,6,4165.50,6,4165.60,11,4165.70,11,4165.80,9,Buy,31,28,59,3.00,9.00,-5.00,1.10,27.3,4164.60,4165.70,4164.60,4164.90,60,80,140,-20.00,17.00,-20.00,3.00,66.7,-75,159,0.0000,2.0000,-13.00,-231.00,4174.66,-0.8467,DOWN,214.20,0.6536,2.3578
20260619 110624 537,4165.00,1,4165.10,4165.30,0.20,4165.10,3,4165.00,4,4164.90,3,4164.80,6,4164.70,3,4164.60,6,4164.50,3,4164.40,5,4164.30,4,4164.20,5,4165.30,2,4165.40,6,4165.50,6,4165.60,5,4165.70,5,4165.80,5,4165.90,10,4166.00,10,4166.10,8,4166.20,10,Buy,32,28,60,4.00,9.00,-5.00,1.10,36.4,4164.60,4165.70,4164.60,4165.00,60,80,140,-20.00,17.00,-20.00,3.00,66.7,-75,159,0.0000,1.2500,-12.00,-230.00,4174.67,-0.8435,DOWN,214.20,0.6536,2.3578
20260619 110624 537,4165.00,1,4165.10,4165.30,0.20,4165.10,3,4165.00,4,4164.90,3,4164.80,6,4164.70,3,4164.60,6,4164.50,3,4164.40,5,4164.30,4,4164.20,5,4165.30,2,4165.40,6,4165.50,6,4165.60,5,4165.70,5,4165.80,5,4165.90,10,4166.00,10,4166.10,8,4166.20,10,Buy,33,28,61,5.00,9.00,-5.00,1.10,36.4,4164.60,4165.70,4164.60,4165.00,60,80,140,-20.00,17.00,-20.00,3.00,66.7,-75,159,0.0000,0.8000,-11.00,-229.00,4174.67,-0.8435,DOWN,214.20,0.6536,2.3578
20260619 110624 541,4165.10,1,4165.10,4165.30,0.20,4165.10,3,4165.00,4,4164.90,3,4164.80,6,4164.70,3,4164.60,6,4164.50,3,4164.40,5,4164.30,4,4164.20,5,4165.30,2,4165.40,6,4165.50,6,4165.60,5,4165.70,5,4165.80,5,4165.90,10,4166.00,10,4166.10,8,4166.20,10,Buy,34,28,62,6.00,9.00,-5.00,1.10,45.5,4164.60,4165.70,4164.60,4165.10,60,80,140,-20.00,17.00,-20.00,3.00,66.7,-75,159,0.0000,0.5000,-10.00,-228.00,4174.68,-0.8403,DOWN,214.20,0.6536,2.3578
20260619 110625 203,4165.20,1,4165.10,4165.30,0.20,4165.10,1,4165.00,4,4164.90,3,4164.80,6,4164.70,3,4164.60,6,4164.50,3,4164.40,5,4164.30,4,4164.20,11,4165.30,1,4165.40,5,4165.50,6,4165.60,5,4165.70,5,4165.80,5,4165.90,4,4166.00,10,4166.10,8,4166.20,10,Sell,34,29,63,5.00,9.00,-5.00,1.10,54.5,4164.60,4165.70,4164.60,4165.20,60,80,140,-20.00,17.00,-20.00,3.00,66.7,-75,159,0.0000,0.8000,-11.00,-229.00,4174.69,-0.8371,DOWN,214.20,0.6536,2.3578
20260619 110625 203,4165.10,1,4165.10,4165.30,0.20,4165.10,1,4165.00,4,4164.90,3,4164.80,6,4164.70,3,4164.60,6,4164.50,3,4164.40,5,4164.30,4,4164.20,11,4165.30,1,4165.40,5,4165.50,6,4165.60,5,4165.70,5,4165.80,5,4165.90,4,4166.00,10,4166.10,8,4166.20,10,Sell,34,30,64,4.00,9.00,-5.00,1.10,45.5,4164.60,4165.70,4164.60,4165.10,60,80,140,-20.00,17.00,-20.00,3.00,66.7,-75,159,0.0000,1.2500,-12.00,-230.00,4174.68,-0.8403,DOWN,214.20,0.6536,2.3578
20260619 110625 203,4165.10,1,4165.10,4165.30,0.20,4165.10,1,4165.00,4,4164.90,3,4164.80,6,4164.70,3,4164.60,6,4164.50,3,4164.40,5,4164.30,4,4164.20,11,4165.30,1,4165.40,5,4165.50,6,4165.60,5,4165.70,5,4165.80,5,4165.90,4,4166.00,10,4166.10,8,4166.20,10,Sell,34,31,65,3.00,9.00,-5.00,1.10,45.5,4164.60,4165.70,4164.60,4165.10,60,80,140,-20.00,17.00,-20.00,3.00,66.7,-75,159,0.0000,2.0000,-13.00,-231.00,4174.68,-0.8403,DOWN,214.20,0.6536,2.3578
20260619 110625 229,4165.10,1,4165.10,4165.30,0.20,4165.10,2,4165.00,4,4164.90,3,4164.80,6,4164.70,3,4164.60,6,4164.50,4,4164.40,5,4164.30,4,4164.20,11,4165.30,1,4165.40,4,4165.50,5,4165.60,4,4165.70,5,4165.80,5,4165.90,4,4166.00,10,4166.10,8,4166.20,10,Sell,34,32,66,2.00,9.00,-5.00,1.10,45.5,4164.60,4165.70,4164.60,4165.10,60,80,140,-20.00,17.00,-20.00,3.00,66.7,-75,159,0.0000,3.5000,-14.00,-232.00,4174.68,-0.8403,DOWN,214.20,0.6536,2.3578
20260619 110627 853,4164.70,1,4164.40,4164.70,0.30,4164.70,3,4164.60,6,4164.50,3,4164.40,4,4164.30,3,4164.20,5,4164.10,5,4164.00,8,4163.90,9,4163.80,8,4164.90,1,4165.00,3,4165.10,3,4165.20,3,4165.30,6,4165.40,6,4165.50,6,4165.60,5,4165.70,5,4165.80,11,Sell,34,33,67,1.00,9.00,-5.00,1.10,9.1,4164.60,4165.70,4164.60,4164.70,60,80,140,-20.00,17.00,-20.00,3.00,66.7,-75,159,0.0000,8.0000,-15.00,-233.00,4174.64,-0.8530,DOWN,214.20,0.6536,2.3578
20260619 110627 853,4164.60,4,4164.40,4164.70,0.30,4164.70,3,4164.60,6,4164.50,3,4164.40,4,4164.30,3,4164.20,5,4164.10,5,4164.00,8,4163.90,9,4163.80,8,4164.90,1,4165.00,3,4165.10,3,4165.20,3,4165.30,6,4165.40,6,4165.50,6,4165.60,5,4165.70,5,4165.80,11,Sell,34,37,71,-3.00,9.00,-5.00,1.10,0.0,4164.60,4165.70,4164.60,4164.60,60,80,140,-20.00,17.00,-20.00,3.00,66.7,-75,159,0.0000,0.6667,-19.00,-237.00,4174.63,-0.8562,DOWN,214.20,0.6536,2.3578
20260619 110627 853,4164.60,1,4164.40,4164.70,0.30,4164.70,3,4164.60,6,4164.50,3,4164.40,4,4164.30,3,4164.20,5,4164.10,5,4164.00,8,4163.90,9,4163.80,8,4164.90,1,4165.00,3,4165.10,3,4165.20,3,4165.30,6,4165.40,6,4165.50,6,4165.60,5,4165.70,5,4165.80,11,Sell,34,38,72,-4.00,9.00,-5.00,1.10,0.0,4164.60,4165.70,4164.60,4164.60,60,80,140,-20.00,17.00,-20.00,3.00,66.7,-75,159,0.0000,0.2500,-20.00,-238.00,4174.63,-0.8562,DOWN,214.20,0.6536,2.3578
20260619 110627 853,4164.60,1,4164.40,4164.70,0.30,4164.70,3,4164.60,6,4164.50,3,4164.40,4,4164.30,3,4164.20,5,4164.10,5,4164.00,8,4163.90,9,4163.80,8,4164.90,1,4165.00,3,4165.10,3,4165.20,3,4165.30,6,4165.40,6,4165.50,6,4165.60,5,4165.70,5,4165.80,11,Sell,34,39,73,-5.00,9.00,-5.00,1.10,0.0,4164.60,4165.70,4164.60,4164.60,60,80,140,-20.00,17.00,-20.00,3.00,66.7,-75,159,0.0000,0.0000,-21.00,-239.00,4174.63,-0.8562,DOWN,214.20,0.6536,2.3578
20260619 110627 854,4164.50,1,4164.40,4164.70,0.30,4164.70,3,4164.60,6,4164.50,3,4164.40,4,4164.30,3,4164.20,5,4164.10,5,4164.00,8,4163.90,9,4163.80,8,4164.90,1,4165.00,3,4165.10,3,4165.20,3,4165.30,6,4165.40,6,4165.50,6,4165.60,5,4165.70,5,4165.80,11,Sell,34,40,74,-6.00,9.00,-6.00,1.20,8.3,4164.60,4165.70,4164.50,4164.50,60,80,140,-20.00,17.00,-20.00,3.00,66.7,-75,159,0.0000,0.0000,-22.00,-240.00,4174.62,-0.8593,DOWN,214.20,0.6536,2.3650
20260619 110627 854,4164.50,1,4164.40,4164.70,0.30,4164.70,3,4164.60,6,4164.50,3,4164.40,4,4164.30,3,4164.20,5,4164.10,5,4164.00,8,4163.90,9,4163.80,8,4164.90,1,4165.00,3,4165.10,3,4165.20,3,4165.30,6,4165.40,6,4165.50,6,4165.60,5,4165.70,5,4165.80,11,Sell,34,41,75,-7.00,9.00,-7.00,1.20,8.3,4164.60,4165.70,4164.50,4164.50,60,80,140,-20.00,17.00,-20.00,3.00,66.7,-75,159,0.0000,0.0000,-23.00,-241.00,4174.62,-0.8593,DOWN,214.20,0.6536,2.3650
20260619 110627 854,4164.50,1,4164.40,4164.70,0.30,4164.70,3,4164.60,6,4164.50,3,4164.40,4,4164.30,3,4164.20,5,4164.10,5,4164.00,8,4163.90,9,4163.80,8,4164.90,1,4165.00,3,4165.10,3,4165.20,3,4165.30,6,4165.40,6,4165.50,6,4165.60,5,4165.70,5,4165.80,11,Sell,34,42,76,-8.00,9.00,-8.00,1.20,8.3,4164.60,4165.70,4164.50,4164.50,60,80,140,-20.00,17.00,-20.00,3.00,66.7,-75,159,0.0000,0.0000,-24.00,-242.00,4174.62,-0.8593,DOWN,214.20,0.6536,2.3650
20260619 110627 855,4164.40,1,4164.40,4164.70,0.30,4164.70,3,4164.60,6,4164.50,3,4164.40,4,4164.30,3,4164.20,5,4164.10,5,4164.00,8,4163.90,9,4163.80,8,4164.90,1,4165.00,3,4165.10,3,4165.20,3,4165.30,6,4165.40,6,4165.50,6,4165.60,5,4165.70,5,4165.80,11,Sell,34,43,77,-9.00,9.00,-9.00,1.30,15.4,4164.60,4165.70,4164.40,4164.40,60,80,140,-20.00,17.00,-20.00,3.00,66.7,-75,159,0.0000,0.0000,-25.00,-243.00,4174.61,-0.8625,DOWN,214.20,0.6536,2.3721
20260619 110628 127,4164.40,1,4164.20,4164.40,0.20,4164.20,3,4164.10,5,4164.00,8,4163.90,4,4163.80,3,4163.70,4,4163.60,3,4163.50,12,4163.40,11,4163.30,9,4164.50,3,4164.60,3,4164.70,4,4164.80,3,4164.90,4,4165.00,6,4165.10,5,4165.20,4,4165.30,13,4165.40,11,Buy,35,43,78,-8.00,9.00,-9.00,1.30,15.4,4164.60,4165.70,4164.40,4164.40,60,80,140,-20.00,17.00,-20.00,3.00,66.7,-75,159,0.0000,0.1250,-24.00,-242.00,4174.61,-0.8625,DOWN,214.20,0.6536,2.3721
20260619 110628 127,4164.40,1,4164.20,4164.40,0.20,4164.20,3,4164.10,5,4164.00,8,4163.90,4,4163.80,3,4163.70,4,4163.60,3,4163.50,12,4163.40,11,4163.30,9,4164.50,3,4164.60,3,4164.70,4,4164.80,3,4164.90,4,4165.00,6,4165.10,5,4165.20,4,4165.30,13,4165.40,11,Buy,36,43,79,-7.00,9.00,-9.00,1.30,15.4,4164.60,4165.70,4164.40,4164.40,60,80,140,-20.00,17.00,-20.00,3.00,66.7,-75,159,0.0000,0.2857,-23.00,-241.00,4174.61,-0.8625,DOWN,214.20,0.6536,2.3721
20260619 110628 434,4164.20,1,4164.20,4164.50,0.30,4164.20,4,4164.10,5,4164.00,8,4163.90,4,4163.80,3,4163.70,4,4163.60,3,4163.50,6,4163.40,11,4163.30,9,4164.50,3,4164.60,3,4164.70,4,4164.80,3,4164.90,4,4165.00,6,4165.10,5,4165.20,4,4165.30,13,4165.40,11,Sell,36,44,80,-8.00,9.00,-9.00,1.50,26.7,4164.60,4165.70,4164.20,4164.20,60,80,140,-20.00,17.00,-20.00,3.00,66.7,-75,159,0.0000,0.1250,-24.00,-242.00,4174.60,-0.8689,DOWN,214.20,0.6536,2.3864
20260619 110628 434,4164.20,1,4164.20,4164.50,0.30,4164.20,4,4164.10,5,4164.00,8,4163.90,4,4163.80,3,4163.70,4,4163.60,3,4163.50,6,4163.40,11,4163.30,9,4164.50,3,4164.60,3,4164.70,4,4164.80,3,4164.90,4,4165.00,6,4165.10,5,4165.20,4,4165.30,13,4165.40,11,Sell,36,45,81,-9.00,9.00,-9.00,1.50,26.7,4164.60,4165.70,4164.20,4164.20,60,80,140,-20.00,17.00,-20.00,3.00,66.7,-75,159,0.0000,0.0000,-25.00,-243.00,4174.60,-0.8689,DOWN,214.20,0.6536,2.3864
20260619 110628 434,4164.20,1,4164.20,4164.50,0.30,4164.20,4,4164.10,5,4164.00,8,4163.90,4,4163.80,3,4163.70,4,4163.60,3,4163.50,6,4163.40,11,4163.30,9,4164.50,3,4164.60,3,4164.70,4,4164.80,3,4164.90,4,4165.00,6,4165.10,5,4165.20,4,4165.30,13,4165.40,11,Sell,36,46,82,-10.00,9.00,-10.00,1.50,26.7,4164.60,4165.70,4164.20,4164.20,60,80,140,-20.00,17.00,-20.00,3.00,66.7,-75,159,0.0000,0.0000,-26.00,-244.00,4174.60,-0.8689,DOWN,214.20,0.6536,2.3864
20260619 110628 434,4164.20,1,4164.20,4164.50,0.30,4164.20,4,4164.10,5,4164.00,8,4163.90,4,4163.80,3,4163.70,4,4163.60,3,4163.50,6,4163.40,11,4163.30,9,4164.50,3,4164.60,3,4164.70,4,4164.80,3,4164.90,4,4165.00,6,4165.10,5,4165.20,4,4165.30,13,4165.40,11,Sell,36,47,83,-11.00,9.00,-11.00,1.50,26.7,4164.60,4165.70,4164.20,4164.20,60,80,140,-20.00,17.00,-20.00,3.00,66.7,-75,159,0.0000,0.0000,-27.00,-245.00,4174.60,-0.8689,DOWN,214.20,0.6536,2.3864
20260619 110628 434,4164.10,1,4164.20,4164.50,0.30,4164.20,4,4164.10,5,4164.00,8,4163.90,4,4163.80,3,4163.70,4,4163.60,3,4163.50,6,4163.40,11,4163.30,9,4164.50,3,4164.60,3,4164.70,4,4164.80,3,4164.90,4,4165.00,6,4165.10,5,4165.20,4,4165.30,13,4165.40,11,Sell,36,48,84,-12.00,9.00,-12.00,1.60,31.3,4164.60,4165.70,4164.10,4164.10,60,80,140,-20.00,17.00,-20.00,3.00,66.7,-75,159,0.0000,0.0000,-28.00,-246.00,4174.59,-0.8720,DOWN,214.20,0.6536,2.3936
20260619 110630 344,4164.60,1,4164.60,4164.80,0.20,4164.60,2,4164.50,3,4164.40,7,4164.30,5,4164.20,3,4164.10,3,4164.00,8,4163.90,4,4163.80,10,4163.70,10,4164.80,1,4164.90,4,4165.00,3,4165.10,3,4165.20,5,4165.30,6,4165.40,5,4165.50,5,4165.60,10,4165.70,10,Buy,37,48,85,-11.00,9.00,-12.00,1.60,0.0,4164.60,4165.70,4164.10,4164.60,60,80,140,-20.00,17.00,-20.00,3.00,66.7,-75,159,0.0000,0.0909,-27.00,-245.00,4174.63,-0.8562,DOWN,214.20,0.6536,2.3936
20260619 110630 348,4164.80,1,4164.60,4164.80,0.20,4164.60,2,4164.50,3,4164.40,7,4164.30,5,4164.20,3,4164.10,3,4164.00,8,4163.90,4,4163.80,10,4163.70,10,4164.80,1,4164.90,4,4165.00,3,4165.10,3,4165.20,5,4165.30,6,4165.40,5,4165.50,5,4165.60,10,4165.70,10,Buy,38,48,86,-10.00,9.00,-12.00,1.60,12.5,4164.60,4165.70,4164.10,4164.80,60,80,140,-20.00,17.00,-20.00,3.00,66.7,-75,159,0.0000,0.2000,-26.00,-244.00,4174.65,-0.8498,DOWN,214.20,0.6536,2.3936
20260619 110630 350,4164.70,1,4164.60,4164.80,0.20,4164.60,2,4164.50,3,4164.40,7,4164.30,5,4164.20,3,4164.10,3,4164.00,8,4163.90,4,4163.80,10,4163.70,10,4164.80,1,4164.90,4,4165.00,3,4165.10,3,4165.20,5,4165.30,6,4165.40,5,4165.50,5,4165.60,10,4165.70,10,Sell,38,49,87,-11.00,9.00,-12.00,1.60,6.2,4164.60,4165.70,4164.10,4164.70,60,80,140,-20.00,17.00,-20.00,3.00,66.7,-75,159,0.0000,0.0909,-27.00,-245.00,4174.64,-0.8530,DOWN,214.20,0.6536,2.3936
20260619 110630 350,4164.70,1,4164.60,4164.80,0.20,4164.60,2,4164.50,3,4164.40,7,4164.30,5,4164.20,3,4164.10,3,4164.00,8,4163.90,4,4163.80,10,4163.70,10,4164.80,1,4164.90,4,4165.00,3,4165.10,3,4165.20,5,4165.30,6,4165.40,5,4165.50,5,4165.60,10,4165.70,10,Sell,38,50,88,-12.00,9.00,-12.00,1.60,6.2,4164.60,4165.70,4164.10,4164.70,60,80,140,-20.00,17.00,-20.00,3.00,66.7,-75,159,0.0000,0.0000,-28.00,-246.00,4174.64,-0.8530,DOWN,214.20,0.6536,2.3936
20260619 110630 350,4164.70,1,4164.60,4164.80,0.20,4164.60,2,4164.50,3,4164.40,7,4164.30,5,4164.20,3,4164.10,3,4164.00,8,4163.90,4,4163.80,10,4163.70,10,4164.80,1,4164.90,4,4165.00,3,4165.10,3,4165.20,5,4165.30,6,4165.40,5,4165.50,5,4165.60,10,4165.70,10,Sell,38,51,89,-13.00,9.00,-13.00,1.60,6.2,4164.60,4165.70,4164.10,4164.70,60,80,140,-20.00,17.00,-20.00,3.00,66.7,-75,159,0.0000,0.0000,-29.00,-247.00,4174.64,-0.8530,DOWN,214.20,0.6536,2.3936
20260619 110630 350,4164.60,1,4164.60,4164.80,0.20,4164.60,2,4164.50,3,4164.40,7,4164.30,5,4164.20,3,4164.10,3,4164.00,8,4163.90,4,4163.80,10,4163.70,10,4164.80,1,4164.90,4,4165.00,3,4165.10,3,4165.20,5,4165.30,6,4165.40,5,4165.50,5,4165.60,10,4165.70,10,Sell,38,52,90,-14.00,9.00,-14.00,1.60,0.0,4164.60,4165.70,4164.10,4164.60,60,80,140,-20.00,17.00,-20.00,3.00,66.7,-75,159,0.0000,0.0000,-30.00,-248.00,4174.63,-0.8562,DOWN,214.20,0.6536,2.3936
20260619 110630 350,4164.60,1,4164.60,4164.80,0.20,4164.60,2,4164.50,3,4164.40,7,4164.30,5,4164.20,3,4164.10,3,4164.00,8,4163.90,4,4163.80,10,4163.70,10,4164.80,1,4164.90,4,4165.00,3,4165.10,3,4165.20,5,4165.30,6,4165.40,5,4165.50,5,4165.60,10,4165.70,10,Sell,38,53,91,-15.00,9.00,-15.00,1.60,0.0,4164.60,4165.70,4164.10,4164.60,60,80,140,-20.00,17.00,-20.00,3.00,66.7,-75,159,0.0000,0.0000,-31.00,-249.00,4174.63,-0.8562,DOWN,214.20,0.6536,2.3936
20260619 110630 401,4164.60,1,4164.60,4164.80,0.20,4164.60,2,4164.50,3,4164.40,7,4164.30,5,4164.20,3,4164.10,3,4164.00,8,4163.90,4,4163.80,10,4163.70,10,4164.80,1,4164.90,4,4165.00,3,4165.10,3,4165.20,5,4165.30,6,4165.40,5,4165.50,5,4165.60,10,4165.70,10,Sell,38,54,92,-16.00,9.00,-16.00,1.60,0.0,4164.60,4165.70,4164.10,4164.60,60,80,140,-20.00,17.00,-20.00,3.00,66.7,-75,159,0.0000,0.0000,-32.00,-250.00,4174.63,-0.8562,DOWN,214.20,0.6536,2.3936
20260619 110630 756,4164.70,1,4164.30,4164.50,0.20,4164.30,2,4164.20,3,4164.10,3,4164.00,7,4163.90,4,4163.80,4,4163.70,4,4163.60,3,4163.50,12,4163.40,11,4164.50,1,4164.60,4,4164.70,3,4164.80,4,4164.90,5,4165.00,4,4165.10,4,4165.20,5,4165.30,6,4165.40,11,Sell,38,55,93,-17.00,9.00,-17.00,1.60,6.2,4164.60,4165.70,4164.10,4164.70,60,80,140,-20.00,17.00,-20.00,3.00,66.7,-75,159,0.0000,0.0000,-33.00,-251.00,4174.64,-0.8530,DOWN,214.20,0.6536,2.3936
20260619 110630 759,4164.60,1,4164.30,4164.50,0.20,4164.30,2,4164.20,3,4164.10,3,4164.00,7,4163.90,4,4163.80,4,4163.70,4,4163.60,3,4163.50,12,4163.40,11,4164.50,1,4164.60,4,4164.70,3,4164.80,4,4164.90,5,4165.00,4,4165.10,4,4165.20,5,4165.30,6,4165.40,11,Sell,38,56,94,-18.00,9.00,-18.00,1.60,0.0,4164.60,4165.70,4164.10,4164.60,60,80,140,-20.00,17.00,-20.00,3.00,66.7,-75,159,0.0000,0.0000,-34.00,-252.00,4174.63,-0.8562,DOWN,214.20,0.6536,2.3936
20260619 110630 760,4164.50,1,4164.30,4164.50,0.20,4164.30,2,4164.20,3,4164.10,3,4164.00,7,4163.90,4,4163.80,4,4163.70,4,4163.60,3,4163.50,12,4163.40,11,4164.50,1,4164.60,4,4164.70,3,4164.80,4,4164.90,5,4165.00,4,4165.10,4,4165.20,5,4165.30,6,4165.40,11,Sell,38,57,95,-19.00,9.00,-19.00,1.60,6.3,4164.60,4165.70,4164.10,4164.50,60,80,140,-20.00,17.00,-20.00,3.00,66.7,-75,159,0.0000,0.0000,-35.00,-253.00,4174.62,-0.8593,DOWN,214.20,0.6536,2.3936
20260619 110630 760,4164.50,1,4164.30,4164.50,0.20,4164.30,2,4164.20,3,4164.10,3,4164.00,7,4163.90,4,4163.80,4,4163.70,4,4163.60,3,4163.50,12,4163.40,11,4164.50,1,4164.60,4,4164.70,3,4164.80,4,4164.90,5,4165.00,4,4165.10,4,4165.20,5,4165.30,6,4165.40,11,Sell,38,58,96,-20.00,9.00,-20.00,1.60,6.3,4164.60,4165.70,4164.10,4164.50,60,80,140,-20.00,17.00,-20.00,3.00,66.7,-75,159,0.0000,0.0000,-36.00,-254.00,4174.62,-0.8593,DOWN,214.20,0.6536,2.3936
20260619 110630 760,4164.50,1,4164.30,4164.50,0.20,4164.30,2,4164.20,3,4164.10,3,4164.00,7,4163.90,4,4163.80,4,4163.70,4,4163.60,3,4163.50,12,4163.40,11,4164.50,1,4164.60,4,4164.70,3,4164.80,4,4164.90,5,4165.00,4,4165.10,4,4165.20,5,4165.30,6,4165.40,11,Sell,38,59,97,-21.00,9.00,-21.00,1.60,6.3,4164.60,4165.70,4164.10,4164.50,60,80,140,-20.00,17.00,-20.00,3.00,66.7,-75,159,0.0000,0.0000,-37.00,-255.00,4174.62,-0.8593,DOWN,214.20,0.6536,2.3936
20260619 110630 802,4164.40,1,4164.30,4164.50,0.20,4164.30,2,4164.20,3,4164.10,3,4164.00,7,4163.90,4,4163.80,4,4163.70,4,4163.60,3,4163.50,12,4163.40,11,4164.50,1,4164.60,4,4164.70,3,4164.80,4,4164.90,5,4165.00,4,4165.10,4,4165.20,5,4165.30,6,4165.40,11,Buy,39,59,98,-20.00,9.00,-21.00,1.60,12.5,4164.60,4165.70,4164.10,4164.40,60,80,140,-20.00,17.00,-20.00,3.00,66.7,-75,159,0.0000,0.0500,-36.00,-254.00,4174.61,-0.8625,DOWN,214.20,0.6536,2.3936
20260619 110630 806,4164.50,1,4164.30,4164.50,0.20,4164.30,2,4164.20,3,4164.10,3,4164.00,7,4163.90,4,4163.80,4,4163.70,4,4163.60,3,4163.50,12,4163.40,11,4164.50,1,4164.60,4,4164.70,3,4164.80,4,4164.90,5,4165.00,4,4165.10,4,4165.20,5,4165.30,6,4165.40,11,Buy,40,59,99,-19.00,9.00,-21.00,1.60,6.3,4164.60,4165.70,4164.10,4164.50,60,80,140,-20.00,17.00,-20.00,3.00,66.7,-75,159,0.0000,0.1053,-35.00,-253.00,4174.62,-0.8593,DOWN,214.20,0.6536,2.3936
20260619 110630 806,4164.50,1,4164.30,4164.50,0.20,4164.30,2,4164.20,3,4164.10,3,4164.00,7,4163.90,4,4163.80,4,4163.70,4,4163.60,3,4163.50,12,4163.40,11,4164.50,1,4164.60,4,4164.70,3,4164.80,4,4164.90,5,4165.00,4,4165.10,4,4165.20,5,4165.30,6,4165.40,11,Buy,41,59,100,-18.00,9.00,-21.00,1.60,6.3,4164.60,4165.70,4164.10,4164.50,60,80,140,-20.00,17.00,-20.00,3.00,66.7,-75,159,0.0000,0.1667,-34.00,-252.00,4174.62,-0.8593,DOWN,214.20,0.6536,2.3936
20260619 110631 276,4164.50,1,4164.30,4164.50,0.20,4164.30,2,4164.20,3,4164.10,2,4164.00,7,4163.90,4,4163.80,4,4163.70,4,4163.60,3,4163.50,12,4163.40,11,4164.50,2,4164.60,5,4164.70,3,4164.80,5,4164.90,5,4165.00,4,4165.10,4,4165.20,5,4165.30,6,4165.40,11,Buy,42,59,101,-17.00,9.00,-21.00,1.60,6.3,4164.60,4165.70,4164.10,4164.50,60,80,140,-20.00,17.00,-20.00,3.00,66.7,-75,159,0.0000,0.2353,-33.00,-251.00,4174.62,-0.8593,DOWN,214.20,0.6536,2.3936
20260619 110631 276,4164.50,1,4164.30,4164.50,0.20,4164.30,2,4164.20,3,4164.10,2,4164.00,7,4163.90,4,4163.80,4,4163.70,4,4163.60,3,4163.50,12,4163.40,11,4164.50,2,4164.60,5,4164.70,3,4164.80,5,4164.90,5,4165.00,4,4165.10,4,4165.20,5,4165.30,6,4165.40,11,Buy,43,59,102,-16.00,9.00,-21.00,1.60,6.3,4164.60,4165.70,4164.10,4164.50,60,80,140,-20.00,17.00,-20.00,3.00,66.7,-75,159,0.0000,0.3125,-32.00,-250.00,4174.62,-0.8593,DOWN,214.20,0.6536,2.3936
20260619 110631 276,4164.60,1,4164.30,4164.50,0.20,4164.30,2,4164.20,3,4164.10,2,4164.00,7,4163.90,4,4163.80,4,4163.70,4,4163.60,3,4163.50,12,4163.40,11,4164.50,2,4164.60,5,4164.70,3,4164.80,5,4164.90,5,4165.00,4,4165.10,4,4165.20,5,4165.30,6,4165.40,11,Buy,44,59,103,-15.00,9.00,-21.00,1.60,0.0,4164.60,4165.70,4164.10,4164.60,60,80,140,-20.00,17.00,-20.00,3.00,66.7,-75,159,0.0000,0.4000,-31.00,-249.00,4174.63,-0.8562,DOWN,214.20,0.6536,2.3936
20260619 110631 276,4164.60,1,4164.30,4164.50,0.20,4164.30,2,4164.20,3,4164.10,2,4164.00,7,4163.90,4,4163.80,4,4163.70,4,4163.60,3,4163.50,12,4163.40,11,4164.50,2,4164.60,5,4164.70,3,4164.80,5,4164.90,5,4165.00,4,4165.10,4,4165.20,5,4165.30,6,4165.40,11,Buy,45,59,104,-14.00,9.00,-21.00,1.60,0.0,4164.60,4165.70,4164.10,4164.60,60,80,140,-20.00,17.00,-20.00,3.00,66.7,-75,159,0.0000,0.5000,-30.00,-248.00,4174.63,-0.8562,DOWN,214.20,0.6536,2.3936
20260619 110631 276,4164.60,1,4164.30,4164.50,0.20,4164.30,2,4164.20,3,4164.10,2,4164.00,7,4163.90,4,4163.80,4,4163.70,4,4163.60,3,4163.50,12,4163.40,11,4164.50,2,4164.60,5,4164.70,3,4164.80,5,4164.90,5,4165.00,4,4165.10,4,4165.20,5,4165.30,6,4165.40,11,Buy,46,59,105,-13.00,9.00,-21.00,1.60,0.0,4164.60,4165.70,4164.10,4164.60,60,80,140,-20.00,17.00,-20.00,3.00,66.7,-75,159,0.0000,0.6154,-29.00,-247.00,4174.63,-0.8562,DOWN,214.20,0.6536,2.3936
20260619 110632 314,4164.30,2,4164.30,4164.50,0.20,4164.30,1,4164.20,3,4164.10,2,4164.00,7,4163.90,4,4163.80,4,4163.70,4,4163.60,3,4163.50,12,4163.40,11,4164.50,4,4164.60,4,4164.70,3,4164.80,5,4164.90,5,4165.00,4,4165.10,4,4165.20,5,4165.30,6,4165.40,11,Sell,46,61,107,-15.00,9.00,-21.00,1.60,18.8,4164.60,4165.70,4164.10,4164.30,60,80,140,-20.00,17.00,-20.00,3.00,66.7,-75,159,0.0000,0.4000,-31.00,-249.00,4174.60,-0.8657,DOWN,214.20,0.6536,2.3936
20260619 110632 918,4164.30,1,4164.20,4164.40,0.20,4164.20,2,4164.10,2,4164.00,7,4163.90,2,4163.80,4,4163.70,4,4163.60,3,4163.50,6,4163.40,11,4163.30,9,4164.40,4,4164.50,3,4164.60,5,4164.70,4,4164.80,5,4164.90,5,4165.00,4,4165.10,11,4165.20,11,4165.30,12,Buy,47,61,108,-14.00,9.00,-21.00,1.60,18.8,4164.60,4165.70,4164.10,4164.30,60,80,140,-20.00,17.00,-20.00,3.00,66.7,-75,159,0.0000,0.5000,-30.00,-248.00,4174.60,-0.8657,DOWN,214.20,0.6536,2.3936
20260619 110632 918,4164.30,1,4164.20,4164.40,0.20,4164.20,2,4164.10,2,4164.00,7,4163.90,2,4163.80,4,4163.70,4,4163.60,3,4163.50,6,4163.40,11,4163.30,9,4164.40,4,4164.50,3,4164.60,5,4164.70,4,4164.80,5,4164.90,5,4165.00,4,4165.10,11,4165.20,11,4165.30,12,Buy,48,61,109,-13.00,9.00,-21.00,1.60,18.8,4164.60,4165.70,4164.10,4164.30,60,80,140,-20.00,17.00,-20.00,3.00,66.7,-75,159,0.0000,0.6154,-29.00,-247.00,4174.60,-0.8657,DOWN,214.20,0.6536,2.3936
20260619 110634 341,4164.20,1,4163.80,4164.00,0.20,4163.80,4,4163.70,3,4163.60,3,4163.50,7,4163.40,5,4163.30,4,4163.20,2,4163.10,10,4163.00,12,4162.90,9,4164.00,1,4164.10,3,4164.20,4,4164.30,4,4164.40,6,4164.50,3,4164.60,5,4164.70,4,4164.80,5,4164.90,12,Sell,48,62,110,-14.00,9.00,-21.00,1.60,25.0,4164.60,4165.70,4164.10,4164.20,60,80,140,-20.00,17.00,-20.00,3.00,66.7,-75,159,0.0000,0.5000,-30.00,-248.00,4174.60,-0.8689,DOWN,214.20,0.6536,2.3936
20260619 110634 341,4164.20,1,4163.80,4164.00,0.20,4163.80,4,4163.70,3,4163.60,3,4163.50,7,4163.40,5,4163.30,4,4163.20,2,4163.10,10,4163.00,12,4162.90,9,4164.00,1,4164.10,3,4164.20,4,4164.30,4,4164.40,6,4164.50,3,4164.60,5,4164.70,4,4164.80,5,4164.90,12,Sell,48,63,111,-15.00,9.00,-21.00,1.60,25.0,4164.60,4165.70,4164.10,4164.20,60,80,140,-20.00,17.00,-20.00,3.00,66.7,-75,159,0.0000,0.4000,-31.00,-249.00,4174.60,-0.8689,DOWN,214.20,0.6536,2.3936
20260619 110634 345,4164.20,1,4163.80,4164.00,0.20,4163.80,4,4163.70,3,4163.60,3,4163.50,7,4163.40,5,4163.30,4,4163.20,2,4163.10,10,4163.00,12,4162.90,9,4164.00,1,4164.10,3,4164.20,4,4164.30,4,4164.40,6,4164.50,3,4164.60,5,4164.70,4,4164.80,5,4164.90,12,Buy,49,63,112,-14.00,9.00,-21.00,1.60,25.0,4164.60,4165.70,4164.10,4164.20,60,80,140,-20.00,17.00,-20.00,3.00,66.7,-75,159,0.0000,0.5000,-30.00,-248.00,4174.60,-0.8689,DOWN,214.20,0.6536,2.3936
20260619 110634 369,4164.00,1,4163.80,4164.00,0.20,4163.80,4,4163.70,3,4163.60,3,4163.50,7,4163.40,5,4163.30,4,4163.20,2,4163.10,10,4163.00,12,4162.90,9,4164.00,1,4164.10,3,4164.20,4,4164.30,4,4164.40,6,4164.50,3,4164.60,5,4164.70,4,4164.80,5,4164.90,12,Sell,49,64,113,-15.00,9.00,-21.00,1.70,35.3,4164.60,4165.70,4164.00,4164.00,60,80,140,-20.00,17.00,-20.00,3.00,66.7,-75,159,0.0000,0.4000,-31.00,-249.00,4174.58,-0.8752,DOWN,214.20,0.6536,2.4007
20260619 110634 369,4164.00,1,4163.80,4164.00,0.20,4163.80,4,4163.70,3,4163.60,3,4163.50,7,4163.40,5,4163.30,4,4163.20,2,4163.10,10,4163.00,12,4162.90,9,4164.00,1,4164.10,3,4164.20,4,4164.30,4,4164.40,6,4164.50,3,4164.60,5,4164.70,4,4164.80,5,4164.90,12,Sell,49,65,114,-16.00,9.00,-21.00,1.70,35.3,4164.60,4165.70,4164.00,4164.00,60,80,140,-20.00,17.00,-20.00,3.00,66.7,-75,159,0.0000,0.3125,-32.00,-250.00,4174.58,-0.8752,DOWN,214.20,0.6536,2.4007
20260619 110634 369,4164.00,1,4163.80,4164.00,0.20,4163.80,4,4163.70,3,4163.60,3,4163.50,7,4163.40,5,4163.30,4,4163.20,2,4163.10,10,4163.00,12,4162.90,9,4164.00,1,4164.10,3,4164.20,4,4164.30,4,4164.40,6,4164.50,3,4164.60,5,4164.70,4,4164.80,5,4164.90,12,Sell,49,66,115,-17.00,9.00,-21.00,1.70,35.3,4164.60,4165.70,4164.00,4164.00,60,80,140,-20.00,17.00,-20.00,3.00,66.7,-75,159,0.0000,0.2353,-33.00,-251.00,4174.58,-0.8752,DOWN,214.20,0.6536,2.4007
20260619 110635 472,4164.00,1,4163.80,4164.00,0.20,4163.80,1,4163.70,3,4163.60,2,4163.50,7,4163.40,6,4163.30,4,4163.20,2,4163.10,4,4163.00,12,4162.90,9,4164.00,2,4164.10,3,4164.20,4,4164.30,4,4164.40,6,4164.50,4,4164.60,5,4164.70,4,4164.80,11,4164.90,11,Buy,50,66,116,-16.00,9.00,-21.00,1.70,35.3,4164.60,4165.70,4164.00,4164.00,60,80,140,-20.00,17.00,-20.00,3.00,66.7,-75,159,0.0000,0.3125,-32.00,-250.00,4174.58,-0.8752,DOWN,214.20,0.6536,2.4007
20260619 110636 460,4163.60,1,4163.50,4163.70,0.20,4163.50,4,4163.40,6,4163.30,4,4163.20,2,4163.10,4,4163.00,6,4162.90,9,4162.80,8,4162.70,10,4162.60,10,4163.70,1,4163.80,2,4163.90,3,4164.00,5,4164.10,3,4164.20,5,4164.30,5,4164.40,7,4164.50,5,4164.60,13,Sell,50,67,117,-17.00,9.00,-21.00,2.10,47.6,4164.60,4165.70,4163.60,4163.60,60,80,140,-20.00,17.00,-20.00,3.00,66.7,-75,159,0.0000,0.2353,-33.00,-251.00,4174.54,-0.8879,DOWN,214.20,0.6536,2.4293
20260619 110636 460,4163.60,1,4163.50,4163.70,0.20,4163.50,4,4163.40,6,4163.30,4,4163.20,2,4163.10,4,4163.00,6,4162.90,9,4162.80,8,4162.70,10,4162.60,10,4163.70,1,4163.80,2,4163.90,3,4164.00,5,4164.10,3,4164.20,5,4164.30,5,4164.40,7,4164.50,5,4164.60,13,Sell,50,68,118,-18.00,9.00,-21.00,2.10,47.6,4164.60,4165.70,4163.60,4163.60,60,80,140,-20.00,17.00,-20.00,3.00,66.7,-75,159,0.0000,0.1667,-34.00,-252.00,4174.54,-0.8879,DOWN,214.20,0.6536,2.4293
20260619 110636 473,4163.70,1,4163.50,4163.70,0.20,4163.50,4,4163.40,6,4163.30,4,4163.20,2,4163.10,4,4163.00,6,4162.90,9,4162.80,8,4162.70,10,4162.60,10,4163.70,1,4163.80,2,4163.90,3,4164.00,5,4164.10,3,4164.20,5,4164.30,5,4164.40,7,4164.50,5,4164.60,13,Buy,51,68,119,-17.00,9.00,-21.00,2.10,42.9,4164.60,4165.70,4163.60,4163.70,60,80,140,-20.00,17.00,-20.00,3.00,66.7,-75,159,0.0000,0.2353,-33.00,-251.00,4174.55,-0.8847,DOWN,214.20,0.6536,2.4293
20260619 110636 473,4163.70,1,4163.50,4163.70,0.20,4163.50,4,4163.40,6,4163.30,4,4163.20,2,4163.10,4,4163.00,6,4162.90,9,4162.80,8,4162.70,10,4162.60,10,4163.70,1,4163.80,2,4163.90,3,4164.00,5,4164.10,3,4164.20,5,4164.30,5,4164.40,7,4164.50,5,4164.60,13,Buy,52,68,120,-16.00,9.00,-21.00,2.10,42.9,4164.60,4165.70,4163.60,4163.70,60,80,140,-20.00,17.00,-20.00,3.00,66.7,-75,159,0.0000,0.3125,-32.00,-250.00,4174.55,-0.8847,DOWN,214.20,0.6536,2.4293
20260619 110636 473,4163.80,1,4163.50,4163.70,0.20,4163.50,4,4163.40,6,4163.30,4,4163.20,2,4163.10,4,4163.00,6,4162.90,9,4162.80,8,4162.70,10,4162.60,10,4163.70,1,4163.80,2,4163.90,3,4164.00,5,4164.10,3,4164.20,5,4164.30,5,4164.40,7,4164.50,5,4164.60,13,Buy,53,68,121,-15.00,9.00,-21.00,2.10,38.1,4164.60,4165.70,4163.60,4163.80,60,80,140,-20.00,17.00,-20.00,3.00,66.7,-75,159,0.0000,0.4000,-31.00,-249.00,4174.56,-0.8816,DOWN,214.20,0.6536,2.4293
20260619 110636 473,4163.80,1,4163.50,4163.70,0.20,4163.50,4,4163.40,6,4163.30,4,4163.20,2,4163.10,4,4163.00,6,4162.90,9,4162.80,8,4162.70,10,4162.60,10,4163.70,1,4163.80,2,4163.90,3,4164.00,5,4164.10,3,4164.20,5,4164.30,5,4164.40,7,4164.50,5,4164.60,13,Buy,54,68,122,-14.00,9.00,-21.00,2.10,38.1,4164.60,4165.70,4163.60,4163.80,60,80,140,-20.00,17.00,-20.00,3.00,66.7,-75,159,0.0000,0.5000,-30.00,-248.00,4174.56,-0.8816,DOWN,214.20,0.6536,2.4293
20260619 110636 473,4163.80,1,4163.50,4163.70,0.20,4163.50,4,4163.40,6,4163.30,4,4163.20,2,4163.10,4,4163.00,6,4162.90,9,4162.80,8,4162.70,10,4162.60,10,4163.70,1,4163.80,2,4163.90,3,4164.00,5,4164.10,3,4164.20,5,4164.30,5,4164.40,7,4164.50,5,4164.60,13,Buy,55,68,123,-13.00,9.00,-21.00,2.10,38.1,4164.60,4165.70,4163.60,4163.80,60,80,140,-20.00,17.00,-20.00,3.00,66.7,-75,159,0.0000,0.6154,-29.00,-247.00,4174.56,-0.8816,DOWN,214.20,0.6536,2.4293
20260619 110637 149,4163.60,1,4163.60,4163.80,0.20,4163.60,1,4163.50,4,4163.40,4,4163.30,3,4163.20,2,4163.10,4,4163.00,6,4162.90,9,4162.80,8,4162.70,10,4163.80,3,4163.90,4,4164.00,6,4164.10,5,4164.20,5,4164.30,5,4164.40,7,4164.50,5,4164.60,12,4164.70,9,Sell,55,69,124,-14.00,9.00,-21.00,2.10,47.6,4164.60,4165.70,4163.60,4163.60,60,80,140,-20.00,17.00,-20.00,3.00,66.7,-75,159,0.0000,0.5000,-30.00,-248.00,4174.54,-0.8879,DOWN,214.20,0.6536,2.4293
20260619 110637 591,4163.80,1,4163.60,4163.80,0.20,4163.60,1,4163.50,4,4163.40,4,4163.30,4,4163.20,2,4163.10,4,4163.00,6,4162.90,9,4162.80,8,4162.70,10,4163.80,1,4163.90,4,4164.00,6,4164.10,4,4164.20,5,4164.30,5,4164.40,7,4164.50,5,4164.60,12,4164.70,9,Buy,56,69,125,-13.00,9.00,-21.00,2.10,38.1,4164.60,4165.70,4163.60,4163.80,60,80,140,-20.00,17.00,-20.00,3.00,66.7,-75,159,0.0000,0.6154,-29.00,-247.00,4174.56,-0.8816,DOWN,214.20,0.6536,2.4293
20260619 110637 780,4163.80,1,4163.60,4163.80,0.20,4163.60,2,4163.50,4,4163.40,4,4163.30,4,4163.20,2,4163.10,4,4163.00,6,4162.90,9,4162.80,8,4162.70,10,4163.90,4,4164.00,6,4164.10,4,4164.20,5,4164.30,5,4164.40,7,4164.50,5,4164.60,12,4164.70,9,4164.80,10,Buy,57,69,126,-12.00,9.00,-21.00,2.10,38.1,4164.60,4165.70,4163.60,4163.80,60,80,140,-20.00,17.00,-20.00,3.00,66.7,-75,159,0.0000,0.7500,-28.00,-246.00,4174.56,-0.8816,DOWN,214.20,0.6536,2.4293
20260619 110637 990,4163.60,1,4163.60,4163.80,0.20,4163.60,1,4163.50,4,4163.40,4,4163.30,4,4163.20,2,4163.10,4,4163.00,6,4162.90,9,4162.80,8,4162.70,10,4163.80,2,4163.90,3,4164.00,7,4164.10,4,4164.20,5,4164.30,5,4164.40,7,4164.50,5,4164.60,12,4164.70,9,Sell,57,70,127,-13.00,9.00,-21.00,2.10,47.6,4164.60,4165.70,4163.60,4163.60,60,80,140,-20.00,17.00,-20.00,3.00,66.7,-75,159,0.0000,0.6154,-29.00,-247.00,4174.54,-0.8879,DOWN,214.20,0.6536,2.4293
20260619 110639 615,4163.80,1,4163.50,4163.90,0.40,4163.60,2,4163.50,4,4163.40,4,4163.30,4,4163.20,2,4163.10,4,4163.00,6,4162.90,9,4162.80,8,4162.70,9,4163.90,4,4164.00,7,4164.10,4,4164.20,5,4164.30,5,4164.40,7,4164.50,5,4164.60,12,4164.70,9,4164.80,10,Buy,58,70,128,-12.00,9.00,-21.00,2.10,38.1,4164.60,4165.70,4163.60,4163.80,60,80,140,-20.00,17.00,-20.00,3.00,66.7,-75,159,0.0000,0.7500,-28.00,-246.00,4174.56,-0.8816,DOWN,214.20,0.6536,2.4293
20260619 110639 615,4163.80,1,4163.50,4163.90,0.40,4163.60,2,4163.50,4,4163.40,4,4163.30,4,4163.20,2,4163.10,4,4163.00,6,4162.90,9,4162.80,8,4162.70,9,4163.90,4,4164.00,7,4164.10,4,4164.20,5,4164.30,5,4164.40,7,4164.50,5,4164.60,12,4164.70,9,4164.80,10,Buy,59,70,129,-11.00,9.00,-21.00,2.10,38.1,4164.60,4165.70,4163.60,4163.80,60,80,140,-20.00,17.00,-20.00,3.00,66.7,-75,159,0.0000,0.9091,-27.00,-245.00,4174.56,-0.8816,DOWN,214.20,0.6536,2.4293
20260619 110639 615,4163.80,1,4163.50,4163.90,0.40,4163.60,2,4163.50,4,4163.40,4,4163.30,4,4163.20,2,4163.10,4,4163.00,6,4162.90,9,4162.80,8,4162.70,9,4163.90,4,4164.00,7,4164.10,4,4164.20,5,4164.30,5,4164.40,7,4164.50,5,4164.60,12,4164.70,9,4164.80,10,Buy,60,70,130,-10.00,9.00,-21.00,2.10,38.1,4164.60,4165.70,4163.60,4163.80,60,80,140,-20.00,17.00,-20.00,3.00,66.7,-75,159,0.0000,1.1000,-26.00,-244.00,4174.56,-0.8816,DOWN,214.20,0.6536,2.4293
20260619 110640 267,4163.80,1,4163.50,4163.80,0.30,4163.60,1,4163.50,4,4163.40,4,4163.30,4,4163.20,2,4163.10,4,4163.00,6,4162.90,9,4162.80,8,4162.70,9,4163.80,2,4163.90,4,4164.00,7,4164.10,4,4164.20,5,4164.30,5,4164.40,7,4164.50,5,4164.60,12,4164.70,9,Buy,61,70,131,-9.00,9.00,-21.00,2.10,38.1,4164.60,4165.70,4163.60,4163.80,60,80,140,-20.00,17.00,-20.00,3.00,66.7,-75,159,0.0000,1.3333,-25.00,-243.00,4174.56,-0.8816,DOWN,214.20,0.6536,2.4293
20260619 110640 267,4163.80,1,4163.50,4163.80,0.30,4163.60,1,4163.50,4,4163.40,4,4163.30,4,4163.20,2,4163.10,4,4163.00,6,4162.90,9,4162.80,8,4162.70,9,4163.80,2,4163.90,4,4164.00,7,4164.10,4,4164.20,5,4164.30,5,4164.40,7,4164.50,5,4164.60,12,4164.70,9,Buy,62,70,132,-8.00,9.00,-21.00,2.10,38.1,4164.60,4165.70,4163.60,4163.80,60,80,140,-20.00,17.00,-20.00,3.00,66.7,-75,159,0.0000,1.6250,-24.00,-242.00,4174.56,-0.8816,DOWN,214.20,0.6536,2.4293
20260619 110640 460,4163.80,1,4163.60,4163.80,0.20,4163.60,1,4163.50,4,4163.40,4,4163.30,4,4163.20,2,4163.10,4,4163.00,6,4162.90,9,4162.80,8,4162.70,9,4163.80,1,4163.90,3,4164.00,7,4164.10,4,4164.20,5,4164.30,5,4164.40,7,4164.50,5,4164.60,12,4164.70,9,Buy,63,70,133,-7.00,9.00,-21.00,2.10,38.1,4164.60,4165.70,4163.60,4163.80,60,80,140,-20.00,17.00,-20.00,3.00,66.7,-75,159,0.0000,2.0000,-23.00,-241.00,4174.56,-0.8816,DOWN,214.20,0.6536,2.4293
20260619 110640 881,4163.70,1,4163.50,4163.70,0.20,4163.50,3,4163.40,3,4163.30,4,4163.20,2,4163.10,4,4163.00,6,4162.90,9,4162.80,8,4162.70,9,4162.60,10,4163.70,1,4163.80,3,4163.90,3,4164.00,6,4164.10,4,4164.20,5,4164.30,5,4164.40,7,4164.50,11,4164.60,12,Buy,64,70,134,-6.00,9.00,-21.00,2.10,42.9,4164.60,4165.70,4163.60,4163.70,60,80,140,-20.00,17.00,-20.00,3.00,66.7,-75,159,0.0000,2.5000,-22.00,-240.00,4174.55,-0.8847,DOWN,214.20,0.6536,2.4293
20260619 110641 470,4163.50,1,4163.60,4163.80,0.20,4163.60,1,4163.50,6,4163.40,5,4163.30,4,4163.20,2,4163.10,4,4163.00,6,4162.90,9,4162.80,9,4162.70,9,4163.80,2,4163.90,4,4164.00,7,4164.10,4,4164.20,5,4164.30,5,4164.40,7,4164.50,11,4164.60,12,4164.70,9,Sell,64,71,135,-7.00,9.00,-21.00,2.20,50.0,4164.60,4165.70,4163.50,4163.50,60,80,140,-20.00,17.00,-20.00,3.00,66.7,-75,159,0.0000,2.0000,-23.00,-241.00,4174.53,-0.8911,DOWN,214.20,0.6536,2.4364
20260619 110641 470,4163.50,1,4163.60,4163.80,0.20,4163.60,1,4163.50,6,4163.40,5,4163.30,4,4163.20,2,4163.10,4,4163.00,6,4162.90,9,4162.80,9,4162.70,9,4163.80,2,4163.90,4,4164.00,7,4164.10,4,4164.20,5,4164.30,5,4164.40,7,4164.50,11,4164.60,12,4164.70,9,Sell,64,72,136,-8.00,9.00,-21.00,2.20,50.0,4164.60,4165.70,4163.50,4163.50,60,80,140,-20.00,17.00,-20.00,3.00,66.7,-75,159,0.0000,1.6250,-24.00,-242.00,4174.53,-0.8911,DOWN,214.20,0.6536,2.4364
20260619 110641 470,4163.50,1,4163.60,4163.80,0.20,4163.60,1,4163.50,6,4163.40,5,4163.30,4,4163.20,2,4163.10,4,4163.00,6,4162.90,9,4162.80,9,4162.70,9,4163.80,2,4163.90,4,4164.00,7,4164.10,4,4164.20,5,4164.30,5,4164.40,7,4164.50,11,4164.60,12,4164.70,9,Sell,64,73,137,-9.00,9.00,-21.00,2.20,50.0,4164.60,4165.70,4163.50,4163.50,60,80,140,-20.00,17.00,-20.00,3.00,66.7,-75,159,0.0000,1.3333,-25.00,-243.00,4174.53,-0.8911,DOWN,214.20,0.6536,2.4364
20260619 110641 471,4163.60,1,4163.60,4163.80,0.20,4163.60,1,4163.50,6,4163.40,5,4163.30,4,4163.20,2,4163.10,4,4163.00,6,4162.90,9,4162.80,9,4162.70,9,4163.80,2,4163.90,4,4164.00,7,4164.10,4,4164.20,5,4164.30,5,4164.40,7,4164.50,11,4164.60,12,4164.70,9,Buy,65,73,138,-8.00,9.00,-21.00,2.20,45.5,4164.60,4165.70,4163.50,4163.60,60,80,140,-20.00,17.00,-20.00,3.00,66.7,-75,159,0.0000,1.6250,-24.00,-242.00,4174.54,-0.8879,DOWN,214.20,0.6536,2.4364
20260619 110641 472,4163.70,1,4163.60,4163.80,0.20,4163.60,1,4163.50,6,4163.40,5,4163.30,4,4163.20,2,4163.10,4,4163.00,6,4162.90,9,4162.80,9,4162.70,9,4163.80,2,4163.90,4,4164.00,7,4164.10,4,4164.20,5,4164.30,5,4164.40,7,4164.50,11,4164.60,12,4164.70,9,Buy,66,73,139,-7.00,9.00,-21.00,2.20,40.9,4164.60,4165.70,4163.50,4163.70,60,80,140,-20.00,17.00,-20.00,3.00,66.7,-75,159,0.0000,2.0000,-23.00,-241.00,4174.55,-0.8847,DOWN,214.20,0.6536,2.4364
20260619 110641 475,4163.80,1,4163.60,4163.80,0.20,4163.60,1,4163.50,6,4163.40,5,4163.30,4,4163.20,2,4163.10,4,4163.00,6,4162.90,9,4162.80,9,4162.70,9,4163.80,2,4163.90,4,4164.00,7,4164.10,4,4164.20,5,4164.30,5,4164.40,7,4164.50,11,4164.60,12,4164.70,9,Buy,67,73,140,-6.00,9.00,-21.00,2.20,36.4,4164.60,4165.70,4163.50,4163.80,60,80,140,-20.00,17.00,-20.00,3.00,66.7,-75,159,0.0000,2.5000,-22.00,-240.00,4174.56,-0.8816,DOWN,214.20,0.6536,2.4364
20260619 110641 563,4163.60,1,4163.50,4163.80,0.30,4163.50,6,4163.40,5,4163.30,4,4163.20,2,4163.10,4,4163.00,6,4162.90,9,4162.80,9,4162.70,9,4162.60,10,4163.80,2,4163.90,3,4164.00,7,4164.10,4,4164.20,5,4164.30,5,4164.40,7,4164.50,11,4164.60,12,4164.70,9,Sell,67,74,141,-7.00,9.00,-21.00,2.20,45.5,4164.60,4165.70,4163.50,4163.60,60,80,140,-20.00,17.00,-20.00,3.00,66.7,-75,159,0.0000,2.0000,-23.00,-241.00,4174.54,-0.8879,DOWN,214.20,0.6536,2.4364
20260619 110641 563,4163.60,1,4163.50,4163.80,0.30,4163.50,6,4163.40,5,4163.30,4,4163.20,2,4163.10,4,4163.00,6,4162.90,9,4162.80,9,4162.70,9,4162.60,10,4163.80,2,4163.90,3,4164.00,7,4164.10,4,4164.20,5,4164.30,5,4164.40,7,4164.50,11,4164.60,12,4164.70,9,Sell,67,75,142,-8.00,9.00,-21.00,2.20,45.5,4164.60,4165.70,4163.50,4163.60,60,80,140,-20.00,17.00,-20.00,3.00,66.7,-75,159,0.0000,1.6250,-24.00,-242.00,4174.54,-0.8879,DOWN,214.20,0.6536,2.4364
20260619 110641 634,4163.50,1,4163.50,4163.80,0.30,4163.50,4,4163.40,5,4163.30,4,4163.20,2,4163.10,4,4163.00,6,4162.90,9,4162.80,9,4162.70,9,4162.60,10,4163.80,2,4163.90,3,4164.00,7,4164.10,4,4164.20,5,4164.30,5,4164.40,7,4164.50,11,4164.60,12,4164.70,9,Sell,67,76,143,-9.00,9.00,-21.00,2.20,50.0,4164.60,4165.70,4163.50,4163.50,60,80,140,-20.00,17.00,-20.00,3.00,66.7,-75,159,0.0000,1.3333,-25.00,-243.00,4174.53,-0.8911,DOWN,214.20,0.6536,2.4364
20260619 110641 634,4163.50,1,4163.50,4163.80,0.30,4163.50,4,4163.40,5,4163.30,4,4163.20,2,4163.10,4,4163.00,6,4162.90,9,4162.80,9,4162.70,9,4162.60,10,4163.80,2,4163.90,3,4164.00,7,4164.10,4,4164.20,5,4164.30,5,4164.40,7,4164.50,11,4164.60,12,4164.70,9,Sell,67,77,144,-10.00,9.00,-21.00,2.20,50.0,4164.60,4165.70,4163.50,4163.50,60,80,140,-20.00,17.00,-20.00,3.00,66.7,-75,159,0.0000,1.1000,-26.00,-244.00,4174.53,-0.8911,DOWN,214.20,0.6536,2.4364
20260619 110642 626,4163.60,1,4163.60,4163.80,0.20,4163.60,1,4163.50,5,4163.40,5,4163.30,3,4163.20,2,4163.10,4,4163.00,7,4162.90,4,4162.80,9,4162.70,10,4163.80,2,4163.90,3,4164.00,6,4164.10,4,4164.20,5,4164.30,5,4164.40,7,4164.50,11,4164.60,12,4164.70,9,Buy,68,77,145,-9.00,9.00,-21.00,2.20,45.5,4164.60,4165.70,4163.50,4163.60,60,80,140,-20.00,17.00,-20.00,3.00,66.7,-75,159,0.0000,1.3333,-25.00,-243.00,4174.54,-0.8879,DOWN,214.20,0.6536,2.4364
20260619 110642 980,4163.90,1,4163.80,4164.00,0.20,4163.70,2,4163.60,5,4163.50,4,4163.40,5,4163.30,3,4163.20,2,4163.10,4,4163.00,7,4162.90,10,4162.80,9,4163.90,1,4164.00,3,4164.10,4,4164.20,5,4164.30,5,4164.40,7,4164.50,5,4164.60,6,4164.70,9,4164.80,10,Buy,69,77,146,-8.00,9.00,-21.00,2.20,31.8,4164.60,4165.70,4163.50,4163.90,60,80,140,-20.00,17.00,-20.00,3.00,66.7,-75,159,0.0000,1.6250,-24.00,-242.00,4174.57,-0.8784,DOWN,214.20,0.6536,2.4364
20260619 110642 980,4164.00,1,4163.90,4164.10,0.20,4163.90,3,4163.80,4,4163.70,4,4163.60,5,4163.50,4,4163.40,5,4163.30,3,4163.20,3,4163.10,4,4163.00,13,4164.10,2,4164.20,3,4164.30,5,4164.40,7,4164.50,5,4164.60,6,4164.70,3,4164.80,10,4164.90,11,4165.00,9,Buy,70,77,147,-7.00,9.00,-21.00,2.20,27.3,4164.60,4165.70,4163.50,4164.00,60,80,140,-20.00,17.00,-20.00,3.00,66.7,-75,159,0.0000,2.0000,-23.00,-241.00,4174.58,-0.8752,DOWN,214.20,0.6536,2.4364
20260619 110642 980,4164.00,1,4163.90,4164.10,0.20,4163.90,3,4163.80,4,4163.70,4,4163.60,5,4163.50,4,4163.40,5,4163.30,3,4163.20,3,4163.10,4,4163.00,13,4164.10,2,4164.20,3,4164.30,5,4164.40,7,4164.50,5,4164.60,6,4164.70,3,4164.80,10,4164.90,11,4165.00,9,Buy,71,77,148,-6.00,9.00,-21.00,2.20,27.3,4164.60,4165.70,4163.50,4164.00,60,80,140,-20.00,17.00,-20.00,3.00,66.7,-75,159,0.0000,2.5000,-22.00,-240.00,4174.58,-0.8752,DOWN,214.20,0.6536,2.4364
20260619 110642 980,4164.00,1,4163.90,4164.10,0.20,4163.90,3,4163.80,4,4163.70,4,4163.60,5,4163.50,4,4163.40,5,4163.30,3,4163.20,3,4163.10,4,4163.00,13,4164.10,2,4164.20,3,4164.30,5,4164.40,7,4164.50,5,4164.60,6,4164.70,3,4164.80,10,4164.90,11,4165.00,9,Buy,72,77,149,-5.00,9.00,-21.00,2.20,27.3,4164.60,4165.70,4163.50,4164.00,60,80,140,-20.00,17.00,-20.00,3.00,66.7,-75,159,0.0000,3.2000,-21.00,-239.00,4174.58,-0.8752,DOWN,214.20,0.6536,2.4364
20260619 110643 084,4164.20,1,4163.90,4164.10,0.20,4163.90,2,4163.80,4,4163.70,4,4163.60,5,4163.50,4,4163.40,6,4163.30,4,4163.20,3,4163.10,10,4163.00,13,4164.10,1,4164.20,2,4164.30,4,4164.40,7,4164.50,5,4164.60,6,4164.70,3,4164.80,10,4164.90,11,4165.00,9,Buy,73,77,150,-4.00,9.00,-21.00,2.20,18.2,4164.60,4165.70,4163.50,4164.20,60,80,140,-20.00,17.00,-20.00,3.00,66.7,-75,159,0.0000,4.2500,-20.00,-238.00,4174.60,-0.8689,DOWN,214.20,0.6536,2.4364
20260619 110643 156,4163.90,1,4163.90,4164.10,0.20,4163.90,2,4163.80,4,4163.70,4,4163.60,5,4163.50,4,4163.40,6,4163.30,4,4163.20,3,4163.10,10,4163.00,13,4164.10,1,4164.20,2,4164.30,4,4164.40,7,4164.50,5,4164.60,6,4164.70,3,4164.80,10,4164.90,11,4165.00,9,Sell,73,78,151,-5.00,9.00,-21.00,2.20,31.8,4164.60,4165.70,4163.50,4163.90,60,80,140,-20.00,17.00,-20.00,3.00,66.7,-75,159,0.0000,3.2000,-21.00,-239.00,4174.57,-0.8784,DOWN,214.20,0.6536,2.4364
20260619 110643 216,4163.90,1,4163.80,4164.00,0.20,4163.80,2,4163.70,4,4163.60,5,4163.50,4,4163.40,5,4163.30,4,4163.20,3,4163.10,4,4163.00,7,4162.90,10,4164.00,2,4164.10,4,4164.20,2,4164.30,4,4164.40,7,4164.50,5,4164.60,6,4164.70,3,4164.80,10,4164.90,11,Sell,73,79,152,-6.00,9.00,-21.00,2.20,31.8,4164.60,4165.70,4163.50,4163.90,60,80,140,-20.00,17.00,-20.00,3.00,66.7,-75,159,0.0000,2.5000,-22.00,-240.00,4174.57,-0.8784,DOWN,214.20,0.6536,2.4364
20260619 110643 669,4164.00,1,4163.60,4163.80,0.20,4163.60,1,4163.50,4,4163.40,5,4163.30,3,4163.20,3,4163.10,4,4163.00,7,4162.90,10,4162.80,9,4162.70,10,4163.80,2,4163.90,3,4164.00,7,4164.10,5,4164.20,3,4164.30,5,4164.40,7,4164.50,5,4164.60,12,4164.70,9,Buy,74,79,153,-5.00,9.00,-21.00,2.20,27.3,4164.60,4165.70,4163.50,4164.00,60,80,140,-20.00,17.00,-20.00,3.00,66.7,-75,159,0.0000,3.2000,-21.00,-239.00,4174.58,-0.8752,DOWN,214.20,0.6536,2.4364
20260619 110643 690,4163.80,1,4163.60,4163.80,0.20,4163.60,1,4163.50,4,4163.40,5,4163.30,3,4163.20,3,4163.10,4,4163.00,7,4162.90,10,4162.80,9,4162.70,10,4163.80,2,4163.90,3,4164.00,7,4164.10,5,4164.20,3,4164.30,5,4164.40,7,4164.50,5,4164.60,12,4164.70,9,Sell,74,80,154,-6.00,9.00,-21.00,2.20,36.4,4164.60,4165.70,4163.50,4163.80,60,80,140,-20.00,17.00,-20.00,3.00,66.7,-75,159,0.0000,2.5000,-22.00,-240.00,4174.56,-0.8816,DOWN,214.20,0.6536,2.4364
20260619 110643 936,4163.60,1,4163.60,4163.90,0.30,4163.60,3,4163.50,4,4163.40,5,4163.30,3,4163.20,2,4163.10,4,4163.00,7,4162.90,10,4162.80,9,4162.70,10,4163.90,4,4164.00,8,4164.10,5,4164.20,3,4164.30,5,4164.40,7,4164.50,5,4164.60,12,4164.70,9,4164.80,10,Sell,74,81,155,-7.00,9.00,-21.00,2.20,45.5,4164.60,4165.70,4163.50,4163.60,60,80,140,-20.00,17.00,-20.00,3.00,66.7,-75,159,0.0000,2.0000,-23.00,-241.00,4174.54,-0.8879,DOWN,214.20,0.6536,2.4364
20260619 110644 156,4163.60,1,4163.60,4163.90,0.30,4163.60,1,4163.50,4,4163.40,5,4163.30,3,4163.20,2,4163.10,4,4163.00,7,4162.90,10,4162.80,9,4162.70,10,4163.90,4,4164.00,8,4164.10,6,4164.20,3,4164.30,5,4164.40,7,4164.50,5,4164.60,12,4164.70,9,4164.80,10,Sell,74,82,156,-8.00,9.00,-21.00,2.20,45.5,4164.60,4165.70,4163.50,4163.60,60,80,140,-20.00,17.00,-20.00,3.00,66.7,-75,159,0.0000,1.6250,-24.00,-242.00,4174.54,-0.8879,DOWN,214.20,0.6536,2.4364
20260619 110644 646,4163.40,1,4163.10,4163.40,0.30,4163.10,6,4163.00,5,4162.90,4,4162.80,4,4162.70,3,4162.60,4,4162.50,12,4162.40,9,4162.30,12,4162.20,11,4163.40,3,4163.50,3,4163.60,5,4163.70,4,4163.80,4,4163.90,3,4164.00,9,4164.10,6,4164.20,9,4164.30,10,Sell,74,83,157,-9.00,9.00,-21.00,2.30,52.2,4164.60,4165.70,4163.40,4163.40,60,80,140,-20.00,17.00,-20.00,3.00,66.7,-75,159,0.0000,1.3333,-25.00,-243.00,4174.52,-0.8943,DOWN,214.20,0.6536,2.4436
20260619 110644 646,4163.40,1,4163.10,4163.40,0.30,4163.10,6,4163.00,5,4162.90,4,4162.80,4,4162.70,3,4162.60,4,4162.50,12,4162.40,9,4162.30,12,4162.20,11,4163.40,3,4163.50,3,4163.60,5,4163.70,4,4163.80,4,4163.90,3,4164.00,9,4164.10,6,4164.20,9,4164.30,10,Sell,74,84,158,-10.00,9.00,-21.00,2.30,52.2,4164.60,4165.70,4163.40,4163.40,60,80,140,-20.00,17.00,-20.00,3.00,66.7,-75,159,0.0000,1.1000,-26.00,-244.00,4174.52,-0.8943,DOWN,214.20,0.6536,2.4436
20260619 110644 646,4163.30,1,4163.10,4163.40,0.30,4163.10,6,4163.00,5,4162.90,4,4162.80,4,4162.70,3,4162.60,4,4162.50,12,4162.40,9,4162.30,12,4162.20,11,4163.40,3,4163.50,3,4163.60,5,4163.70,4,4163.80,4,4163.90,3,4164.00,9,4164.10,6,4164.20,9,4164.30,10,Sell,74,85,159,-11.00,9.00,-21.00,2.40,54.2,4164.60,4165.70,4163.30,4163.30,60,80,140,-20.00,17.00,-20.00,3.00,66.7,-75,159,0.0000,0.9091,-27.00,-245.00,4174.51,-0.8974,DOWN,214.20,0.6536,2.4507
20260619 110644 646,4163.30,1,4163.10,4163.40,0.30,4163.10,6,4163.00,5,4162.90,4,4162.80,4,4162.70,3,4162.60,4,4162.50,12,4162.40,9,4162.30,12,4162.20,11,4163.40,3,4163.50,3,4163.60,5,4163.70,4,4163.80,4,4163.90,3,4164.00,9,4164.10,6,4164.20,9,4164.30,10,Sell,74,86,160,-12.00,9.00,-21.00,2.40,54.2,4164.60,4165.70,4163.30,4163.30,60,80,140,-20.00,17.00,-20.00,3.00,66.7,-75,159,0.0000,0.7500,-28.00,-246.00,4174.51,-0.8974,DOWN,214.20,0.6536,2.4507
20260619 110644 646,4163.10,2,4163.10,4163.40,0.30,4163.10,6,4163.00,5,4162.90,4,4162.80,4,4162.70,3,4162.60,4,4162.50,12,4162.40,9,4162.30,12,4162.20,11,4163.40,3,4163.50,3,4163.60,5,4163.70,4,4163.80,4,4163.90,3,4164.00,9,4164.10,6,4164.20,9,4164.30,10,Sell,74,88,162,-14.00,9.00,-21.00,2.60,57.7,4164.60,4165.70,4163.10,4163.10,60,80,140,-20.00,17.00,-20.00,3.00,66.7,-75,159,0.0000,0.5000,-30.00,-248.00,4174.49,-0.9038,DOWN,214.20,0.6536,2.4650
20260619 110644 646,4163.10,1,4163.10,4163.40,0.30,4163.10,6,4163.00,5,4162.90,4,4162.80,4,4162.70,3,4162.60,4,4162.50,12,4162.40,9,4162.30,12,4162.20,11,4163.40,3,4163.50,3,4163.60,5,4163.70,4,4163.80,4,4163.90,3,4164.00,9,4164.10,6,4164.20,9,4164.30,10,Sell,74,89,163,-15.00,9.00,-21.00,2.60,57.7,4164.60,4165.70,4163.10,4163.10,60,80,140,-20.00,17.00,-20.00,3.00,66.7,-75,159,0.0000,0.4000,-31.00,-249.00,4174.49,-0.9038,DOWN,214.20,0.6536,2.4650
20260619 110644 646,4163.00,1,4163.10,4163.40,0.30,4163.10,6,4163.00,5,4162.90,4,4162.80,4,4162.70,3,4162.60,4,4162.50,12,4162.40,9,4162.30,12,4162.20,11,4163.40,3,4163.50,3,4163.60,5,4163.70,4,4163.80,4,4163.90,3,4164.00,9,4164.10,6,4164.20,9,4164.30,10,Sell,74,90,164,-16.00,9.00,-21.00,2.70,59.3,4164.60,4165.70,4163.00,4163.00,60,80,140,-20.00,17.00,-20.00,3.00,66.7,-75,159,0.0000,0.3125,-32.00,-250.00,4174.48,-0.9070,DOWN,214.20,0.6536,2.4721
20260619 110644 646,4163.00,1,4163.10,4163.40,0.30,4163.10,6,4163.00,5,4162.90,4,4162.80,4,4162.70,3,4162.60,4,4162.50,12,4162.40,9,4162.30,12,4162.20,11,4163.40,3,4163.50,3,4163.60,5,4163.70,4,4163.80,4,4163.90,3,4164.00,9,4164.10,6,4164.20,9,4164.30,10,Sell,74,91,165,-17.00,9.00,-21.00,2.70,59.3,4164.60,4165.70,4163.00,4163.00,60,80,140,-20.00,17.00,-20.00,3.00,66.7,-75,159,0.0000,0.2353,-33.00,-251.00,4174.48,-0.9070,DOWN,214.20,0.6536,2.4721
20260619 110644 646,4163.00,3,4163.10,4163.40,0.30,4163.10,6,4163.00,5,4162.90,4,4162.80,4,4162.70,3,4162.60,4,4162.50,12,4162.40,9,4162.30,12,4162.20,11,4163.40,3,4163.50,3,4163.60,5,4163.70,4,4163.80,4,4163.90,3,4164.00,9,4164.10,6,4164.20,9,4164.30,10,Sell,74,94,168,-20.00,9.00,-21.00,2.70,59.3,4164.60,4165.70,4163.00,4163.00,60,80,140,-20.00,17.00,-20.00,3.00,66.7,-75,159,0.0000,0.0500,-36.00,-254.00,4174.48,-0.9070,DOWN,214.20,0.6536,2.4721
20260619 110644 683,4163.30,1,4163.10,4163.40,0.30,4163.10,6,4163.00,5,4162.90,4,4162.80,4,4162.70,3,4162.60,4,4162.50,12,4162.40,9,4162.30,12,4162.20,11,4163.40,3,4163.50,4,4163.60,5,4163.70,4,4163.80,4,4163.90,3,4164.00,9,4164.10,6,4164.20,9,4164.30,10,Buy,75,94,169,-19.00,9.00,-21.00,2.70,48.1,4164.60,4165.70,4163.00,4163.30,60,80,140,-20.00,17.00,-20.00,3.00,66.7,-75,159,0.0000,0.1053,-35.00,-253.00,4174.51,-0.8974,DOWN,214.20,0.6536,2.4721
20260619 110644 683,4163.30,1,4163.10,4163.40,0.30,4163.10,6,4163.00,5,4162.90,4,4162.80,4,4162.70,3,4162.60,4,4162.50,12,4162.40,9,4162.30,12,4162.20,11,4163.40,3,4163.50,4,4163.60,5,4163.70,4,4163.80,4,4163.90,3,4164.00,9,4164.10,6,4164.20,9,4164.30,10,Buy,76,94,170,-18.00,9.00,-21.00,2.70,48.1,4164.60,4165.70,4163.00,4163.30,60,80,140,-20.00,17.00,-20.00,3.00,66.7,-75,159,0.0000,0.1667,-34.00,-252.00,4174.51,-0.8974,DOWN,214.20,0.6536,2.4721
20260619 110645 152,4163.20,1,4163.20,4163.40,0.20,4163.20,3,4163.10,5,4163.00,4,4162.90,4,4162.80,4,4162.70,3,4162.60,4,4162.50,12,4162.40,9,4162.30,12,4163.40,3,4163.50,3,4163.60,5,4163.70,4,4163.80,4,4163.90,3,4164.00,9,4164.10,6,4164.20,9,4164.30,10,Sell,76,95,171,-19.00,9.00,-21.00,2.70,51.9,4164.60,4165.70,4163.00,4163.20,60,80,140,-20.00,17.00,-20.00,3.00,66.7,-75,159,0.0000,0.1053,-35.00,-253.00,4174.50,-0.9006,DOWN,214.20,0.6536,2.4721
20260619 110645 615,4163.30,1,4163.30,4163.60,0.30,4163.30,1,4163.20,2,4163.10,3,4163.00,7,4162.90,4,4162.80,4,4162.70,3,4162.60,4,4162.50,6,4162.40,3,4163.50,3,4163.60,4,4163.70,4,4163.80,4,4163.90,3,4164.00,9,4164.10,6,4164.20,9,4164.30,10,4164.40,12,Sell,76,96,172,-20.00,9.00,-21.00,2.70,48.1,4164.60,4165.70,4163.00,4163.30,60,80,140,-20.00,17.00,-20.00,3.00,66.7,-75,159,0.0000,0.0500,-36.00,-254.00,4174.51,-0.8974,DOWN,214.20,0.6536,2.4721
20260619 110645 615,4163.30,1,4163.30,4163.60,0.30,4163.30,1,4163.20,2,4163.10,3,4163.00,7,4162.90,4,4162.80,4,4162.70,3,4162.60,4,4162.50,6,4162.40,3,4163.50,3,4163.60,4,4163.70,4,4163.80,4,4163.90,3,4164.00,9,4164.10,6,4164.20,9,4164.30,10,4164.40,12,Sell,76,97,173,-21.00,9.00,-21.00,2.70,48.1,4164.60,4165.70,4163.00,4163.30,60,80,140,-20.00,17.00,-20.00,3.00,66.7,-75,159,0.0000,0.0000,-37.00,-255.00,4174.51,-0.8974,DOWN,214.20,0.6536,2.4721
20260619 110645 615,4163.30,1,4163.30,4163.60,0.30,4163.30,1,4163.20,2,4163.10,3,4163.00,7,4162.90,4,4162.80,4,4162.70,3,4162.60,4,4162.50,6,4162.40,3,4163.50,3,4163.60,4,4163.70,4,4163.80,4,4163.90,3,4164.00,9,4164.10,6,4164.20,9,4164.30,10,4164.40,12,Sell,76,98,174,-22.00,9.00,-22.00,2.70,48.1,4164.60,4165.70,4163.00,4163.30,60,80,140,-20.00,17.00,-20.00,3.00,66.7,-75,159,0.0000,0.0000,-38.00,-256.00,4174.51,-0.8974,DOWN,214.20,0.6536,2.4721
20260619 110645 747,4163.30,1,4163.30,4163.60,0.30,4163.30,2,4163.20,3,4163.10,3,4163.00,8,4162.90,4,4162.80,4,4162.70,3,4162.60,4,4162.50,6,4162.40,3,4163.60,5,4163.70,5,4163.80,5,4163.90,3,4164.00,9,4164.10,6,4164.20,9,4164.30,10,4164.40,12,4164.50,10,Sell,76,99,175,-23.00,9.00,-23.00,2.70,48.1,4164.60,4165.70,4163.00,4163.30,60,80,140,-20.00,17.00,-20.00,3.00,66.7,-75,159,0.0000,0.0000,-39.00,-257.00,4174.51,-0.8974,DOWN,214.20,0.6536,2.4721
20260619 110646 075,4163.50,1,4163.30,4163.50,0.20,4163.30,2,4163.20,3,4163.10,3,4163.00,8,4162.90,4,4162.80,4,4162.70,3,4162.60,4,4162.50,6,4162.40,3,4163.50,1,4163.60,4,4163.70,4,4163.80,5,4163.90,3,4164.00,9,4164.10,6,4164.20,9,4164.30,10,4164.40,12,Buy,77,99,176,-22.00,9.00,-23.00,2.70,40.7,4164.60,4165.70,4163.00,4163.50,60,80,140,-20.00,17.00,-20.00,3.00,66.7,-75,159,0.0000,0.0455,-38.00,-256.00,4174.53,-0.8911,DOWN,214.20,0.6536,2.4721
20260619 110647 276,4163.40,1,4163.40,4163.60,0.20,4163.30,2,4163.20,3,4163.10,2,4163.00,7,4162.90,4,4162.80,4,4162.70,3,4162.60,4,4162.50,6,4162.40,3,4163.60,3,4163.70,4,4163.80,5,4163.90,4,4164.00,9,4164.10,6,4164.20,9,4164.30,10,4164.40,12,4164.50,10,Sell,77,100,177,-23.00,9.00,-23.00,2.70,44.4,4164.60,4165.70,4163.00,4163.40,60,80,140,-20.00,17.00,-20.00,3.00,66.7,-75,159,0.0000,0.0000,-39.00,-257.00,4174.52,-0.8943,DOWN,214.20,0.6536,2.4721
20260619 110647 699,4163.60,1,4163.30,4163.60,0.30,4163.30,3,4163.20,3,4163.10,2,4163.00,7,4162.90,4,4162.80,4,4162.70,3,4162.60,4,4162.50,6,4162.40,3,4163.60,2,4163.70,3,4163.80,4,4163.90,4,4164.00,9,4164.10,6,4164.20,9,4164.30,10,4164.40,12,4164.50,10,Buy,78,100,178,-22.00,9.00,-23.00,2.70,37.0,4164.60,4165.70,4163.00,4163.60,60,80,140,-20.00,17.00,-20.00,3.00,66.7,-75,159,0.0000,0.0455,-38.00,-256.00,4174.54,-0.8879,DOWN,214.20,0.6536,2.4721
20260619 110647 809,4163.30,1,4163.30,4163.60,0.30,4163.30,2,4163.20,3,4163.10,2,4163.00,7,4162.90,4,4162.80,4,4162.70,3,4162.60,4,4162.50,6,4162.40,3,4163.60,2,4163.70,3,4163.80,4,4163.90,4,4164.00,9,4164.10,6,4164.20,9,4164.30,10,4164.40,12,4164.50,10,Sell,78,101,179,-23.00,9.00,-23.00,2.70,48.1,4164.60,4165.70,4163.00,4163.30,60,80,140,-20.00,17.00,-20.00,3.00,66.7,-75,159,0.0000,0.0000,-39.00,-257.00,4174.51,-0.8974,DOWN,214.20,0.6536,2.4721
20260619 110648 449,4163.50,1,4163.30,4163.60,0.30,4163.30,2,4163.20,2,4163.10,3,4163.00,7,4162.90,4,4162.80,4,4162.70,3,4162.60,4,4162.50,6,4162.40,4,4163.60,2,4163.70,3,4163.80,4,4163.90,3,4164.00,8,4164.10,6,4164.20,9,4164.30,10,4164.40,12,4164.50,10,Buy,79,101,180,-22.00,9.00,-23.00,2.70,40.7,4164.60,4165.70,4163.00,4163.50,60,80,140,-20.00,17.00,-20.00,3.00,66.7,-75,159,0.0000,0.0455,-38.00,-256.00,4174.53,-0.8911,DOWN,214.20,0.6536,2.4721
20260619 110649 831,4163.60,1,4163.60,4163.80,0.20,4163.60,2,4163.50,4,4163.40,4,4163.30,3,4163.20,2,4163.10,4,4163.00,8,4162.90,4,4162.80,10,4162.70,9,4163.80,1,4163.90,3,4164.00,6,4164.10,4,4164.20,3,4164.30,4,4164.40,12,4164.50,10,4164.60,11,4164.70,9,Buy,80,101,181,-21.00,9.00,-23.00,2.70,37.0,4164.60,4165.70,4163.00,4163.60,60,80,140,-20.00,17.00,-20.00,3.00,66.7,-75,159,0.0000,0.0952,-37.00,-255.00,4174.54,-0.8879,DOWN,214.20,0.6536,2.4721
20260619 110650 136,4163.80,1,4163.60,4163.80,0.20,4163.60,3,4163.50,4,4163.40,4,4163.30,3,4163.20,2,4163.10,4,4163.00,8,4162.90,4,4162.80,10,4162.70,9,4163.80,1,4163.90,2,4164.00,6,4164.10,4,4164.20,2,4164.30,4,4164.40,12,4164.50,10,4164.60,11,4164.70,9,Buy,81,101,182,-20.00,9.00,-23.00,2.70,29.6,4164.60,4165.70,4163.00,4163.80,60,80,140,-20.00,17.00,-20.00,3.00,66.7,-75,159,0.0000,0.1500,-36.00,-254.00,4174.56,-0.8816,DOWN,214.20,0.6536,2.4721
20260619 110654 884,4163.60,1,4163.30,4163.60,0.30,4163.40,2,4163.30,2,4163.20,2,4163.10,4,4163.00,8,4162.90,4,4162.80,4,4162.70,3,4162.60,10,4162.50,12,4163.60,4,4163.70,3,4163.80,2,4163.90,1,4164.00,7,4164.10,5,4164.20,3,4164.30,4,4164.40,12,4164.50,10,Buy,82,101,183,-19.00,9.00,-23.00,2.70,37.0,4164.60,4165.70,4163.00,4163.60,60,80,140,-20.00,17.00,-20.00,3.00,66.7,-75,159,0.0000,0.2105,-35.00,-253.00,4174.54,-0.8879,DOWN,214.20,0.6536,2.4721
20260619 110654 884,4163.60,1,4163.30,4163.60,0.30,4163.40,2,4163.30,2,4163.20,2,4163.10,4,4163.00,8,4162.90,4,4162.80,4,4162.70,3,4162.60,10,4162.50,12,4163.60,4,4163.70,3,4163.80,2,4163.90,1,4164.00,7,4164.10,5,4164.20,3,4164.30,4,4164.40,12,4164.50,10,Buy,83,101,184,-18.00,9.00,-23.00,2.70,37.0,4164.60,4165.70,4163.00,4163.60,60,80,140,-20.00,17.00,-20.00,3.00,66.7,-75,159,0.0000,0.2778,-34.00,-252.00,4174.54,-0.8879,DOWN,214.20,0.6536,2.4721
20260619 110655 385,4163.30,1,4163.30,4163.50,0.20,4163.30,1,4163.20,2,4163.10,4,4163.00,7,4162.90,4,4162.80,4,4162.70,3,4162.60,4,4162.50,4,4162.40,9,4163.50,3,4163.60,3,4163.70,3,4163.80,2,4163.90,2,4164.00,7,4164.10,5,4164.20,3,4164.30,4,4164.40,12,Sell,83,102,185,-19.00,9.00,-23.00,2.70,48.1,4164.60,4165.70,4163.00,4163.30,60,80,140,-20.00,17.00,-20.00,3.00,66.7,-75,159,0.0000,0.2105,-35.00,-253.00,4174.51,-0.8974,DOWN,214.20,0.6536,2.4721
20260619 110655 500,4163.30,1,4163.20,4163.50,0.30,4163.20,2,4163.10,4,4163.00,7,4162.90,4,4162.80,4,4162.70,3,4162.60,4,4162.50,4,4162.40,9,4162.30,12,4163.50,4,4163.60,3,4163.70,3,4163.80,2,4163.90,2,4164.00,7,4164.10,5,4164.20,3,4164.30,4,4164.40,12,Sell,83,103,186,-20.00,9.00,-23.00,2.70,48.1,4164.60,4165.70,4163.00,4163.30,60,80,140,-20.00,17.00,-20.00,3.00,66.7,-75,159,0.0000,0.1500,-36.00,-254.00,4174.51,-0.8974,DOWN,214.20,0.6536,2.4721
20260619 110656 416,4163.40,1,4163.30,4163.50,0.20,4163.30,1,4163.20,2,4163.10,4,4163.00,7,4162.90,4,4162.80,4,4162.70,3,4162.60,4,4162.50,4,4162.40,9,4163.50,2,4163.60,3,4163.70,3,4163.80,2,4163.90,2,4164.00,7,4164.10,5,4164.20,3,4164.30,10,4164.40,12,Buy,84,103,187,-19.00,9.00,-23.00,2.70,44.4,4164.60,4165.70,4163.00,4163.40,60,80,140,-20.00,17.00,-20.00,3.00,66.7,-75,159,0.0000,0.2105,-35.00,-253.00,4174.52,-0.8943,DOWN,214.20,0.6536,2.4721
20260619 110656 416,4163.50,1,4163.30,4163.50,0.20,4163.30,1,4163.20,2,4163.10,4,4163.00,7,4162.90,4,4162.80,4,4162.70,3,4162.60,4,4162.50,4,4162.40,9,4163.50,2,4163.60,3,4163.70,3,4163.80,2,4163.90,2,4164.00,7,4164.10,5,4164.20,3,4164.30,10,4164.40,12,Buy,85,103,188,-18.00,9.00,-23.00,2.70,40.7,4164.60,4165.70,4163.00,4163.50,60,80,140,-20.00,17.00,-20.00,3.00,66.7,-75,159,0.0000,0.2778,-34.00,-252.00,4174.53,-0.8911,DOWN,214.20,0.6536,2.4721
20260619 110657 286,4163.40,1,4163.20,4163.50,0.30,4163.20,3,4163.10,4,4163.00,7,4162.90,4,4162.80,4,4162.70,3,4162.60,4,4162.50,4,4162.40,9,4162.30,12,4163.50,3,4163.60,3,4163.70,3,4163.80,2,4163.90,2,4164.00,7,4164.10,5,4164.20,3,4164.30,10,4164.40,12,Buy,86,103,189,-17.00,9.00,-23.00,2.70,44.4,4164.60,4165.70,4163.00,4163.40,60,80,140,-20.00,17.00,-20.00,3.00,66.7,-75,159,0.0000,0.3529,-33.00,-251.00,4174.52,-0.8943,DOWN,214.20,0.6536,2.4721
20260619 110659 204,4163.30,1,4163.20,4163.30,0.10,4163.20,1,4163.10,3,4163.00,7,4162.90,4,4162.80,3,4162.70,3,4162.60,4,4162.50,4,4162.40,9,4162.30,12,4163.30,1,4163.40,3,4163.50,4,4163.60,3,4163.70,3,4163.80,2,4163.90,2,4164.00,8,4164.10,5,4164.20,9,Sell,86,104,190,-18.00,9.00,-23.00,2.70,48.1,4164.60,4165.70,4163.00,4163.30,60,80,140,-20.00,17.00,-20.00,3.00,66.7,-75,159,0.0000,0.2778,-34.00,-252.00,4174.51,-0.8974,DOWN,214.20,0.6536,2.4721
20260619 110700 362,4163.40,1,4163.30,4163.50,0.20,4163.30,1,4163.20,5,4163.10,3,4163.00,7,4162.90,4,4162.80,3,4162.70,3,4162.60,4,4162.50,4,4162.40,9,4163.50,3,4163.60,3,4163.70,3,4163.80,2,4163.90,3,4164.00,8,4164.10,5,4164.20,9,4164.30,10,4164.40,12,Buy,1,0,1,1.00,1.00,1.00,0.00,0.0,4163.40,4163.40,4163.40,4163.40,86,104,190,-18.00,9.00,-23.00,2.70,48.1,-6,282,0.2778,0.0000,-59.00,-198.00,4174.52,-0.8943,DOWN,214.80,0.8845,2.3027
20260619 110700 362,4163.40,1,4163.30,4163.50,0.20,4163.30,1,4163.20,5,4163.10,3,4163.00,7,4162.90,4,4162.80,3,4162.70,3,4162.60,4,4162.50,4,4162.40,9,4163.50,3,4163.60,3,4163.70,3,4163.80,2,4163.90,3,4164.00,8,4164.10,5,4164.20,9,4164.30,10,4164.40,12,Buy,2,0,2,2.00,2.00,1.00,0.00,0.0,4163.40,4163.40,4163.40,4163.40,86,104,190,-18.00,9.00,-23.00,2.70,48.1,-6,282,0.2778,0.0000,-58.00,-197.00,4174.52,-0.8943,DOWN,214.80,0.8845,2.3027
20260619 110701 508,4163.20,1,4163.20,4163.30,0.10,4163.10,3,4163.00,7,4162.90,4,4162.80,3,4162.70,3,4162.60,4,4162.50,4,4162.40,9,4162.30,13,4162.20,11,4163.30,3,4163.40,4,4163.50,3,4163.60,3,4163.70,4,4163.80,4,4163.90,3,4164.00,8,4164.10,5,4164.20,9,Sell,2,1,3,1.00,2.00,1.00,0.20,100.0,4163.40,4163.40,4163.20,4163.20,86,104,190,-18.00,9.00,-23.00,2.70,48.1,-6,282,0.2778,1.0000,-59.00,-198.00,4174.50,-0.9006,DOWN,214.80,0.8845,2.3098
20260619 110701 508,4163.20,1,4163.20,4163.30,0.10,4163.10,3,4163.00,7,4162.90,4,4162.80,3,4162.70,3,4162.60,4,4162.50,4,4162.40,9,4162.30,13,4162.20,11,4163.30,3,4163.40,4,4163.50,3,4163.60,3,4163.70,4,4163.80,4,4163.90,3,4164.00,8,4164.10,5,4164.20,9,Sell,2,2,4,0.00,2.00,0.00,0.20,100.0,4163.40,4163.40,4163.20,4163.20,86,104,190,-18.00,9.00,-23.00,2.70,48.1,-6,282,0.2778,2.0000,-60.00,-199.00,4174.50,-0.9006,DOWN,214.80,0.8845,2.3098
20260619 110701 556,4163.20,1,4163.10,4163.20,0.10,4163.10,1,4163.00,6,4162.90,3,4162.80,5,4162.70,3,4162.60,4,4162.50,4,4162.40,9,4162.30,13,4162.20,11,4163.20,1,4163.30,4,4163.40,4,4163.50,3,4163.60,3,4163.70,4,4163.80,4,4163.90,4,4164.00,8,4164.10,12,Sell,2,3,5,-1.00,2.00,-1.00,0.20,100.0,4163.40,4163.40,4163.20,4163.20,86,104,190,-18.00,9.00,-23.00,2.70,48.1,-6,282,0.2778,0.0000,-61.00,-200.00,4174.50,-0.9006,DOWN,214.80,0.8845,2.3098
20260619 110702 043,4163.10,1,4163.00,4163.20,0.20,4163.00,5,4162.90,2,4162.80,4,4162.70,3,4162.60,4,4162.50,4,4162.40,3,4162.30,7,4162.20,11,4162.10,11,4163.20,4,4163.30,3,4163.40,4,4163.50,5,4163.60,4,4163.70,4,4163.80,4,4163.90,11,4164.00,14,4164.10,11,Sell,2,4,6,-2.00,2.00,-2.00,0.30,100.0,4163.40,4163.40,4163.10,4163.10,86,104,190,-18.00,9.00,-23.00,2.70,48.1,-6,282,0.2778,0.0000,-62.00,-201.00,4174.49,-0.9038,DOWN,214.80,0.8845,2.3170
20260619 110702 049,4163.10,1,4163.00,4163.20,0.20,4163.00,5,4162.90,2,4162.80,4,4162.70,3,4162.60,4,4162.50,4,4162.40,3,4162.30,7,4162.20,11,4162.10,11,4163.20,4,4163.30,3,4163.40,4,4163.50,5,4163.60,4,4163.70,4,4163.80,4,4163.90,11,4164.00,14,4164.10,11,Buy,3,4,7,-1.00,2.00,-2.00,0.30,100.0,4163.40,4163.40,4163.10,4163.10,86,104,190,-18.00,9.00,-23.00,2.70,48.1,-6,282,0.2778,1.0000,-61.00,-200.00,4174.49,-0.9038,DOWN,214.80,0.8845,2.3170
20260619 110702 050,4163.10,1,4163.00,4163.20,0.20,4163.00,5,4162.90,2,4162.80,4,4162.70,3,4162.60,4,4162.50,4,4162.40,3,4162.30,7,4162.20,11,4162.10,11,4163.20,4,4163.30,3,4163.40,4,4163.50,5,4163.60,4,4163.70,4,4163.80,4,4163.90,11,4164.00,14,4164.10,11,Sell,3,5,8,-2.00,2.00,-2.00,0.30,100.0,4163.40,4163.40,4163.10,4163.10,86,104,190,-18.00,9.00,-23.00,2.70,48.1,-6,282,0.2778,0.0000,-62.00,-201.00,4174.49,-0.9038,DOWN,214.80,0.8845,2.3170
20260619 110703 522,4163.10,1,4163.00,4163.20,0.20,4163.00,6,4162.90,2,4162.80,5,4162.70,3,4162.60,4,4162.50,4,4162.40,3,4162.30,7,4162.20,11,4162.10,11,4163.20,3,4163.30,2,4163.40,2,4163.50,3,4163.60,3,4163.70,4,4163.80,4,4163.90,5,4164.00,8,4164.10,11,Sell,3,6,9,-3.00,2.00,-3.00,0.30,100.0,4163.40,4163.40,4163.10,4163.10,86,104,190,-18.00,9.00,-23.00,2.70,48.1,-6,282,0.2778,0.0000,-63.00,-202.00,4174.49,-0.9038,DOWN,214.80,0.8845,2.3170
20260619 110703 697,4163.00,1,4163.00,4163.20,0.20,4163.00,6,4162.90,2,4162.80,5,4162.70,3,4162.60,4,4162.50,4,4162.40,3,4162.30,7,4162.20,11,4162.10,11,4163.20,3,4163.30,2,4163.40,3,4163.50,3,4163.60,3,4163.70,4,4163.80,4,4163.90,5,4164.00,14,4164.10,11,Sell,3,7,10,-4.00,2.00,-4.00,0.40,100.0,4163.40,4163.40,4163.00,4163.00,86,104,190,-18.00,9.00,-23.00,2.70,48.1,-6,282,0.2778,0.0000,-64.00,-203.00,4174.48,-0.9070,DOWN,214.80,0.8845,2.3241
20260619 110703 697,4163.00,1,4163.00,4163.20,0.20,4163.00,6,4162.90,2,4162.80,5,4162.70,3,4162.60,4,4162.50,4,4162.40,3,4162.30,7,4162.20,11,4162.10,11,4163.20,3,4163.30,2,4163.40,3,4163.50,3,4163.60,3,4163.70,4,4163.80,4,4163.90,5,4164.00,14,4164.10,11,Sell,3,8,11,-5.00,2.00,-5.00,0.40,100.0,4163.40,4163.40,4163.00,4163.00,86,104,190,-18.00,9.00,-23.00,2.70,48.1,-6,282,0.2778,0.0000,-65.00,-204.00,4174.48,-0.9070,DOWN,214.80,0.8845,2.3241
20260619 110703 697,4163.00,3,4163.00,4163.20,0.20,4163.00,6,4162.90,2,4162.80,5,4162.70,3,4162.60,4,4162.50,4,4162.40,3,4162.30,7,4162.20,11,4162.10,11,4163.20,3,4163.30,2,4163.40,3,4163.50,3,4163.60,3,4163.70,4,4163.80,4,4163.90,5,4164.00,14,4164.10,11,Sell,3,11,14,-8.00,2.00,-8.00,0.40,100.0,4163.40,4163.40,4163.00,4163.00,86,104,190,-18.00,9.00,-23.00,2.70,48.1,-6,282,0.2778,0.0000,-68.00,-207.00,4174.48,-0.9070,DOWN,214.80,0.8845,2.3241
20260619 110703 697,4163.00,1,4163.00,4163.20,0.20,4163.00,6,4162.90,2,4162.80,5,4162.70,3,4162.60,4,4162.50,4,4162.40,3,4162.30,7,4162.20,11,4162.10,11,4163.20,3,4163.30,2,4163.40,3,4163.50,3,4163.60,3,4163.70,4,4163.80,4,4163.90,5,4164.00,14,4164.10,11,Sell,3,12,15,-9.00,2.00,-9.00,0.40,100.0,4163.40,4163.40,4163.00,4163.00,86,104,190,-18.00,9.00,-23.00,2.70,48.1,-6,282,0.2778,0.0000,-69.00,-208.00,4174.48,-0.9070,DOWN,214.80,0.8845,2.3241
20260619 110704 029,4162.90,1,4162.90,4163.10,0.20,4162.80,3,4162.70,2,4162.60,5,4162.50,4,4162.40,3,4162.30,7,4162.20,11,4162.10,11,4162.00,12,4161.90,10,4163.00,3,4163.10,4,4163.20,2,4163.30,2,4163.40,3,4163.50,5,4163.60,4,4163.70,4,4163.80,4,4163.90,11,Sell,3,13,16,-10.00,2.00,-10.00,0.50,100.0,4163.40,4163.40,4162.90,4162.90,86,104,190,-18.00,9.00,-23.00,2.70,48.1,-6,282,0.2778,0.0000,-70.00,-209.00,4174.47,-0.9101,DOWN,214.80,0.8845,2.3313
20260619 110704 029,4162.90,1,4162.90,4163.10,0.20,4162.80,3,4162.70,2,4162.60,5,4162.50,4,4162.40,3,4162.30,7,4162.20,11,4162.10,11,4162.00,12,4161.90,10,4163.00,3,4163.10,4,4163.20,2,4163.30,2,4163.40,3,4163.50,5,4163.60,4,4163.70,4,4163.80,4,4163.90,11,Sell,3,14,17,-11.00,2.00,-11.00,0.50,100.0,4163.40,4163.40,4162.90,4162.90,86,104,190,-18.00,9.00,-23.00,2.70,48.1,-6,282,0.2778,0.0000,-71.00,-210.00,4174.47,-0.9101,DOWN,214.80,0.8845,2.3313
20260619 110704 031,4163.10,1,4162.90,4163.10,0.20,4162.80,3,4162.70,2,4162.60,5,4162.50,4,4162.40,3,4162.30,7,4162.20,11,4162.10,11,4162.00,12,4161.90,10,4163.00,3,4163.10,4,4163.20,2,4163.30,2,4163.40,3,4163.50,5,4163.60,4,4163.70,4,4163.80,4,4163.90,11,Buy,4,14,18,-10.00,2.00,-11.00,0.50,60.0,4163.40,4163.40,4162.90,4163.10,86,104,190,-18.00,9.00,-23.00,2.70,48.1,-6,282,0.2778,0.1000,-70.00,-209.00,4174.49,-0.9038,DOWN,214.80,0.8845,2.3313
20260619 110704 031,4163.10,1,4162.90,4163.10,0.20,4162.80,3,4162.70,2,4162.60,5,4162.50,4,4162.40,3,4162.30,7,4162.20,11,4162.10,11,4162.00,12,4161.90,10,4163.00,3,4163.10,4,4163.20,2,4163.30,2,4163.40,3,4163.50,5,4163.60,4,4163.70,4,4163.80,4,4163.90,11,Buy,5,14,19,-9.00,2.00,-11.00,0.50,60.0,4163.40,4163.40,4162.90,4163.10,86,104,190,-18.00,9.00,-23.00,2.70,48.1,-6,282,0.2778,0.2222,-69.00,-208.00,4174.49,-0.9038,DOWN,214.80,0.8845,2.3313
20260619 110704 088,4162.80,1,4162.60,4162.80,0.20,4162.60,3,4162.50,4,4162.40,3,4162.30,7,4162.20,5,4162.10,11,4162.00,12,4161.90,10,4161.80,12,4161.70,7,4162.80,1,4162.90,3,4163.00,4,4163.10,4,4163.20,2,4163.30,3,4163.40,3,4163.50,5,4163.60,4,4163.70,10,Sell,5,15,20,-10.00,2.00,-11.00,0.60,100.0,4163.40,4163.40,4162.80,4162.80,86,104,190,-18.00,9.00,-23.00,2.70,48.1,-6,282,0.2778,0.1000,-70.00,-209.00,4174.46,-0.9133,DOWN,214.80,0.8845,2.3384
20260619 110704 088,4162.80,1,4162.60,4162.80,0.20,4162.60,3,4162.50,4,4162.40,3,4162.30,7,4162.20,5,4162.10,11,4162.00,12,4161.90,10,4161.80,12,4161.70,7,4162.80,1,4162.90,3,4163.00,4,4163.10,4,4163.20,2,4163.30,3,4163.40,3,4163.50,5,4163.60,4,4163.70,10,Sell,5,16,21,-11.00,2.00,-11.00,0.60,100.0,4163.40,4163.40,4162.80,4162.80,86,104,190,-18.00,9.00,-23.00,2.70,48.1,-6,282,0.2778,0.0000,-71.00,-210.00,4174.46,-0.9133,DOWN,214.80,0.8845,2.3384
20260619 110704 088,4162.80,1,4162.60,4162.80,0.20,4162.60,3,4162.50,4,4162.40,3,4162.30,7,4162.20,5,4162.10,11,4162.00,12,4161.90,10,4161.80,12,4161.70,7,4162.80,1,4162.90,3,4163.00,4,4163.10,4,4163.20,2,4163.30,3,4163.40,3,4163.50,5,4163.60,4,4163.70,10,Sell,5,17,22,-12.00,2.00,-12.00,0.60,100.0,4163.40,4163.40,4162.80,4162.80,86,104,190,-18.00,9.00,-23.00,2.70,48.1,-6,282,0.2778,0.0000,-72.00,-211.00,4174.46,-0.9133,DOWN,214.80,0.8845,2.3384
20260619 110704 252,4162.80,1,4163.30,4163.50,0.20,4163.30,2,4163.20,2,4163.10,5,4163.00,5,4162.90,4,4162.80,3,4162.70,7,4162.60,10,4162.50,4,4162.40,9,4163.50,1,4163.60,5,4163.70,4,4163.80,1,4163.90,3,4164.00,6,4164.10,5,4164.20,9,4164.30,10,4164.40,12,Buy,6,17,23,-11.00,2.00,-12.00,0.60,100.0,4163.40,4163.40,4162.80,4162.80,86,104,190,-18.00,9.00,-23.00,2.70,48.1,-6,282,0.2778,0.0909,-71.00,-210.00,4174.46,-0.9133,DOWN,214.80,0.8845,2.3384
20260619 110704 254,4163.00,1,4163.30,4163.50,0.20,4163.30,2,4163.20,2,4163.10,5,4163.00,5,4162.90,4,4162.80,3,4162.70,7,4162.60,10,4162.50,4,4162.40,9,4163.50,1,4163.60,5,4163.70,4,4163.80,1,4163.90,3,4164.00,6,4164.10,5,4164.20,9,4164.30,10,4164.40,12,Buy,7,17,24,-10.00,2.00,-12.00,0.60,66.7,4163.40,4163.40,4162.80,4163.00,86,104,190,-18.00,9.00,-23.00,2.70,48.1,-6,282,0.2778,0.2000,-70.00,-209.00,4174.48,-0.9070,DOWN,214.80,0.8845,2.3384
20260619 110704 254,4163.00,1,4163.30,4163.50,0.20,4163.30,2,4163.20,2,4163.10,5,4163.00,5,4162.90,4,4162.80,3,4162.70,7,4162.60,10,4162.50,4,4162.40,9,4163.50,1,4163.60,5,4163.70,4,4163.80,1,4163.90,3,4164.00,6,4164.10,5,4164.20,9,4164.30,10,4164.40,12,Buy,8,17,25,-9.00,2.00,-12.00,0.60,66.7,4163.40,4163.40,4162.80,4163.00,86,104,190,-18.00,9.00,-23.00,2.70,48.1,-6,282,0.2778,0.3333,-69.00,-208.00,4174.48,-0.9070,DOWN,214.80,0.8845,2.3384
20260619 110704 255,4163.10,1,4163.30,4163.50,0.20,4163.30,2,4163.20,2,4163.10,5,4163.00,5,4162.90,4,4162.80,3,4162.70,7,4162.60,10,4162.50,4,4162.40,9,4163.50,1,4163.60,5,4163.70,4,4163.80,1,4163.90,3,4164.00,6,4164.10,5,4164.20,9,4164.30,10,4164.40,12,Buy,9,17,26,-8.00,2.00,-12.00,0.60,50.0,4163.40,4163.40,4162.80,4163.10,86,104,190,-18.00,9.00,-23.00,2.70,48.1,-6,282,0.2778,0.5000,-68.00,-207.00,4174.49,-0.9038,DOWN,214.80,0.8845,2.3384
20260619 110704 255,4163.10,1,4163.30,4163.50,0.20,4163.30,2,4163.20,2,4163.10,5,4163.00,5,4162.90,4,4162.80,3,4162.70,7,4162.60,10,4162.50,4,4162.40,9,4163.50,1,4163.60,5,4163.70,4,4163.80,1,4163.90,3,4164.00,6,4164.10,5,4164.20,9,4164.30,10,4164.40,12,Buy,10,17,27,-7.00,2.00,-12.00,0.60,50.0,4163.40,4163.40,4162.80,4163.10,86,104,190,-18.00,9.00,-23.00,2.70,48.1,-6,282,0.2778,0.7143,-67.00,-206.00,4174.49,-0.9038,DOWN,214.80,0.8845,2.3384
20260619 110704 255,4163.10,1,4163.30,4163.50,0.20,4163.30,2,4163.20,2,4163.10,5,4163.00,5,4162.90,4,4162.80,3,4162.70,7,4162.60,10,4162.50,4,4162.40,9,4163.50,1,4163.60,5,4163.70,4,4163.80,1,4163.90,3,4164.00,6,4164.10,5,4164.20,9,4164.30,10,4164.40,12,Buy,11,17,28,-6.00,2.00,-12.00,0.60,50.0,4163.40,4163.40,4162.80,4163.10,86,104,190,-18.00,9.00,-23.00,2.70,48.1,-6,282,0.2778,1.0000,-66.00,-205.00,4174.49,-0.9038,DOWN,214.80,0.8845,2.3384
20260619 110704 264,4163.40,1,4163.30,4163.50,0.20,4163.30,2,4163.20,2,4163.10,5,4163.00,5,4162.90,4,4162.80,3,4162.70,7,4162.60,10,4162.50,4,4162.40,9,4163.50,2,4163.60,3,4163.70,4,4163.80,1,4163.90,4,4164.00,6,4164.10,5,4164.20,9,4164.30,10,4164.40,12,Buy,12,17,29,-5.00,2.00,-12.00,0.60,0.0,4163.40,4163.40,4162.80,4163.40,86,104,190,-18.00,9.00,-23.00,2.70,48.1,-6,282,0.2778,1.4000,-65.00,-204.00,4174.52,-0.8943,DOWN,214.80,0.8845,2.3384
20260619 110704 268,4163.50,1,4163.40,4163.50,0.10,4163.40,1,4163.30,3,4163.20,2,4163.10,5,4163.00,5,4162.90,4,4162.80,3,4162.70,7,4162.60,10,4162.50,4,4163.50,1,4163.60,2,4163.70,4,4163.80,1,4163.90,4,4164.00,6,4164.10,5,4164.20,9,4164.30,10,4164.40,12,Buy,13,17,30,-4.00,2.00,-12.00,0.70,14.3,4163.40,4163.50,4162.80,4163.50,86,104,190,-18.00,9.00,-23.00,2.70,48.1,-6,282,0.2778,2.0000,-64.00,-203.00,4174.53,-0.8911,DOWN,214.80,0.8845,2.3455
20260619 110704 268,4163.50,1,4163.40,4163.50,0.10,4163.40,1,4163.30,3,4163.20,2,4163.10,5,4163.00,5,4162.90,4,4162.80,3,4162.70,7,4162.60,10,4162.50,4,4163.50,1,4163.60,2,4163.70,4,4163.80,1,4163.90,4,4164.00,6,4164.10,5,4164.20,9,4164.30,10,4164.40,12,Buy,14,17,31,-3.00,2.00,-12.00,0.70,14.3,4163.40,4163.50,4162.80,4163.50,86,104,190,-18.00,9.00,-23.00,2.70,48.1,-6,282,0.2778,3.0000,-63.00,-202.00,4174.53,-0.8911,DOWN,214.80,0.8845,2.3455
20260619 110705 098,4163.40,1,4163.40,4163.60,0.20,4163.40,3,4163.30,3,4163.20,2,4163.10,5,4163.00,6,4162.90,5,4162.80,4,4162.70,7,4162.60,14,4162.50,10,4163.60,2,4163.70,2,4163.80,1,4163.90,1,4164.00,6,4164.10,5,4164.20,3,4164.30,10,4164.40,12,4164.50,10,Sell,14,18,32,-4.00,2.00,-12.00,0.70,0.0,4163.40,4163.50,4162.80,4163.40,86,104,190,-18.00,9.00,-23.00,2.70,48.1,-6,282,0.2778,2.0000,-64.00,-203.00,4174.52,-0.8943,DOWN,214.80,0.8845,2.3455
20260619 110705 302,4163.60,1,4163.40,4163.70,0.30,4163.40,3,4163.30,3,4163.20,2,4163.10,5,4163.00,6,4162.90,5,4162.80,4,4162.70,7,4162.60,14,4162.50,10,4163.70,3,4163.80,3,4163.90,1,4164.00,6,4164.10,5,4164.20,3,4164.30,10,4164.40,12,4164.50,10,4164.60,11,Buy,15,18,33,-3.00,2.00,-12.00,0.80,25.0,4163.40,4163.60,4162.80,4163.60,86,104,190,-18.00,9.00,-23.00,2.70,48.1,-6,282,0.2778,3.0000,-63.00,-202.00,4174.54,-0.8879,DOWN,214.80,0.8845,2.3527
20260619 110705 303,4163.60,1,4163.40,4163.70,0.30,4163.40,3,4163.30,3,4163.20,2,4163.10,5,4163.00,6,4162.90,5,4162.80,4,4162.70,7,4162.60,14,4162.50,10,4163.70,3,4163.80,3,4163.90,1,4164.00,6,4164.10,5,4164.20,3,4164.30,10,4164.40,12,4164.50,10,4164.60,11,Sell,15,19,34,-4.00,2.00,-12.00,0.80,25.0,4163.40,4163.60,4162.80,4163.60,86,104,190,-18.00,9.00,-23.00,2.70,48.1,-6,282,0.2778,2.0000,-64.00,-203.00,4174.54,-0.8879,DOWN,214.80,0.8845,2.3527
20260619 110705 343,4163.70,1,4163.50,4163.70,0.20,4163.70,2,4163.60,4,4163.50,3,4163.40,3,4163.30,3,4163.20,2,4163.10,6,4163.00,6,4162.90,5,4162.80,10,4163.90,3,4164.00,5,4164.10,3,4164.20,4,4164.30,4,4164.40,6,4164.50,4,4164.60,11,4164.70,9,4164.80,10,Buy,16,19,35,-3.00,2.00,-12.00,0.90,33.3,4163.40,4163.70,4162.80,4163.70,86,104,190,-18.00,9.00,-23.00,2.70,48.1,-6,282,0.2778,3.0000,-63.00,-202.00,4174.55,-0.8847,DOWN,214.80,0.8845,2.3598
20260619 110705 652,4163.40,1,4163.20,4163.40,0.20,4163.20,2,4163.10,6,4163.00,5,4162.90,5,4162.80,4,4162.70,7,4162.60,8,4162.50,10,4162.40,9,4162.30,14,4163.40,1,4163.50,3,4163.60,4,4163.70,3,4163.80,4,4163.90,3,4164.00,6,4164.10,5,4164.20,4,4164.30,10,Buy,17,19,36,-2.00,2.00,-12.00,0.90,0.0,4163.40,4163.70,4162.80,4163.40,86,104,190,-18.00,9.00,-23.00,2.70,48.1,-6,282,0.2778,5.0000,-62.00,-201.00,4174.52,-0.8943,DOWN,214.80,0.8845,2.3598
20260619 110705 975,4163.30,1,4163.30,4163.50,0.20,4163.30,1,4163.20,3,4163.10,5,4163.00,5,4162.90,5,4162.80,4,4162.70,7,4162.60,8,4162.50,10,4162.40,9,4163.50,3,4163.60,4,4163.70,3,4163.80,4,4163.90,3,4164.00,6,4164.10,5,4164.20,4,4164.30,10,4164.40,12,Sell,17,20,37,-3.00,2.00,-12.00,0.90,11.1,4163.40,4163.70,4162.80,4163.30,86,104,190,-18.00,9.00,-23.00,2.70,48.1,-6,282,0.2778,3.0000,-63.00,-202.00,4174.51,-0.8974,DOWN,214.80,0.8845,2.3598
20260619 110707 285,4163.30,1,4163.30,4163.60,0.30,4163.30,2,4163.20,3,4163.10,5,4163.00,5,4162.90,5,4162.80,4,4162.70,7,4162.60,8,4162.50,10,4162.40,9,4163.60,5,4163.70,3,4163.80,4,4163.90,4,4164.00,6,4164.10,5,4164.20,4,4164.30,10,4164.40,12,4164.50,10,Sell,17,21,38,-4.00,2.00,-12.00,0.90,11.1,4163.40,4163.70,4162.80,4163.30,86,104,190,-18.00,9.00,-23.00,2.70,48.1,-6,282,0.2778,2.0000,-64.00,-203.00,4174.51,-0.8974,DOWN,214.80,0.8845,2.3598
20260619 110707 487,4163.30,1,4163.30,4163.50,0.20,4163.30,2,4163.20,3,4163.10,6,4163.00,5,4162.90,5,4162.80,4,4162.70,7,4162.60,8,4162.50,10,4162.40,9,4163.50,3,4163.60,4,4163.70,3,4163.80,4,4163.90,3,4164.00,6,4164.10,5,4164.20,4,4164.30,10,4164.40,12,Sell,17,22,39,-5.00,2.00,-12.00,0.90,11.1,4163.40,4163.70,4162.80,4163.30,86,104,190,-18.00,9.00,-23.00,2.70,48.1,-6,282,0.2778,1.4000,-65.00,-204.00,4174.51,-0.8974,DOWN,214.80,0.8845,2.3598
20260619 110709 496,4163.20,1,4163.10,4163.30,0.20,4163.10,1,4163.00,4,4162.90,5,4162.80,4,4162.70,7,4162.60,8,4162.50,4,4162.40,9,4162.30,13,4162.20,11,4163.30,3,4163.40,4,4163.50,1,4163.60,3,4163.70,4,4163.80,4,4163.90,4,4164.00,6,4164.10,5,4164.20,10,Sell,17,23,40,-6.00,2.00,-12.00,0.90,22.2,4163.40,4163.70,4162.80,4163.20,86,104,190,-18.00,9.00,-23.00,2.70,48.1,-6,282,0.2778,1.0000,-66.00,-205.00,4174.50,-0.9006,DOWN,214.80,0.8845,2.3598
20260619 110709 525,4163.20,1,4163.10,4163.40,0.30,4163.10,4,4163.00,4,4162.90,5,4162.80,4,4162.70,7,4162.60,8,4162.50,4,4162.40,9,4162.30,13,4162.20,11,4163.40,3,4163.50,1,4163.60,3,4163.70,4,4163.80,4,4163.90,4,4164.00,6,4164.10,5,4164.20,10,4164.30,10,Sell,17,24,41,-7.00,2.00,-12.00,0.90,22.2,4163.40,4163.70,4162.80,4163.20,86,104,190,-18.00,9.00,-23.00,2.70,48.1,-6,282,0.2778,0.7143,-67.00,-206.00,4174.50,-0.9006,DOWN,214.80,0.8845,2.3598
20260619 110709 525,4163.20,1,4163.10,4163.40,0.30,4163.10,4,4163.00,4,4162.90,5,4162.80,4,4162.70,7,4162.60,8,4162.50,4,4162.40,9,4162.30,13,4162.20,11,4163.40,3,4163.50,1,4163.60,3,4163.70,4,4163.80,4,4163.90,4,4164.00,6,4164.10,5,4164.20,10,4164.30,10,Sell,17,25,42,-8.00,2.00,-12.00,0.90,22.2,4163.40,4163.70,4162.80,4163.20,86,104,190,-18.00,9.00,-23.00,2.70,48.1,-6,282,0.2778,0.5000,-68.00,-207.00,4174.50,-0.9006,DOWN,214.80,0.8845,2.3598
20260619 110709 526,4163.20,1,4163.10,4163.40,0.30,4163.10,4,4163.00,4,4162.90,5,4162.80,4,4162.70,7,4162.60,8,4162.50,4,4162.40,9,4162.30,13,4162.20,11,4163.40,3,4163.50,1,4163.60,3,4163.70,4,4163.80,4,4163.90,4,4164.00,6,4164.10,5,4164.20,10,4164.30,10,Buy,18,25,43,-7.00,2.00,-12.00,0.90,22.2,4163.40,4163.70,4162.80,4163.20,86,104,190,-18.00,9.00,-23.00,2.70,48.1,-6,282,0.2778,0.7143,-67.00,-206.00,4174.50,-0.9006,DOWN,214.80,0.8845,2.3598
20260619 110710 301,4163.40,1,4163.70,4164.00,0.30,4163.70,2,4163.60,4,4163.50,3,4163.40,4,4163.30,4,4163.20,3,4163.10,7,4163.00,4,4162.90,5,4162.80,9,4164.00,4,4164.10,5,4164.20,4,4164.30,4,4164.40,6,4164.50,4,4164.60,5,4164.70,9,4164.80,10,4164.90,12,Buy,19,25,44,-6.00,2.00,-12.00,0.90,0.0,4163.40,4163.70,4162.80,4163.40,86,104,190,-18.00,9.00,-23.00,2.70,48.1,-6,282,0.2778,1.0000,-66.00,-205.00,4174.52,-0.8943,DOWN,214.80,0.8845,2.3598
20260619 110710 302,4163.50,1,4163.70,4164.00,0.30,4163.70,2,4163.60,4,4163.50,3,4163.40,4,4163.30,4,4163.20,3,4163.10,7,4163.00,4,4162.90,5,4162.80,9,4164.00,4,4164.10,5,4164.20,4,4164.30,4,4164.40,6,4164.50,4,4164.60,5,4164.70,9,4164.80,10,4164.90,12,Buy,20,25,45,-5.00,2.00,-12.00,0.90,11.1,4163.40,4163.70,4162.80,4163.50,86,104,190,-18.00,9.00,-23.00,2.70,48.1,-6,282,0.2778,1.4000,-65.00,-204.00,4174.53,-0.8911,DOWN,214.80,0.8845,2.3598
20260619 110710 308,4163.60,1,4163.70,4164.00,0.30,4163.70,2,4163.60,4,4163.50,3,4163.40,4,4163.30,4,4163.20,3,4163.10,7,4163.00,4,4162.90,5,4162.80,9,4164.00,4,4164.10,5,4164.20,4,4164.30,4,4164.40,6,4164.50,4,4164.60,5,4164.70,9,4164.80,10,4164.90,12,Buy,21,25,46,-4.00,2.00,-12.00,0.90,22.2,4163.40,4163.70,4162.80,4163.60,86,104,190,-18.00,9.00,-23.00,2.70,48.1,-6,282,0.2778,2.0000,-64.00,-203.00,4174.54,-0.8879,DOWN,214.80,0.8845,2.3598
20260619 110710 402,4163.80,1,4163.80,4164.00,0.20,4163.80,1,4163.70,4,4163.60,4,4163.50,3,4163.40,4,4163.30,6,4163.20,4,4163.10,7,4163.00,4,4162.90,10,4164.00,3,4164.10,4,4164.20,2,4164.30,4,4164.40,6,4164.50,4,4164.60,5,4164.70,3,4164.80,10,4164.90,12,Sell,21,26,47,-5.00,2.00,-12.00,1.00,40.0,4163.40,4163.80,4162.80,4163.80,86,104,190,-18.00,9.00,-23.00,2.70,48.1,-6,282,0.2778,1.4000,-65.00,-204.00,4174.56,-0.8816,DOWN,214.80,0.8845,2.3670
20260619 110712 004,4164.10,1,4163.90,4164.20,0.30,4163.90,4,4163.80,3,4163.70,5,4163.60,4,4163.50,3,4163.40,5,4163.30,6,4163.20,4,4163.10,7,4163.00,5,4164.20,3,4164.30,4,4164.40,5,4164.50,4,4164.60,5,4164.70,3,4164.80,4,4164.90,12,4165.00,9,4165.10,10,Buy,22,26,48,-4.00,2.00,-12.00,1.30,53.8,4163.40,4164.10,4162.80,4164.10,86,104,190,-18.00,9.00,-23.00,2.70,48.1,-6,282,0.2778,2.0000,-64.00,-203.00,4174.59,-0.8720,DOWN,214.80,0.8845,2.3884
20260619 110712 991,4164.00,1,4163.90,4164.20,0.30,4163.80,1,4163.70,4,4163.60,4,4163.50,3,4163.40,5,4163.30,6,4163.20,4,4163.10,7,4163.00,5,4162.90,10,4164.10,1,4164.20,2,4164.30,4,4164.40,6,4164.50,4,4164.60,5,4164.70,3,4164.80,4,4164.90,12,4165.00,9,Buy,23,26,49,-3.00,2.00,-12.00,1.30,46.2,4163.40,4164.10,4162.80,4164.00,86,104,190,-18.00,9.00,-23.00,2.70,48.1,-6,282,0.2778,3.0000,-63.00,-202.00,4174.58,-0.8752,DOWN,214.80,0.8845,2.3884
20260619 110712 991,4164.00,1,4163.90,4164.20,0.30,4163.80,1,4163.70,4,4163.60,4,4163.50,3,4163.40,5,4163.30,6,4163.20,4,4163.10,7,4163.00,5,4162.90,10,4164.10,1,4164.20,2,4164.30,4,4164.40,6,4164.50,4,4164.60,5,4164.70,3,4164.80,4,4164.90,12,4165.00,9,Buy,24,26,50,-2.00,2.00,-12.00,1.30,46.2,4163.40,4164.10,4162.80,4164.00,86,104,190,-18.00,9.00,-23.00,2.70,48.1,-6,282,0.2778,5.0000,-62.00,-201.00,4174.58,-0.8752,DOWN,214.80,0.8845,2.3884
20260619 110712 991,4164.10,1,4163.90,4164.20,0.30,4163.80,1,4163.70,4,4163.60,4,4163.50,3,4163.40,5,4163.30,6,4163.20,4,4163.10,7,4163.00,5,4162.90,10,4164.10,1,4164.20,2,4164.30,4,4164.40,6,4164.50,4,4164.60,5,4164.70,3,4164.80,4,4164.90,12,4165.00,9,Buy,25,26,51,-1.00,2.00,-12.00,1.30,53.8,4163.40,4164.10,4162.80,4164.10,86,104,190,-18.00,9.00,-23.00,2.70,48.1,-6,282,0.2778,11.0000,-61.00,-200.00,4174.59,-0.8720,DOWN,214.80,0.8845,2.3884
20260619 110712 991,4164.10,1,4163.90,4164.20,0.30,4163.80,1,4163.70,4,4163.60,4,4163.50,3,4163.40,5,4163.30,6,4163.20,4,4163.10,7,4163.00,5,4162.90,10,4164.10,1,4164.20,2,4164.30,4,4164.40,6,4164.50,4,4164.60,5,4164.70,3,4164.80,4,4164.90,12,4165.00,9,Buy,26,26,52,0.00,2.00,-12.00,1.30,53.8,4163.40,4164.10,4162.80,4164.10,86,104,190,-18.00,9.00,-23.00,2.70,48.1,-6,282,0.2778,2.0000,-60.00,-199.00,4174.59,-0.8720,DOWN,214.80,0.8845,2.3884
20260619 110712 991,4164.10,1,4163.90,4164.20,0.30,4163.80,1,4163.70,4,4163.60,4,4163.50,3,4163.40,5,4163.30,6,4163.20,4,4163.10,7,4163.00,5,4162.90,10,4164.10,1,4164.20,2,4164.30,4,4164.40,6,4164.50,4,4164.60,5,4164.70,3,4164.80,4,4164.90,12,4165.00,9,Buy,27,26,53,1.00,2.00,-12.00,1.30,53.8,4163.40,4164.10,4162.80,4164.10,86,104,190,-18.00,9.00,-23.00,2.70,48.1,-6,282,0.2778,1.0000,-59.00,-198.00,4174.59,-0.8720,DOWN,214.80,0.8845,2.3884
20260619 110712 993,4164.10,1,4163.90,4164.20,0.30,4163.80,1,4163.70,4,4163.60,4,4163.50,3,4163.40,5,4163.30,6,4163.20,4,4163.10,7,4163.00,5,4162.90,10,4164.10,1,4164.20,2,4164.30,4,4164.40,6,4164.50,4,4164.60,5,4164.70,3,4164.80,4,4164.90,12,4165.00,9,Buy,28,26,54,2.00,2.00,-12.00,1.30,53.8,4163.40,4164.10,4162.80,4164.10,86,104,190,-18.00,9.00,-23.00,2.70,48.1,-6,282,0.2778,0.0000,-58.00,-197.00,4174.59,-0.8720,DOWN,214.80,0.8845,2.3884
20260619 110712 993,4164.20,1,4163.90,4164.20,0.30,4163.80,1,4163.70,4,4163.60,4,4163.50,3,4163.40,5,4163.30,6,4163.20,4,4163.10,7,4163.00,5,4162.90,10,4164.10,1,4164.20,2,4164.30,4,4164.40,6,4164.50,4,4164.60,5,4164.70,3,4164.80,4,4164.90,12,4165.00,9,Buy,29,26,55,3.00,3.00,-12.00,1.40,57.1,4163.40,4164.20,4162.80,4164.20,86,104,190,-18.00,9.00,-23.00,2.70,48.1,-6,282,0.2778,0.0000,-57.00,-196.00,4174.60,-0.8689,DOWN,214.80,0.8845,2.3955
20260619 110713 099,4164.10,1,4163.80,4164.10,0.30,4163.90,1,4163.80,3,4163.70,4,4163.60,4,4163.50,3,4163.40,4,4163.30,5,4163.20,4,4163.10,13,4163.00,12,4164.10,2,4164.20,3,4164.30,3,4164.40,6,4164.50,4,4164.60,5,4164.70,3,4164.80,4,4164.90,12,4165.00,9,Buy,30,26,56,4.00,4.00,-12.00,1.40,50.0,4163.40,4164.20,4162.80,4164.10,86,104,190,-18.00,9.00,-23.00,2.70,48.1,-6,282,0.2778,0.0000,-56.00,-195.00,4174.59,-0.8720,DOWN,214.80,0.8845,2.3955
20260619 110713 099,4164.10,1,4163.80,4164.10,0.30,4163.80,4,4163.70,4,4163.60,4,4163.50,3,4163.40,4,4163.30,5,4163.20,4,4163.10,5,4163.00,12,4162.90,10,4164.10,3,4164.20,3,4164.30,4,4164.40,6,4164.50,4,4164.60,5,4164.70,3,4164.80,4,4164.90,12,4165.00,9,Buy,31,26,57,5.00,5.00,-12.00,1.40,50.0,4163.40,4164.20,4162.80,4164.10,86,104,190,-18.00,9.00,-23.00,2.70,48.1,-6,282,0.2778,0.0000,-55.00,-194.00,4174.59,-0.8720,DOWN,214.80,0.8845,2.3955
20260619 110713 099,4164.10,1,4163.80,4164.10,0.30,4163.80,4,4163.70,4,4163.60,4,4163.50,3,4163.40,4,4163.30,5,4163.20,4,4163.10,5,4163.00,12,4162.90,10,4164.10,3,4164.20,3,4164.30,4,4164.40,6,4164.50,4,4164.60,5,4164.70,3,4164.80,4,4164.90,12,4165.00,9,Buy,32,26,58,6.00,6.00,-12.00,1.40,50.0,4163.40,4164.20,4162.80,4164.10,86,104,190,-18.00,9.00,-23.00,2.70,48.1,-6,282,0.2778,0.0000,-54.00,-193.00,4174.59,-0.8720,DOWN,214.80,0.8845,2.3955
20260619 110713 564,4164.20,1,4163.90,4164.20,0.30,4163.90,3,4163.80,4,4163.70,4,4163.60,4,4163.50,3,4163.40,4,4163.30,5,4163.20,4,4163.10,5,4163.00,12,4164.20,2,4164.30,3,4164.40,5,4164.50,5,4164.60,5,4164.70,3,4164.80,4,4164.90,12,4165.00,9,4165.10,10,Buy,33,26,59,7.00,7.00,-12.00,1.40,57.1,4163.40,4164.20,4162.80,4164.20,86,104,190,-18.00,9.00,-23.00,2.70,48.1,-6,282,0.2778,0.0000,-53.00,-192.00,4174.60,-0.8689,DOWN,214.80,0.8845,2.3955
20260619 110713 878,4164.20,1,4164.00,4164.30,0.30,4164.00,2,4163.90,3,4163.80,4,4163.70,4,4163.60,4,4163.50,3,4163.40,4,4163.30,5,4163.20,4,4163.10,13,4164.30,4,4164.40,6,4164.50,5,4164.60,5,4164.70,3,4164.80,4,4164.90,12,4165.00,9,4165.10,10,4165.20,10,Buy,34,26,60,8.00,8.00,-12.00,1.40,57.1,4163.40,4164.20,4162.80,4164.20,86,104,190,-18.00,9.00,-23.00,2.70,48.1,-6,282,0.2778,0.0000,-52.00,-191.00,4174.60,-0.8689,DOWN,214.80,0.8845,2.3955
20260619 110713 878,4164.20,1,4164.00,4164.30,0.30,4164.00,2,4163.90,3,4163.80,4,4163.70,4,4163.60,4,4163.50,3,4163.40,4,4163.30,5,4163.20,4,4163.10,13,4164.30,4,4164.40,6,4164.50,5,4164.60,5,4164.70,3,4164.80,4,4164.90,12,4165.00,9,4165.10,10,4165.20,10,Buy,35,26,61,9.00,9.00,-12.00,1.40,57.1,4163.40,4164.20,4162.80,4164.20,86,104,190,-18.00,9.00,-23.00,2.70,48.1,-6,282,0.2778,0.0000,-51.00,-190.00,4174.60,-0.8689,DOWN,214.80,0.8845,2.3955
20260619 110713 878,4164.30,1,4164.00,4164.30,0.30,4164.00,2,4163.90,3,4163.80,4,4163.70,4,4163.60,4,4163.50,3,4163.40,4,4163.30,5,4163.20,4,4163.10,13,4164.30,4,4164.40,6,4164.50,5,4164.60,5,4164.70,3,4164.80,4,4164.90,12,4165.00,9,4165.10,10,4165.20,10,Buy,36,26,62,10.00,10.00,-12.00,1.50,60.0,4163.40,4164.30,4162.80,4164.30,86,104,190,-18.00,9.00,-23.00,2.70,48.1,-6,282,0.2778,0.0000,-50.00,-189.00,4174.60,-0.8657,DOWN,214.80,0.8845,2.4027
20260619 110713 878,4164.30,1,4164.00,4164.30,0.30,4164.00,2,4163.90,3,4163.80,4,4163.70,4,4163.60,4,4163.50,3,4163.40,4,4163.30,5,4163.20,4,4163.10,13,4164.30,4,4164.40,6,4164.50,5,4164.60,5,4164.70,3,4164.80,4,4164.90,12,4165.00,9,4165.10,10,4165.20,10,Buy,37,26,63,11.00,11.00,-12.00,1.50,60.0,4163.40,4164.30,4162.80,4164.30,86,104,190,-18.00,9.00,-23.00,2.70,48.1,-6,282,0.2778,0.0000,-49.00,-188.00,4174.60,-0.8657,DOWN,214.80,0.8845,2.4027
20260619 110714 492,4164.20,1,4164.10,4164.30,0.20,4164.10,2,4164.00,4,4163.90,3,4163.80,5,4163.70,6,4163.60,5,4163.50,5,4163.40,5,4163.30,12,4163.20,11,4164.30,2,4164.40,5,4164.50,6,4164.60,3,4164.70,4,4164.80,4,4164.90,5,4165.00,3,4165.10,10,4165.20,10,Sell,37,27,64,10.00,11.00,-12.00,1.50,53.3,4163.40,4164.30,4162.80,4164.20,86,104,190,-18.00,9.00,-23.00,2.70,48.1,-6,282,0.2778,0.1000,-50.00,-189.00,4174.60,-0.8689,DOWN,214.80,0.8845,2.4027
20260619 110715 194,4164.10,1,4164.00,4164.30,0.30,4164.00,2,4163.90,3,4163.80,4,4163.70,4,4163.60,5,4163.50,5,4163.40,5,4163.30,4,4163.20,11,4163.10,13,4164.30,4,4164.40,6,4164.50,6,4164.60,3,4164.70,4,4164.80,4,4164.90,5,4165.00,3,4165.10,10,4165.20,10,Sell,37,28,65,9.00,11.00,-12.00,1.50,46.7,4163.40,4164.30,4162.80,4164.10,86,104,190,-18.00,9.00,-23.00,2.70,48.1,-6,282,0.2778,0.2222,-51.00,-190.00,4174.59,-0.8720,DOWN,214.80,0.8845,2.4027
20260619 110715 194,4164.10,1,4164.00,4164.30,0.30,4164.00,2,4163.90,3,4163.80,4,4163.70,4,4163.60,5,4163.50,5,4163.40,5,4163.30,4,4163.20,11,4163.10,13,4164.30,4,4164.40,6,4164.50,6,4164.60,3,4164.70,4,4164.80,4,4164.90,5,4165.00,3,4165.10,10,4165.20,10,Sell,37,29,66,8.00,11.00,-12.00,1.50,46.7,4163.40,4164.30,4162.80,4164.10,86,104,190,-18.00,9.00,-23.00,2.70,48.1,-6,282,0.2778,0.3750,-52.00,-191.00,4174.59,-0.8720,DOWN,214.80,0.8845,2.4027
20260619 110717 013,4164.50,1,4164.20,4164.50,0.30,4164.20,2,4164.10,4,4164.00,3,4163.90,3,4163.80,3,4163.70,4,4163.60,5,4163.50,5,4163.40,5,4163.30,4,4164.50,2,4164.60,3,4164.70,4,4164.80,5,4164.90,5,4165.00,3,4165.10,10,4165.20,10,4165.30,14,4165.40,11,Buy,38,29,67,9.00,11.00,-12.00,1.70,64.7,4163.40,4164.50,4162.80,4164.50,86,104,190,-18.00,9.00,-23.00,2.70,48.1,-6,282,0.2778,0.2222,-51.00,-190.00,4174.62,-0.8593,DOWN,214.80,0.8845,2.4170
20260619 110717 013,4164.50,1,4164.20,4164.50,0.30,4164.20,2,4164.10,4,4164.00,3,4163.90,3,4163.80,3,4163.70,4,4163.60,5,4163.50,5,4163.40,5,4163.30,4,4164.50,2,4164.60,3,4164.70,4,4164.80,5,4164.90,5,4165.00,3,4165.10,10,4165.20,10,4165.30,14,4165.40,11,Buy,39,29,68,10.00,11.00,-12.00,1.70,64.7,4163.40,4164.50,4162.80,4164.50,86,104,190,-18.00,9.00,-23.00,2.70,48.1,-6,282,0.2778,0.1000,-50.00,-189.00,4174.62,-0.8593,DOWN,214.80,0.8845,2.4170
20260619 110717 132,4164.50,1,4164.50,4164.80,0.30,4164.50,1,4164.40,4,4164.30,4,4164.20,3,4164.10,5,4164.00,3,4163.90,4,4163.80,4,4163.70,5,4163.60,5,4164.70,1,4164.80,5,4164.90,5,4165.00,3,4165.10,4,4165.20,4,4165.30,14,4165.40,11,4165.50,11,4165.60,10,Sell,39,30,69,9.00,11.00,-12.00,1.70,64.7,4163.40,4164.50,4162.80,4164.50,86,104,190,-18.00,9.00,-23.00,2.70,48.1,-6,282,0.2778,0.2222,-51.00,-190.00,4174.62,-0.8593,DOWN,214.80,0.8845,2.4170
20260619 110717 213,4164.30,1,4164.20,4164.40,0.20,4164.20,2,4164.10,4,4164.00,3,4163.90,3,4163.80,4,4163.70,5,4163.60,5,4163.50,4,4163.40,4,4163.30,12,4164.40,1,4164.50,4,4164.60,2,4164.70,5,4164.80,6,4164.90,4,4165.00,4,4165.10,4,4165.20,4,4165.30,14,Sell,39,31,70,8.00,11.00,-12.00,1.70,52.9,4163.40,4164.50,4162.80,4164.30,86,104,190,-18.00,9.00,-23.00,2.70,48.1,-6,282,0.2778,0.3750,-52.00,-191.00,4174.60,-0.8657,DOWN,214.80,0.8845,2.4170
20260619 110717 213,4164.30,1,4164.20,4164.40,0.20,4164.20,2,4164.10,4,4164.00,3,4163.90,3,4163.80,4,4163.70,5,4163.60,5,4163.50,4,4163.40,4,4163.30,12,4164.40,1,4164.50,4,4164.60,2,4164.70,5,4164.80,6,4164.90,4,4165.00,4,4165.10,4,4165.20,4,4165.30,14,Sell,39,32,71,7.00,11.00,-12.00,1.70,52.9,4163.40,4164.50,4162.80,4164.30,86,104,190,-18.00,9.00,-23.00,2.70,48.1,-6,282,0.2778,0.5714,-53.00,-192.00,4174.60,-0.8657,DOWN,214.80,0.8845,2.4170
20260619 110717 213,4164.30,1,4164.20,4164.40,0.20,4164.20,2,4164.10,4,4164.00,3,4163.90,3,4163.80,4,4163.70,5,4163.60,5,4163.50,4,4163.40,4,4163.30,12,4164.40,1,4164.50,4,4164.60,2,4164.70,5,4164.80,6,4164.90,4,4165.00,4,4165.10,4,4165.20,4,4165.30,14,Sell,39,33,72,6.00,11.00,-12.00,1.70,52.9,4163.40,4164.50,4162.80,4164.30,86,104,190,-18.00,9.00,-23.00,2.70,48.1,-6,282,0.2778,0.8333,-54.00,-193.00,4174.60,-0.8657,DOWN,214.80,0.8845,2.4170
20260619 110717 213,4164.30,1,4164.20,4164.40,0.20,4164.20,2,4164.10,4,4164.00,3,4163.90,3,4163.80,4,4163.70,5,4163.60,5,4163.50,4,4163.40,4,4163.30,12,4164.40,1,4164.50,4,4164.60,2,4164.70,5,4164.80,6,4164.90,4,4165.00,4,4165.10,4,4165.20,4,4165.30,14,Sell,39,34,73,5.00,11.00,-12.00,1.70,52.9,4163.40,4164.50,4162.80,4164.30,86,104,190,-18.00,9.00,-23.00,2.70,48.1,-6,282,0.2778,1.2000,-55.00,-194.00,4174.60,-0.8657,DOWN,214.80,0.8845,2.4170
20260619 110717 382,4164.20,1,4164.20,4164.50,0.30,4164.20,3,4164.10,4,4164.00,3,4163.90,3,4163.80,4,4163.70,5,4163.60,5,4163.50,4,4163.40,4,4163.30,12,4164.50,3,4164.60,2,4164.70,5,4164.80,6,4164.90,4,4165.00,4,4165.10,4,4165.20,4,4165.30,14,4165.40,11,Sell,39,35,74,4.00,11.00,-12.00,1.70,47.1,4163.40,4164.50,4162.80,4164.20,86,104,190,-18.00,9.00,-23.00,2.70,48.1,-6,282,0.2778,1.7500,-56.00,-195.00,4174.60,-0.8689,DOWN,214.80,0.8845,2.4170
20260619 110718 011,4164.30,1,4164.10,4164.40,0.30,4164.10,3,4164.00,4,4163.90,4,4163.80,4,4163.70,5,4163.60,5,4163.50,4,4163.40,4,4163.30,12,4163.20,11,4164.40,3,4164.50,4,4164.60,2,4164.70,5,4164.80,6,4164.90,3,4165.00,4,4165.10,4,4165.20,4,4165.30,14,Sell,39,36,75,3.00,11.00,-12.00,1.70,52.9,4163.40,4164.50,4162.80,4164.30,86,104,190,-18.00,9.00,-23.00,2.70,48.1,-6,282,0.2778,2.6667,-57.00,-196.00,4174.60,-0.8657,DOWN,214.80,0.8845,2.4170
20260619 110718 012,4164.20,1,4164.10,4164.40,0.30,4164.10,3,4164.00,4,4163.90,4,4163.80,4,4163.70,5,4163.60,5,4163.50,4,4163.40,4,4163.30,12,4163.20,11,4164.40,3,4164.50,4,4164.60,2,4164.70,5,4164.80,6,4164.90,3,4165.00,4,4165.10,4,4165.20,4,4165.30,14,Sell,39,37,76,2.00,11.00,-12.00,1.70,47.1,4163.40,4164.50,4162.80,4164.20,86,104,190,-18.00,9.00,-23.00,2.70,48.1,-6,282,0.2778,4.5000,-58.00,-197.00,4174.60,-0.8689,DOWN,214.80,0.8845,2.4170
20260619 110718 012,4164.20,1,4164.10,4164.40,0.30,4164.10,3,4164.00,4,4163.90,4,4163.80,4,4163.70,5,4163.60,5,4163.50,4,4163.40,4,4163.30,12,4163.20,11,4164.40,3,4164.50,4,4164.60,2,4164.70,5,4164.80,6,4164.90,3,4165.00,4,4165.10,4,4165.20,4,4165.30,14,Sell,39,38,77,1.00,11.00,-12.00,1.70,47.1,4163.40,4164.50,4162.80,4164.20,86,104,190,-18.00,9.00,-23.00,2.70,48.1,-6,282,0.2778,10.0000,-59.00,-198.00,4174.60,-0.8689,DOWN,214.80,0.8845,2.4170
20260619 110718 012,4164.20,1,4164.10,4164.40,0.30,4164.10,3,4164.00,4,4163.90,4,4163.80,4,4163.70,5,4163.60,5,4163.50,4,4163.40,4,4163.30,12,4163.20,11,4164.40,3,4164.50,4,4164.60,2,4164.70,5,4164.80,6,4164.90,3,4165.00,4,4165.10,4,4165.20,4,4165.30,14,Sell,39,39,78,0.00,11.00,-12.00,1.70,47.1,4163.40,4164.50,4162.80,4164.20,86,104,190,-18.00,9.00,-23.00,2.70,48.1,-6,282,0.2778,11.0000,-60.00,-199.00,4174.60,-0.8689,DOWN,214.80,0.8845,2.4170
20260619 110718 571,4164.10,1,4164.00,4164.20,0.20,4164.00,2,4163.90,1,4163.80,2,4163.70,5,4163.60,4,4163.50,4,4163.40,4,4163.30,4,4163.20,3,4163.10,12,4164.20,3,4164.30,5,4164.40,5,4164.50,5,4164.60,3,4164.70,5,4164.80,6,4164.90,4,4165.00,4,4165.10,10,Sell,39,40,79,-1.00,11.00,-12.00,1.70,41.2,4163.40,4164.50,4162.80,4164.10,86,104,190,-18.00,9.00,-23.00,2.70,48.1,-6,282,0.2778,11.0000,-61.00,-200.00,4174.59,-0.8720,DOWN,214.80,0.8845,2.4170
20260619 110718 571,4164.10,1,4164.00,4164.20,0.20,4164.00,2,4163.90,1,4163.80,2,4163.70,5,4163.60,4,4163.50,4,4163.40,4,4163.30,4,4163.20,3,4163.10,12,4164.20,3,4164.30,5,4164.40,5,4164.50,5,4164.60,3,4164.70,5,4164.80,6,4164.90,4,4165.00,4,4165.10,10,Sell,39,41,80,-2.00,11.00,-12.00,1.70,41.2,4163.40,4164.50,4162.80,4164.10,86,104,190,-18.00,9.00,-23.00,2.70,48.1,-6,282,0.2778,5.0000,-62.00,-201.00,4174.59,-0.8720,DOWN,214.80,0.8845,2.4170
20260619 110718 577,4164.10,1,4164.00,4164.20,0.20,4164.00,2,4163.90,1,4163.80,2,4163.70,5,4163.60,4,4163.50,4,4163.40,4,4163.30,4,4163.20,3,4163.10,12,4164.20,3,4164.30,5,4164.40,5,4164.50,5,4164.60,3,4164.70,5,4164.80,6,4164.90,4,4165.00,4,4165.10,10,Buy,40,41,81,-1.00,11.00,-12.00,1.70,41.2,4163.40,4164.50,4162.80,4164.10,86,104,190,-18.00,9.00,-23.00,2.70,48.1,-6,282,0.2778,11.0000,-61.00,-200.00,4174.59,-0.8720,DOWN,214.80,0.8845,2.4170
20260619 110720 343,4164.20,1,4164.20,4164.30,0.10,4164.00,2,4163.90,1,4163.80,2,4163.70,4,4163.60,5,4163.50,4,4163.40,4,4163.30,4,4163.20,3,4163.10,12,4164.30,5,4164.40,5,4164.50,4,4164.60,3,4164.70,5,4164.80,6,4164.90,4,4165.00,4,4165.10,10,4165.20,10,Buy,41,41,82,0.00,11.00,-12.00,1.70,47.1,4163.40,4164.50,4162.80,4164.20,86,104,190,-18.00,9.00,-23.00,2.70,48.1,-6,282,0.2778,11.0000,-60.00,-199.00,4174.60,-0.8689,DOWN,214.80,0.8845,2.4170
20260619 110720 361,4164.30,1,4164.20,4164.30,0.10,4164.00,2,4163.90,1,4163.80,2,4163.70,4,4163.60,5,4163.50,4,4163.40,4,4163.30,4,4163.20,3,4163.10,12,4164.30,5,4164.40,5,4164.50,4,4164.60,3,4164.70,5,4164.80,6,4164.90,4,4165.00,4,4165.10,10,4165.20,10,Buy,42,41,83,1.00,11.00,-12.00,1.70,52.9,4163.40,4164.50,4162.80,4164.30,86,104,190,-18.00,9.00,-23.00,2.70,48.1,-6,282,0.2778,10.0000,-59.00,-198.00,4174.60,-0.8657,DOWN,214.80,0.8845,2.4170
20260619 110720 361,4164.30,1,4164.20,4164.30,0.10,4164.00,2,4163.90,1,4163.80,2,4163.70,4,4163.60,5,4163.50,4,4163.40,4,4163.30,4,4163.20,3,4163.10,12,4164.30,5,4164.40,5,4164.50,4,4164.60,3,4164.70,5,4164.80,6,4164.90,4,4165.00,4,4165.10,10,4165.20,10,Buy,43,41,84,2.00,11.00,-12.00,1.70,52.9,4163.40,4164.50,4162.80,4164.30,86,104,190,-18.00,9.00,-23.00,2.70,48.1,-6,282,0.2778,4.5000,-58.00,-197.00,4174.60,-0.8657,DOWN,214.80,0.8845,2.4170
20260619 110721 323,4164.30,1,4164.20,4164.50,0.30,4164.20,3,4164.10,4,4164.00,5,4163.90,1,4163.80,2,4163.70,5,4163.60,6,4163.50,4,4163.40,4,4163.30,12,4164.50,3,4164.60,3,4164.70,4,4164.80,6,4164.90,4,4165.00,4,4165.10,4,4165.20,10,4165.30,14,4165.40,11,Sell,43,42,85,1.00,11.00,-12.00,1.70,52.9,4163.40,4164.50,4162.80,4164.30,86,104,190,-18.00,9.00,-23.00,2.70,48.1,-6,282,0.2778,10.0000,-59.00,-198.00,4174.60,-0.8657,DOWN,214.80,0.8845,2.4170
20260619 110723 501,4164.50,1,4164.20,4164.50,0.30,4164.20,5,4164.10,4,4164.00,5,4163.90,2,4163.80,3,4163.70,5,4163.60,6,4163.50,4,4163.40,4,4163.30,12,4164.50,3,4164.60,3,4164.70,4,4164.80,5,4164.90,2,4165.00,4,4165.10,4,4165.20,4,4165.30,14,4165.40,11,Buy,44,42,86,2.00,11.00,-12.00,1.70,64.7,4163.40,4164.50,4162.80,4164.50,86,104,190,-18.00,9.00,-23.00,2.70,48.1,-6,282,0.2778,4.5000,-58.00,-197.00,4174.62,-0.8593,DOWN,214.80,0.8845,2.4170
20260619 110723 703,4164.20,1,4164.10,4164.20,0.10,4164.10,3,4164.00,5,4163.90,2,4163.80,3,4163.70,5,4163.60,6,4163.50,4,4163.40,4,4163.30,12,4163.20,11,4164.40,1,4164.50,3,4164.60,3,4164.70,4,4164.80,5,4164.90,2,4165.00,4,4165.10,4,4165.20,4,4165.30,14,Sell,44,43,87,1.00,11.00,-12.00,1.70,47.1,4163.40,4164.50,4162.80,4164.20,86,104,190,-18.00,9.00,-23.00,2.70,48.1,-6,282,0.2778,10.0000,-59.00,-198.00,4174.60,-0.8689,DOWN,214.80,0.8845,2.4170
20260619 110723 703,4164.20,1,4164.10,4164.20,0.10,4164.10,3,4164.00,5,4163.90,2,4163.80,3,4163.70,5,4163.60,6,4163.50,4,4163.40,4,4163.30,12,4163.20,11,4164.40,1,4164.50,3,4164.60,3,4164.70,4,4164.80,5,4164.90,2,4165.00,4,4165.10,4,4165.20,4,4165.30,14,Sell,44,44,88,0.00,11.00,-12.00,1.70,47.1,4163.40,4164.50,4162.80,4164.20,86,104,190,-18.00,9.00,-23.00,2.70,48.1,-6,282,0.2778,11.0000,-60.00,-199.00,4174.60,-0.8689,DOWN,214.80,0.8845,2.4170
20260619 110723 703,4164.20,1,4164.10,4164.20,0.10,4164.10,3,4164.00,5,4163.90,2,4163.80,3,4163.70,5,4163.60,6,4163.50,4,4163.40,4,4163.30,12,4163.20,11,4164.40,1,4164.50,3,4164.60,3,4164.70,4,4164.80,5,4164.90,2,4165.00,4,4165.10,4,4165.20,4,4165.30,14,Sell,44,45,89,-1.00,11.00,-12.00,1.70,47.1,4163.40,4164.50,4162.80,4164.20,86,104,190,-18.00,9.00,-23.00,2.70,48.1,-6,282,0.2778,11.0000,-61.00,-200.00,4174.60,-0.8689,DOWN,214.80,0.8845,2.4170
20260619 110723 703,4164.20,1,4164.10,4164.20,0.10,4164.10,3,4164.00,5,4163.90,2,4163.80,3,4163.70,5,4163.60,6,4163.50,4,4163.40,4,4163.30,12,4163.20,11,4164.40,1,4164.50,3,4164.60,3,4164.70,4,4164.80,5,4164.90,2,4165.00,4,4165.10,4,4165.20,4,4165.30,14,Sell,44,46,90,-2.00,11.00,-12.00,1.70,47.1,4163.40,4164.50,4162.80,4164.20,86,104,190,-18.00,9.00,-23.00,2.70,48.1,-6,282,0.2778,5.0000,-62.00,-201.00,4174.60,-0.8689,DOWN,214.80,0.8845,2.4170
20260619 110723 707,4164.20,2,4164.10,4164.20,0.10,4164.10,3,4164.00,5,4163.90,2,4163.80,3,4163.70,5,4163.60,6,4163.50,4,4163.40,4,4163.30,12,4163.20,11,4164.40,1,4164.50,3,4164.60,3,4164.70,4,4164.80,5,4164.90,2,4165.00,4,4165.10,4,4165.20,4,4165.30,14,Buy,46,46,92,0.00,11.00,-12.00,1.70,47.1,4163.40,4164.50,4162.80,4164.20,86,104,190,-18.00,9.00,-23.00,2.70,48.1,-6,282,0.2778,11.0000,-60.00,-199.00,4174.60,-0.8689,DOWN,214.80,0.8845,2.4170
20260619 110724 603,4164.20,1,4164.00,4164.10,0.10,4164.00,5,4163.90,1,4163.80,2,4163.70,4,4163.60,6,4163.50,4,4163.40,4,4163.30,4,4163.20,11,4163.10,12,4164.10,2,4164.40,2,4164.50,3,4164.60,3,4164.70,5,4164.80,7,4164.90,5,4165.00,5,4165.10,4,4165.20,10,Sell,46,47,93,-1.00,11.00,-12.00,1.70,47.1,4163.40,4164.50,4162.80,4164.20,86,104,190,-18.00,9.00,-23.00,2.70,48.1,-6,282,0.2778,11.0000,-61.00,-200.00,4174.60,-0.8689,DOWN,214.80,0.8845,2.4170
20260619 110724 603,4164.10,1,4164.00,4164.10,0.10,4164.00,5,4163.90,1,4163.80,2,4163.70,4,4163.60,6,4163.50,4,4163.40,4,4163.30,4,4163.20,11,4163.10,12,4164.10,2,4164.40,2,4164.50,3,4164.60,3,4164.70,5,4164.80,7,4164.90,5,4165.00,5,4165.10,4,4165.20,10,Sell,46,48,94,-2.00,11.00,-12.00,1.70,41.2,4163.40,4164.50,4162.80,4164.10,86,104,190,-18.00,9.00,-23.00,2.70,48.1,-6,282,0.2778,5.0000,-62.00,-201.00,4174.59,-0.8720,DOWN,214.80,0.8845,2.4170
20260619 110724 603,4164.10,1,4164.00,4164.10,0.10,4164.00,5,4163.90,1,4163.80,2,4163.70,4,4163.60,6,4163.50,4,4163.40,4,4163.30,4,4163.20,11,4163.10,12,4164.10,2,4164.40,2,4164.50,3,4164.60,3,4164.70,5,4164.80,7,4164.90,5,4165.00,5,4165.10,4,4165.20,10,Sell,46,49,95,-3.00,11.00,-12.00,1.70,41.2,4163.40,4164.50,4162.80,4164.10,86,104,190,-18.00,9.00,-23.00,2.70,48.1,-6,282,0.2778,3.0000,-63.00,-202.00,4174.59,-0.8720,DOWN,214.80,0.8845,2.4170
20260619 110724 603,4164.10,1,4164.00,4164.10,0.10,4164.00,5,4163.90,1,4163.80,2,4163.70,4,4163.60,6,4163.50,4,4163.40,4,4163.30,4,4163.20,11,4163.10,12,4164.10,2,4164.40,2,4164.50,3,4164.60,3,4164.70,5,4164.80,7,4164.90,5,4165.00,5,4165.10,4,4165.20,10,Sell,46,50,96,-4.00,11.00,-12.00,1.70,41.2,4163.40,4164.50,4162.80,4164.10,86,104,190,-18.00,9.00,-23.00,2.70,48.1,-6,282,0.2778,2.0000,-64.00,-203.00,4174.59,-0.8720,DOWN,214.80,0.8845,2.4170
20260619 110724 604,4164.10,1,4164.00,4164.10,0.10,4164.00,5,4163.90,1,4163.80,2,4163.70,4,4163.60,6,4163.50,4,4163.40,4,4163.30,4,4163.20,11,4163.10,12,4164.10,2,4164.40,2,4164.50,3,4164.60,3,4164.70,5,4164.80,7,4164.90,5,4165.00,5,4165.10,4,4165.20,10,Buy,47,50,97,-3.00,11.00,-12.00,1.70,41.2,4163.40,4164.50,4162.80,4164.10,86,104,190,-18.00,9.00,-23.00,2.70,48.1,-6,282,0.2778,3.0000,-63.00,-202.00,4174.59,-0.8720,DOWN,214.80,0.8845,2.4170
20260619 110724 604,4164.10,1,4164.00,4164.10,0.10,4164.00,5,4163.90,1,4163.80,2,4163.70,4,4163.60,6,4163.50,4,4163.40,4,4163.30,4,4163.20,11,4163.10,12,4164.10,2,4164.40,2,4164.50,3,4164.60,3,4164.70,5,4164.80,7,4164.90,5,4165.00,5,4165.10,4,4165.20,10,Buy,48,50,98,-2.00,11.00,-12.00,1.70,41.2,4163.40,4164.50,4162.80,4164.10,86,104,190,-18.00,9.00,-23.00,2.70,48.1,-6,282,0.2778,5.0000,-62.00,-201.00,4174.59,-0.8720,DOWN,214.80,0.8845,2.4170
20260619 110724 604,4164.10,1,4164.00,4164.10,0.10,4164.00,5,4163.90,1,4163.80,2,4163.70,4,4163.60,6,4163.50,4,4163.40,4,4163.30,4,4163.20,11,4163.10,12,4164.10,2,4164.40,2,4164.50,3,4164.60,3,4164.70,5,4164.80,7,4164.90,5,4165.00,5,4165.10,4,4165.20,10,Buy,49,50,99,-1.00,11.00,-12.00,1.70,41.2,4163.40,4164.50,4162.80,4164.10,86,104,190,-18.00,9.00,-23.00,2.70,48.1,-6,282,0.2778,11.0000,-61.00,-200.00,4174.59,-0.8720,DOWN,214.80,0.8845,2.4170
20260619 110724 604,4164.10,2,4164.00,4164.10,0.10,4164.00,5,4163.90,1,4163.80,2,4163.70,4,4163.60,6,4163.50,4,4163.40,4,4163.30,4,4163.20,11,4163.10,12,4164.10,2,4164.40,2,4164.50,3,4164.60,3,4164.70,5,4164.80,7,4164.90,5,4165.00,5,4165.10,4,4165.20,10,Buy,51,50,101,1.00,11.00,-12.00,1.70,41.2,4163.40,4164.50,4162.80,4164.10,86,104,190,-18.00,9.00,-23.00,2.70,48.1,-6,282,0.2778,10.0000,-59.00,-198.00,4174.59,-0.8720,DOWN,214.80,0.8845,2.4170
20260619 110724 844,4164.10,2,4164.10,4164.40,0.30,4164.10,3,4164.00,5,4163.90,1,4163.80,2,4163.70,5,4163.60,6,4163.50,4,4163.40,4,4163.30,4,4163.20,11,4164.40,2,4164.50,3,4164.60,3,4164.70,5,4164.80,6,4164.90,5,4165.00,5,4165.10,4,4165.20,10,4165.30,14,Sell,51,52,103,-1.00,11.00,-12.00,1.70,41.2,4163.40,4164.50,4162.80,4164.10,86,104,190,-18.00,9.00,-23.00,2.70,48.1,-6,282,0.2778,11.0000,-61.00,-200.00,4174.59,-0.8720,DOWN,214.80,0.8845,2.4170
20260619 110724 844,4164.10,1,4164.10,4164.40,0.30,4164.10,3,4164.00,5,4163.90,1,4163.80,2,4163.70,5,4163.60,6,4163.50,4,4163.40,4,4163.30,4,4163.20,11,4164.40,2,4164.50,3,4164.60,3,4164.70,5,4164.80,6,4164.90,5,4165.00,5,4165.10,4,4165.20,10,4165.30,14,Sell,51,53,104,-2.00,11.00,-12.00,1.70,41.2,4163.40,4164.50,4162.80,4164.10,86,104,190,-18.00,9.00,-23.00,2.70,48.1,-6,282,0.2778,5.0000,-62.00,-201.00,4174.59,-0.8720,DOWN,214.80,0.8845,2.4170
20260619 110724 844,4164.10,1,4164.10,4164.40,0.30,4164.10,3,4164.00,5,4163.90,1,4163.80,2,4163.70,5,4163.60,6,4163.50,4,4163.40,4,4163.30,4,4163.20,11,4164.40,2,4164.50,3,4164.60,3,4164.70,5,4164.80,6,4164.90,5,4165.00,5,4165.10,4,4165.20,10,4165.30,14,Sell,51,54,105,-3.00,11.00,-12.00,1.70,41.2,4163.40,4164.50,4162.80,4164.10,86,104,190,-18.00,9.00,-23.00,2.70,48.1,-6,282,0.2778,3.0000,-63.00,-202.00,4174.59,-0.8720,DOWN,214.80,0.8845,2.4170
20260619 110725 016,4164.40,1,4164.10,4164.40,0.30,4164.10,4,4164.00,5,4163.90,1,4163.80,2,4163.70,5,4163.60,6,4163.50,4,4163.40,4,4163.30,4,4163.20,11,4164.40,3,4164.50,3,4164.60,3,4164.70,5,4164.80,6,4164.90,5,4165.00,5,4165.10,4,4165.20,10,4165.30,14,Buy,52,54,106,-2.00,11.00,-12.00,1.70,58.8,4163.40,4164.50,4162.80,4164.40,86,104,190,-18.00,9.00,-23.00,2.70,48.1,-6,282,0.2778,5.0000,-62.00,-201.00,4174.61,-0.8625,DOWN,214.80,0.8845,2.4170
20260619 110725 016,4164.40,1,4164.10,4164.40,0.30,4164.10,4,4164.00,5,4163.90,1,4163.80,2,4163.70,5,4163.60,6,4163.50,4,4163.40,4,4163.30,4,4163.20,11,4164.40,3,4164.50,3,4164.60,3,4164.70,5,4164.80,6,4164.90,5,4165.00,5,4165.10,4,4165.20,10,4165.30,14,Buy,53,54,107,-1.00,11.00,-12.00,1.70,58.8,4163.40,4164.50,4162.80,4164.40,86,104,190,-18.00,9.00,-23.00,2.70,48.1,-6,282,0.2778,11.0000,-61.00,-200.00,4174.61,-0.8625,DOWN,214.80,0.8845,2.4170
20260619 110726 138,4164.00,1,4163.80,4164.10,0.30,4163.80,2,4163.70,5,4163.60,5,4163.50,4,4163.40,4,4163.30,4,4163.20,3,4163.10,12,4163.00,13,4162.90,9,4164.10,3,4164.20,4,4164.30,4,4164.40,5,4164.50,3,4164.60,3,4164.70,5,4164.80,7,4164.90,11,4165.00,12,Sell,53,55,108,-2.00,11.00,-12.00,1.70,35.3,4163.40,4164.50,4162.80,4164.00,86,104,190,-18.00,9.00,-23.00,2.70,48.1,-6,282,0.2778,5.0000,-62.00,-201.00,4174.58,-0.8752,DOWN,214.80,0.8845,2.4170
20260619 110726 301,4164.10,1,4163.80,4164.10,0.30,4163.80,2,4163.70,5,4163.60,5,4163.50,4,4163.40,4,4163.30,4,4163.20,3,4163.10,12,4163.00,13,4162.90,9,4164.10,2,4164.20,4,4164.30,4,4164.40,5,4164.50,3,4164.60,3,4164.70,5,4164.80,7,4164.90,11,4165.00,12,Buy,54,55,109,-1.00,11.00,-12.00,1.70,41.2,4163.40,4164.50,4162.80,4164.10,86,104,190,-18.00,9.00,-23.00,2.70,48.1,-6,282,0.2778,11.0000,-61.00,-200.00,4174.59,-0.8720,DOWN,214.80,0.8845,2.4170
20260619 110730 244,4164.30,1,4164.10,4164.40,0.30,4164.10,5,4164.00,6,4163.90,4,4163.80,2,4163.70,5,4163.60,6,4163.50,4,4163.40,4,4163.30,12,4163.20,11,4164.40,3,4164.50,3,4164.60,3,4164.70,3,4164.80,7,4164.90,5,4165.00,6,4165.10,11,4165.20,10,4165.30,12,Sell,54,56,110,-2.00,11.00,-12.00,1.70,52.9,4163.40,4164.50,4162.80,4164.30,86,104,190,-18.00,9.00,-23.00,2.70,48.1,-6,282,0.2778,5.0000,-62.00,-201.00,4174.60,-0.8657,DOWN,214.80,0.8845,2.4170
20260619 110730 244,4164.30,1,4164.10,4164.40,0.30,4164.10,5,4164.00,6,4163.90,4,4163.80,2,4163.70,5,4163.60,6,4163.50,4,4163.40,4,4163.30,12,4163.20,11,4164.40,3,4164.50,3,4164.60,3,4164.70,3,4164.80,7,4164.90,5,4165.00,6,4165.10,11,4165.20,10,4165.30,12,Sell,54,57,111,-3.00,11.00,-12.00,1.70,52.9,4163.40,4164.50,4162.80,4164.30,86,104,190,-18.00,9.00,-23.00,2.70,48.1,-6,282,0.2778,3.0000,-63.00,-202.00,4174.60,-0.8657,DOWN,214.80,0.8845,2.4170
20260619 110730 444,4164.40,1,4164.70,4164.90,0.20,4164.70,1,4164.60,4,4164.50,5,4164.40,4,4164.30,2,4164.20,5,4164.10,5,4164.00,6,4163.90,4,4163.80,2,4164.90,2,4165.00,4,4165.10,3,4165.20,2,4165.30,6,4165.40,5,4165.50,5,4165.60,10,4165.70,10,4165.80,10,Buy,55,57,112,-2.00,11.00,-12.00,1.70,58.8,4163.40,4164.50,4162.80,4164.40,86,104,190,-18.00,9.00,-23.00,2.70,48.1,-6,282,0.2778,5.0000,-62.00,-201.00,4174.61,-0.8625,DOWN,214.80,0.8845,2.4170
20260619 110730 445,4164.40,1,4164.70,4164.90,0.20,4164.70,1,4164.60,4,4164.50,5,4164.40,4,4164.30,2,4164.20,5,4164.10,5,4164.00,6,4163.90,4,4163.80,2,4164.90,2,4165.00,4,4165.10,3,4165.20,2,4165.30,6,4165.40,5,4165.50,5,4165.60,10,4165.70,10,4165.80,10,Buy,56,57,113,-1.00,11.00,-12.00,1.70,58.8,4163.40,4164.50,4162.80,4164.40,86,104,190,-18.00,9.00,-23.00,2.70,48.1,-6,282,0.2778,11.0000,-61.00,-200.00,4174.61,-0.8625,DOWN,214.80,0.8845,2.4170
20260619 110730 445,4164.40,1,4164.70,4164.90,0.20,4164.70,1,4164.60,4,4164.50,5,4164.40,4,4164.30,2,4164.20,5,4164.10,5,4164.00,6,4163.90,4,4163.80,2,4164.90,2,4165.00,4,4165.10,3,4165.20,2,4165.30,6,4165.40,5,4165.50,5,4165.60,10,4165.70,10,4165.80,10,Buy,57,57,114,0.00,11.00,-12.00,1.70,58.8,4163.40,4164.50,4162.80,4164.40,86,104,190,-18.00,9.00,-23.00,2.70,48.1,-6,282,0.2778,11.0000,-60.00,-199.00,4174.61,-0.8625,DOWN,214.80,0.8845,2.4170
20260619 110730 445,4164.50,1,4164.70,4164.90,0.20,4164.70,1,4164.60,4,4164.50,5,4164.40,4,4164.30,2,4164.20,5,4164.10,5,4164.00,6,4163.90,4,4163.80,2,4164.90,2,4165.00,4,4165.10,3,4165.20,2,4165.30,6,4165.40,5,4165.50,5,4165.60,10,4165.70,10,4165.80,10,Buy,58,57,115,1.00,11.00,-12.00,1.70,64.7,4163.40,4164.50,4162.80,4164.50,86,104,190,-18.00,9.00,-23.00,2.70,48.1,-6,282,0.2778,10.0000,-59.00,-198.00,4174.62,-0.8593,DOWN,214.80,0.8845,2.4170
20260619 110730 445,4164.50,1,4164.70,4164.90,0.20,4164.70,1,4164.60,4,4164.50,5,4164.40,4,4164.30,2,4164.20,5,4164.10,5,4164.00,6,4163.90,4,4163.80,2,4164.90,2,4165.00,4,4165.10,3,4165.20,2,4165.30,6,4165.40,5,4165.50,5,4165.60,10,4165.70,10,4165.80,10,Buy,59,57,116,2.00,11.00,-12.00,1.70,64.7,4163.40,4164.50,4162.80,4164.50,86,104,190,-18.00,9.00,-23.00,2.70,48.1,-6,282,0.2778,4.5000,-58.00,-197.00,4174.62,-0.8593,DOWN,214.80,0.8845,2.4170
20260619 110730 445,4164.50,1,4164.70,4164.90,0.20,4164.70,1,4164.60,4,4164.50,5,4164.40,4,4164.30,2,4164.20,5,4164.10,5,4164.00,6,4163.90,4,4163.80,2,4164.90,2,4165.00,4,4165.10,3,4165.20,2,4165.30,6,4165.40,5,4165.50,5,4165.60,10,4165.70,10,4165.80,10,Buy,60,57,117,3.00,11.00,-12.00,1.70,64.7,4163.40,4164.50,4162.80,4164.50,86,104,190,-18.00,9.00,-23.00,2.70,48.1,-6,282,0.2778,2.6667,-57.00,-196.00,4174.62,-0.8593,DOWN,214.80,0.8845,2.4170
20260619 110730 445,4164.60,1,4164.70,4164.90,0.20,4164.70,1,4164.60,4,4164.50,5,4164.40,4,4164.30,2,4164.20,5,4164.10,5,4164.00,6,4163.90,4,4163.80,2,4164.90,2,4165.00,4,4165.10,3,4165.20,2,4165.30,6,4165.40,5,4165.50,5,4165.60,10,4165.70,10,4165.80,10,Buy,61,57,118,4.00,11.00,-12.00,1.80,66.7,4163.40,4164.60,4162.80,4164.60,86,104,190,-18.00,9.00,-23.00,2.70,48.1,-6,282,0.2778,1.7500,-56.00,-195.00,4174.63,-0.8562,DOWN,214.80,0.8845,2.4241
20260619 110730 445,4164.60,1,4164.70,4164.90,0.20,4164.70,1,4164.60,4,4164.50,5,4164.40,4,4164.30,2,4164.20,5,4164.10,5,4164.00,6,4163.90,4,4163.80,2,4164.90,2,4165.00,4,4165.10,3,4165.20,2,4165.30,6,4165.40,5,4165.50,5,4165.60,10,4165.70,10,4165.80,10,Buy,62,57,119,5.00,11.00,-12.00,1.80,66.7,4163.40,4164.60,4162.80,4164.60,86,104,190,-18.00,9.00,-23.00,2.70,48.1,-6,282,0.2778,1.2000,-55.00,-194.00,4174.63,-0.8562,DOWN,214.80,0.8845,2.4241
20260619 110730 445,4164.60,1,4164.70,4164.90,0.20,4164.70,1,4164.60,4,4164.50,5,4164.40,4,4164.30,2,4164.20,5,4164.10,5,4164.00,6,4163.90,4,4163.80,2,4164.90,2,4165.00,4,4165.10,3,4165.20,2,4165.30,6,4165.40,5,4165.50,5,4165.60,10,4165.70,10,4165.80,10,Buy,63,57,120,6.00,11.00,-12.00,1.80,66.7,4163.40,4164.60,4162.80,4164.60,86,104,190,-18.00,9.00,-23.00,2.70,48.1,-6,282,0.2778,0.8333,-54.00,-193.00,4174.63,-0.8562,DOWN,214.80,0.8845,2.4241
20260619 110730 446,4164.80,1,4164.70,4164.90,0.20,4164.70,1,4164.60,4,4164.50,5,4164.40,4,4164.30,2,4164.20,5,4164.10,5,4164.00,6,4163.90,4,4163.80,2,4164.90,2,4165.00,4,4165.10,3,4165.20,2,4165.30,6,4165.40,5,4165.50,5,4165.60,10,4165.70,10,4165.80,10,Buy,64,57,121,7.00,11.00,-12.00,2.00,70.0,4163.40,4164.80,4162.80,4164.80,86,104,190,-18.00,9.00,-23.00,2.70,48.1,-6,282,0.2778,0.5714,-53.00,-192.00,4174.65,-0.8498,DOWN,214.80,0.8845,2.4384
20260619 110730 446,4164.80,1,4164.70,4164.90,0.20,4164.70,1,4164.60,4,4164.50,5,4164.40,4,4164.30,2,4164.20,5,4164.10,5,4164.00,6,4163.90,4,4163.80,2,4164.90,2,4165.00,4,4165.10,3,4165.20,2,4165.30,6,4165.40,5,4165.50,5,4165.60,10,4165.70,10,4165.80,10,Buy,65,57,122,8.00,11.00,-12.00,2.00,70.0,4163.40,4164.80,4162.80,4164.80,86,104,190,-18.00,9.00,-23.00,2.70,48.1,-6,282,0.2778,0.3750,-52.00,-191.00,4174.65,-0.8498,DOWN,214.80,0.8845,2.4384
20260619 110730 446,4164.80,1,4164.70,4164.90,0.20,4164.70,1,4164.60,4,4164.50,5,4164.40,4,4164.30,2,4164.20,5,4164.10,5,4164.00,6,4163.90,4,4163.80,2,4164.90,2,4165.00,4,4165.10,3,4165.20,2,4165.30,6,4165.40,5,4165.50,5,4165.60,10,4165.70,10,4165.80,10,Buy,66,57,123,9.00,11.00,-12.00,2.00,70.0,4163.40,4164.80,4162.80,4164.80,86,104,190,-18.00,9.00,-23.00,2.70,48.1,-6,282,0.2778,0.2222,-51.00,-190.00,4174.65,-0.8498,DOWN,214.80,0.8845,2.4384
20260619 110730 446,4164.80,1,4164.70,4164.90,0.20,4164.70,1,4164.60,4,4164.50,5,4164.40,4,4164.30,2,4164.20,5,4164.10,5,4164.00,6,4163.90,4,4163.80,2,4164.90,2,4165.00,4,4165.10,3,4165.20,2,4165.30,6,4165.40,5,4165.50,5,4165.60,10,4165.70,10,4165.80,10,Buy,67,57,124,10.00,11.00,-12.00,2.00,70.0,4163.40,4164.80,4162.80,4164.80,86,104,190,-18.00,9.00,-23.00,2.70,48.1,-6,282,0.2778,0.1000,-50.00,-189.00,4174.65,-0.8498,DOWN,214.80,0.8845,2.4384
20260619 110730 446,4164.90,1,4164.70,4164.90,0.20,4164.70,1,4164.60,4,4164.50,5,4164.40,4,4164.30,2,4164.20,5,4164.10,5,4164.00,6,4163.90,4,4163.80,2,4164.90,2,4165.00,4,4165.10,3,4165.20,2,4165.30,6,4165.40,5,4165.50,5,4165.60,10,4165.70,10,4165.80,10,Buy,68,57,125,11.00,11.00,-12.00,2.10,71.4,4163.40,4164.90,4162.80,4164.90,86,104,190,-18.00,9.00,-23.00,2.70,48.1,-6,282,0.2778,0.0000,-49.00,-188.00,4174.66,-0.8467,DOWN,214.80,0.8845,2.4455
20260619 110732 182,4164.80,1,4164.70,4164.90,0.20,4164.70,1,4164.60,3,4164.50,5,4164.40,4,4164.30,2,4164.20,6,4164.10,5,4164.00,7,4163.90,4,4163.80,9,4164.90,3,4165.00,4,4165.10,2,4165.20,3,4165.30,6,4165.40,5,4165.50,5,4165.60,4,4165.70,10,4165.80,10,Sell,68,58,126,10.00,11.00,-12.00,2.10,66.7,4163.40,4164.90,4162.80,4164.80,86,104,190,-18.00,9.00,-23.00,2.70,48.1,-6,282,0.2778,0.1000,-50.00,-189.00,4174.65,-0.8498,DOWN,214.80,0.8845,2.4455
20260619 110734 734,4164.60,1,4164.60,4164.80,0.20,4164.60,3,4164.50,6,4164.40,4,4164.30,2,4164.20,6,4164.10,5,4164.00,7,4163.90,4,4163.80,9,4163.70,10,4164.80,2,4164.90,4,4165.00,6,4165.10,3,4165.20,4,4165.30,6,4165.40,5,4165.50,5,4165.60,4,4165.70,10,Sell,68,59,127,9.00,11.00,-12.00,2.10,57.1,4163.40,4164.90,4162.80,4164.60,86,104,190,-18.00,9.00,-23.00,2.70,48.1,-6,282,0.2778,0.2222,-51.00,-190.00,4174.63,-0.8562,DOWN,214.80,0.8845,2.4455
20260619 110735 098,4164.80,1,4164.60,4164.80,0.20,4164.60,2,4164.50,6,4164.40,4,4164.30,2,4164.20,6,4164.10,5,4164.00,7,4163.90,4,4163.80,9,4163.70,10,4164.90,3,4165.00,6,4165.10,3,4165.20,4,4165.30,6,4165.40,5,4165.50,5,4165.60,4,4165.70,10,4165.80,10,Buy,69,59,128,10.00,11.00,-12.00,2.10,66.7,4163.40,4164.90,4162.80,4164.80,86,104,190,-18.00,9.00,-23.00,2.70,48.1,-6,282,0.2778,0.1000,-50.00,-189.00,4174.65,-0.8498,DOWN,214.80,0.8845,2.4455
20260619 110738 825,4164.70,1,4164.60,4164.70,0.10,4164.60,2,4164.50,4,4164.40,4,4164.30,2,4164.20,6,4164.10,5,4164.00,8,4163.90,4,4163.80,9,4163.70,10,4164.70,2,4164.80,1,4164.90,3,4165.00,7,4165.10,4,4165.20,5,4165.30,6,4165.40,5,4165.50,5,4165.60,4,Sell,69,60,129,9.00,11.00,-12.00,2.10,61.9,4163.40,4164.90,4162.80,4164.70,86,104,190,-18.00,9.00,-23.00,2.70,48.1,-6,282,0.2778,0.2222,-51.00,-190.00,4174.64,-0.8530,DOWN,214.80,0.8845,2.4455
20260619 110738 877,4164.60,1,4164.40,4164.70,0.30,4164.40,4,4164.30,2,4164.20,6,4164.10,5,4164.00,8,4163.90,4,4163.80,10,4163.70,12,4163.60,13,4163.50,12,4164.70,4,4164.80,4,4164.90,6,4165.00,7,4165.10,4,4165.20,5,4165.30,7,4165.40,5,4165.50,5,4165.60,10,Sell,69,61,130,8.00,11.00,-12.00,2.10,57.1,4163.40,4164.90,4162.80,4164.60,86,104,190,-18.00,9.00,-23.00,2.70,48.1,-6,282,0.2778,0.3750,-52.00,-191.00,4174.63,-0.8562,DOWN,214.80,0.8845,2.4455
20260619 110738 877,4164.50,1,4164.40,4164.70,0.30,4164.40,4,4164.30,2,4164.20,6,4164.10,5,4164.00,8,4163.90,4,4163.80,10,4163.70,12,4163.60,13,4163.50,12,4164.70,4,4164.80,4,4164.90,6,4165.00,7,4165.10,4,4165.20,5,4165.30,7,4165.40,5,4165.50,5,4165.60,10,Sell,69,62,131,7.00,11.00,-12.00,2.10,52.4,4163.40,4164.90,4162.80,4164.50,86,104,190,-18.00,9.00,-23.00,2.70,48.1,-6,282,0.2778,0.5714,-53.00,-192.00,4174.62,-0.8593,DOWN,214.80,0.8845,2.4455
20260619 110739 416,4164.40,1,4164.30,4164.50,0.20,4164.30,1,4164.20,2,4164.10,4,4164.00,8,4163.90,4,4163.80,2,4163.70,4,4163.60,5,4163.50,12,4163.40,11,4164.50,2,4164.60,4,4164.70,4,4164.80,5,4164.90,6,4165.00,7,4165.10,6,4165.20,6,4165.30,7,4165.40,11,Sell,69,63,132,6.00,11.00,-12.00,2.10,47.6,4163.40,4164.90,4162.80,4164.40,86,104,190,-18.00,9.00,-23.00,2.70,48.1,-6,282,0.2778,0.8333,-54.00,-193.00,4174.61,-0.8625,DOWN,214.80,0.8845,2.4455
20260619 110739 416,4164.40,1,4164.30,4164.50,0.20,4164.30,1,4164.20,2,4164.10,4,4164.00,8,4163.90,4,4163.80,2,4163.70,4,4163.60,5,4163.50,12,4163.40,11,4164.50,2,4164.60,4,4164.70,4,4164.80,5,4164.90,6,4165.00,7,4165.10,6,4165.20,6,4165.30,7,4165.40,11,Sell,69,64,133,5.00,11.00,-12.00,2.10,47.6,4163.40,4164.90,4162.80,4164.40,86,104,190,-18.00,9.00,-23.00,2.70,48.1,-6,282,0.2778,1.2000,-55.00,-194.00,4174.61,-0.8625,DOWN,214.80,0.8845,2.4455
20260619 110739 427,4164.40,2,4164.30,4164.50,0.20,4164.30,1,4164.20,2,4164.10,4,4164.00,8,4163.90,4,4163.80,2,4163.70,4,4163.60,5,4163.50,12,4163.40,11,4164.50,2,4164.60,4,4164.70,4,4164.80,5,4164.90,6,4165.00,7,4165.10,6,4165.20,6,4165.30,7,4165.40,11,Buy,71,64,135,7.00,11.00,-12.00,2.10,47.6,4163.40,4164.90,4162.80,4164.40,86,104,190,-18.00,9.00,-23.00,2.70,48.1,-6,282,0.2778,0.5714,-53.00,-192.00,4174.61,-0.8625,DOWN,214.80,0.8845,2.4455
20260619 110739 947,4164.70,1,4164.50,4164.70,0.20,4164.50,1,4164.40,3,4164.30,3,4164.20,2,4164.10,4,4164.00,8,4163.90,4,4163.80,2,4163.70,4,4163.60,5,4164.70,2,4164.80,5,4164.90,6,4165.00,7,4165.10,3,4165.20,6,4165.30,7,4165.40,11,4165.50,11,4165.60,10,Buy,72,64,136,8.00,11.00,-12.00,2.10,61.9,4163.40,4164.90,4162.80,4164.70,86,104,190,-18.00,9.00,-23.00,2.70,48.1,-6,282,0.2778,0.3750,-52.00,-191.00,4174.64,-0.8530,DOWN,214.80,0.8845,2.4455
20260619 110740 812,4164.50,1,4162.70,4164.10,1.40,4163.10,4,4163.00,3,4162.90,3,4162.80,1,4162.70,6,4162.60,7,4162.50,3,4162.40,2,4162.30,6,4162.20,6,4164.10,2,4164.30,25,4164.40,7,4164.50,7,4164.60,5,4164.70,10,4164.80,10,4164.90,13,4165.00,7,4165.10,11,Sell,72,65,137,7.00,11.00,-12.00,2.10,52.4,4163.40,4164.90,4162.80,4164.50,86,104,190,-18.00,9.00,-23.00,2.70,48.1,-6,282,0.2778,0.5714,-53.00,-192.00,4174.62,-0.8593,DOWN,214.80,0.8845,2.4455
20260619 110740 812,4164.40,1,4162.40,4162.60,0.20,4162.40,2,4162.30,4,4162.20,6,4162.10,6,4162.00,6,4161.90,4,4161.80,5,4161.70,1,4161.60,6,4161.50,5,4162.60,1,4163.00,3,4163.10,5,4163.30,4,4163.40,5,4163.50,6,4163.60,6,4163.70,2,4163.80,3,4163.90,3,Sell,72,66,138,6.00,11.00,-12.00,2.10,47.6,4163.40,4164.90,4162.80,4164.40,86,104,190,-18.00,9.00,-23.00,2.70,48.1,-6,282,0.2778,0.8333,-54.00,-193.00,4174.61,-0.8625,DOWN,214.80,0.8845,2.4455
20260619 110740 812,4164.40,1,4162.40,4162.60,0.20,4162.40,2,4162.30,4,4162.20,6,4162.10,6,4162.00,6,4161.90,4,4161.80,5,4161.70,1,4161.60,6,4161.50,5,4162.60,1,4163.00,3,4163.10,5,4163.30,4,4163.40,5,4163.50,6,4163.60,6,4163.70,2,4163.80,3,4163.90,3,Sell,72,67,139,5.00,11.00,-12.00,2.10,47.6,4163.40,4164.90,4162.80,4164.40,86,104,190,-18.00,9.00,-23.00,2.70,48.1,-6,282,0.2778,1.2000,-55.00,-194.00,4174.61,-0.8625,DOWN,214.80,0.8845,2.4455
20260619 110740 812,4164.30,1,4162.40,4162.60,0.20,4162.40,2,4162.30,4,4162.20,6,4162.10,6,4162.00,6,4161.90,4,4161.80,5,4161.70,1,4161.60,6,4161.50,5,4162.60,1,4163.00,3,4163.10,5,4163.30,4,4163.40,5,4163.50,6,4163.60,6,4163.70,2,4163.80,3,4163.90,3,Sell,72,68,140,4.00,11.00,-12.00,2.10,42.9,4163.40,4164.90,4162.80,4164.30,86,104,190,-18.00,9.00,-23.00,2.70,48.1,-6,282,0.2778,1.7500,-56.00,-195.00,4174.60,-0.8657,DOWN,214.80,0.8845,2.4455
20260619 110740 812,4164.30,1,4162.40,4162.60,0.20,4162.40,2,4162.30,4,4162.20,6,4162.10,6,4162.00,6,4161.90,4,4161.80,5,4161.70,1,4161.60,6,4161.50,5,4162.60,1,4163.00,3,4163.10,5,4163.30,4,4163.40,5,4163.50,6,4163.60,6,4163.70,2,4163.80,3,4163.90,3,Sell,72,69,141,3.00,11.00,-12.00,2.10,42.9,4163.40,4164.90,4162.80,4164.30,86,104,190,-18.00,9.00,-23.00,2.70,48.1,-6,282,0.2778,2.6667,-57.00,-196.00,4174.60,-0.8657,DOWN,214.80,0.8845,2.4455
20260619 110740 812,4164.20,1,4162.40,4162.60,0.20,4162.40,2,4162.30,4,4162.20,6,4162.10,6,4162.00,6,4161.90,4,4161.80,5,4161.70,1,4161.60,6,4161.50,5,4162.60,1,4163.00,3,4163.10,5,4163.30,4,4163.40,5,4163.50,6,4163.60,6,4163.70,2,4163.80,3,4163.90,3,Sell,72,70,142,2.00,11.00,-12.00,2.10,38.1,4163.40,4164.90,4162.80,4164.20,86,104,190,-18.00,9.00,-23.00,2.70,48.1,-6,282,0.2778,4.5000,-58.00,-197.00,4174.60,-0.8689,DOWN,214.80,0.8845,2.4455
20260619 110740 812,4164.20,1,4162.40,4162.60,0.20,4162.40,2,4162.30,4,4162.20,6,4162.10,6,4162.00,6,4161.90,4,4161.80,5,4161.70,1,4161.60,6,4161.50,5,4162.60,1,4163.00,3,4163.10,5,4163.30,4,4163.40,5,4163.50,6,4163.60,6,4163.70,2,4163.80,3,4163.90,3,Sell,72,71,143,1.00,11.00,-12.00,2.10,38.1,4163.40,4164.90,4162.80,4164.20,86,104,190,-18.00,9.00,-23.00,2.70,48.1,-6,282,0.2778,10.0000,-59.00,-198.00,4174.60,-0.8689,DOWN,214.80,0.8845,2.4455
20260619 110740 812,4164.10,1,4162.40,4162.60,0.20,4162.40,2,4162.30,4,4162.20,6,4162.10,6,4162.00,6,4161.90,4,4161.80,5,4161.70,1,4161.60,6,4161.50,5,4162.60,1,4163.00,3,4163.10,5,4163.30,4,4163.40,5,4163.50,6,4163.60,6,4163.70,2,4163.80,3,4163.90,3,Sell,72,72,144,0.00,11.00,-12.00,2.10,33.3,4163.40,4164.90,4162.80,4164.10,86,104,190,-18.00,9.00,-23.00,2.70,48.1,-6,282,0.2778,11.0000,-60.00,-199.00,4174.59,-0.8720,DOWN,214.80,0.8845,2.4455
20260619 110740 812,4164.10,1,4162.40,4162.60,0.20,4162.40,2,4162.30,4,4162.20,6,4162.10,6,4162.00,6,4161.90,4,4161.80,5,4161.70,1,4161.60,6,4161.50,5,4162.60,1,4163.00,3,4163.10,5,4163.30,4,4163.40,5,4163.50,6,4163.60,6,4163.70,2,4163.80,3,4163.90,3,Sell,72,73,145,-1.00,11.00,-12.00,2.10,33.3,4163.40,4164.90,4162.80,4164.10,86,104,190,-18.00,9.00,-23.00,2.70,48.1,-6,282,0.2778,11.0000,-61.00,-200.00,4174.59,-0.8720,DOWN,214.80,0.8845,2.4455
20260619 110740 813,4164.10,1,4162.40,4162.60,0.20,4162.40,2,4162.30,4,4162.20,6,4162.10,6,4162.00,6,4161.90,4,4161.80,5,4161.70,1,4161.60,6,4161.50,5,4162.60,1,4163.00,3,4163.10,5,4163.30,4,4163.40,5,4163.50,6,4163.60,6,4163.70,2,4163.80,3,4163.90,3,Sell,72,74,146,-2.00,11.00,-12.00,2.10,33.3,4163.40,4164.90,4162.80,4164.10,86,104,190,-18.00,9.00,-23.00,2.70,48.1,-6,282,0.2778,5.0000,-62.00,-201.00,4174.59,-0.8720,DOWN,214.80,0.8845,2.4455
20260619 110740 813,4164.10,1,4162.40,4162.60,0.20,4162.40,2,4162.30,4,4162.20,6,4162.10,6,4162.00,6,4161.90,4,4161.80,5,4161.70,1,4161.60,6,4161.50,5,4162.60,1,4163.00,3,4163.10,5,4163.30,4,4163.40,5,4163.50,6,4163.60,6,4163.70,2,4163.80,3,4163.90,3,Sell,72,75,147,-3.00,11.00,-12.00,2.10,33.3,4163.40,4164.90,4162.80,4164.10,86,104,190,-18.00,9.00,-23.00,2.70,48.1,-6,282,0.2778,3.0000,-63.00,-202.00,4174.59,-0.8720,DOWN,214.80,0.8845,2.4455
20260619 110740 816,4164.00,1,4162.40,4162.60,0.20,4162.40,2,4162.30,4,4162.20,6,4162.10,6,4162.00,6,4161.90,4,4161.80,5,4161.70,1,4161.60,6,4161.50,5,4162.60,1,4163.00,3,4163.10,5,4163.30,4,4163.40,5,4163.50,6,4163.60,6,4163.70,2,4163.80,3,4163.90,3,Sell,72,76,148,-4.00,11.00,-12.00,2.10,28.6,4163.40,4164.90,4162.80,4164.00,86,104,190,-18.00,9.00,-23.00,2.70,48.1,-6,282,0.2778,2.0000,-64.00,-203.00,4174.58,-0.8752,DOWN,214.80,0.8845,2.4455
20260619 110740 816,4164.00,1,4162.40,4162.60,0.20,4162.40,2,4162.30,4,4162.20,6,4162.10,6,4162.00,6,4161.90,4,4161.80,5,4161.70,1,4161.60,6,4161.50,5,4162.60,1,4163.00,3,4163.10,5,4163.30,4,4163.40,5,4163.50,6,4163.60,6,4163.70,2,4163.80,3,4163.90,3,Sell,72,77,149,-5.00,11.00,-12.00,2.10,28.6,4163.40,4164.90,4162.80,4164.00,86,104,190,-18.00,9.00,-23.00,2.70,48.1,-6,282,0.2778,1.4000,-65.00,-204.00,4174.58,-0.8752,DOWN,214.80,0.8845,2.4455
20260619 110740 816,4164.00,1,4162.40,4162.60,0.20,4162.40,2,4162.30,4,4162.20,6,4162.10,6,4162.00,6,4161.90,4,4161.80,5,4161.70,1,4161.60,6,4161.50,5,4162.60,1,4163.00,3,4163.10,5,4163.30,4,4163.40,5,4163.50,6,4163.60,6,4163.70,2,4163.80,3,4163.90,3,Sell,72,78,150,-6.00,11.00,-12.00,2.10,28.6,4163.40,4164.90,4162.80,4164.00,86,104,190,-18.00,9.00,-23.00,2.70,48.1,-6,282,0.2778,1.0000,-66.00,-205.00,4174.58,-0.8752,DOWN,214.80,0.8845,2.4455
20260619 110740 816,4164.00,1,4162.40,4162.60,0.20,4162.40,2,4162.30,4,4162.20,6,4162.10,6,4162.00,6,4161.90,4,4161.80,5,4161.70,1,4161.60,6,4161.50,5,4162.60,1,4163.00,3,4163.10,5,4163.30,4,4163.40,5,4163.50,6,4163.60,6,4163.70,2,4163.80,3,4163.90,3,Sell,72,79,151,-7.00,11.00,-12.00,2.10,28.6,4163.40,4164.90,4162.80,4164.00,86,104,190,-18.00,9.00,-23.00,2.70,48.1,-6,282,0.2778,0.7143,-67.00,-206.00,4174.58,-0.8752,DOWN,214.80,0.8845,2.4455
20260619 110740 816,4164.00,1,4162.40,4162.60,0.20,4162.40,2,4162.30,4,4162.20,6,4162.10,6,4162.00,6,4161.90,4,4161.80,5,4161.70,1,4161.60,6,4161.50,5,4162.60,1,4163.00,3,4163.10,5,4163.30,4,4163.40,5,4163.50,6,4163.60,6,4163.70,2,4163.80,3,4163.90,3,Sell,72,80,152,-8.00,11.00,-12.00,2.10,28.6,4163.40,4164.90,4162.80,4164.00,86,104,190,-18.00,9.00,-23.00,2.70,48.1,-6,282,0.2778,0.5000,-68.00,-207.00,4174.58,-0.8752,DOWN,214.80,0.8845,2.4455
20260619 110740 816,4164.00,1,4162.40,4162.60,0.20,4162.40,2,4162.30,4,4162.20,6,4162.10,6,4162.00,6,4161.90,4,4161.80,5,4161.70,1,4161.60,6,4161.50,5,4162.60,1,4163.00,3,4163.10,5,4163.30,4,4163.40,5,4163.50,6,4163.60,6,4163.70,2,4163.80,3,4163.90,3,Sell,72,81,153,-9.00,11.00,-12.00,2.10,28.6,4163.40,4164.90,4162.80,4164.00,86,104,190,-18.00,9.00,-23.00,2.70,48.1,-6,282,0.2778,0.3333,-69.00,-208.00,4174.58,-0.8752,DOWN,214.80,0.8845,2.4455
20260619 110740 816,4164.00,1,4162.40,4162.60,0.20,4162.40,2,4162.30,4,4162.20,6,4162.10,6,4162.00,6,4161.90,4,4161.80,5,4161.70,1,4161.60,6,4161.50,5,4162.60,1,4163.00,3,4163.10,5,4163.30,4,4163.40,5,4163.50,6,4163.60,6,4163.70,2,4163.80,3,4163.90,3,Sell,72,82,154,-10.00,11.00,-12.00,2.10,28.6,4163.40,4164.90,4162.80,4164.00,86,104,190,-18.00,9.00,-23.00,2.70,48.1,-6,282,0.2778,0.2000,-70.00,-209.00,4174.58,-0.8752,DOWN,214.80,0.8845,2.4455
20260619 110740 824,4163.90,1,4162.40,4162.60,0.20,4162.40,2,4162.30,4,4162.20,6,4162.10,6,4162.00,6,4161.90,4,4161.80,5,4161.70,1,4161.60,6,4161.50,5,4162.60,1,4163.00,3,4163.10,5,4163.30,4,4163.40,5,4163.50,6,4163.60,6,4163.70,2,4163.80,3,4163.90,3,Sell,72,83,155,-11.00,11.00,-12.00,2.10,23.8,4163.40,4164.90,4162.80,4163.90,86,104,190,-18.00,9.00,-23.00,2.70,48.1,-6,282,0.2778,0.0909,-71.00,-210.00,4174.57,-0.8784,DOWN,214.80,0.8845,2.4455
20260619 110740 825,4163.80,1,4162.40,4162.60,0.20,4162.40,2,4162.30,4,4162.20,6,4162.10,6,4162.00,6,4161.90,4,4161.80,5,4161.70,1,4161.60,6,4161.50,5,4162.60,1,4163.00,3,4163.10,5,4163.30,4,4163.40,5,4163.50,6,4163.60,6,4163.70,2,4163.80,3,4163.90,3,Sell,72,84,156,-12.00,11.00,-12.00,2.10,19.0,4163.40,4164.90,4162.80,4163.80,86,104,190,-18.00,9.00,-23.00,2.70,48.1,-6,282,0.2778,0.0000,-72.00,-211.00,4174.56,-0.8816,DOWN,214.80,0.8845,2.4455
20260619 110740 825,4163.70,1,4162.40,4162.60,0.20,4162.40,2,4162.30,4,4162.20,6,4162.10,6,4162.00,6,4161.90,4,4161.80,5,4161.70,1,4161.60,6,4161.50,5,4162.60,1,4163.00,3,4163.10,5,4163.30,4,4163.40,5,4163.50,6,4163.60,6,4163.70,2,4163.80,3,4163.90,3,Sell,72,85,157,-13.00,11.00,-13.00,2.10,14.3,4163.40,4164.90,4162.80,4163.70,86,104,190,-18.00,9.00,-23.00,2.70,48.1,-6,282,0.2778,0.0000,-73.00,-212.00,4174.55,-0.8847,DOWN,214.80,0.8845,2.4455
20260619 110740 825,4163.70,1,4162.40,4162.60,0.20,4162.40,2,4162.30,4,4162.20,6,4162.10,6,4162.00,6,4161.90,4,4161.80,5,4161.70,1,4161.60,6,4161.50,5,4162.60,1,4163.00,3,4163.10,5,4163.30,4,4163.40,5,4163.50,6,4163.60,6,4163.70,2,4163.80,3,4163.90,3,Sell,72,86,158,-14.00,11.00,-14.00,2.10,14.3,4163.40,4164.90,4162.80,4163.70,86,104,190,-18.00,9.00,-23.00,2.70,48.1,-6,282,0.2778,0.0000,-74.00,-213.00,4174.55,-0.8847,DOWN,214.80,0.8845,2.4455
20260619 110740 830,4163.60,1,4162.40,4162.60,0.20,4162.40,2,4162.30,4,4162.20,6,4162.10,6,4162.00,6,4161.90,4,4161.80,5,4161.70,1,4161.60,6,4161.50,5,4162.60,1,4163.00,3,4163.10,5,4163.30,4,4163.40,5,4163.50,6,4163.60,6,4163.70,2,4163.80,3,4163.90,3,Sell,72,87,159,-15.00,11.00,-15.00,2.10,9.5,4163.40,4164.90,4162.80,4163.60,86,104,190,-18.00,9.00,-23.00,2.70,48.1,-6,282,0.2778,0.0000,-75.00,-214.00,4174.54,-0.8879,DOWN,214.80,0.8845,2.4455
20260619 110740 831,4163.60,1,4162.40,4162.60,0.20,4162.40,2,4162.30,4,4162.20,6,4162.10,6,4162.00,6,4161.90,4,4161.80,5,4161.70,1,4161.60,6,4161.50,5,4162.60,1,4163.00,3,4163.10,5,4163.30,4,4163.40,5,4163.50,6,4163.60,6,4163.70,2,4163.80,3,4163.90,3,Sell,72,88,160,-16.00,11.00,-16.00,2.10,9.5,4163.40,4164.90,4162.80,4163.60,86,104,190,-18.00,9.00,-23.00,2.70,48.1,-6,282,0.2778,0.0000,-76.00,-215.00,4174.54,-0.8879,DOWN,214.80,0.8845,2.4455
20260619 110740 831,4163.50,1,4162.40,4162.60,0.20,4162.40,2,4162.30,4,4162.20,6,4162.10,6,4162.00,6,4161.90,4,4161.80,5,4161.70,1,4161.60,6,4161.50,5,4162.60,1,4163.00,3,4163.10,5,4163.30,4,4163.40,5,4163.50,6,4163.60,6,4163.70,2,4163.80,3,4163.90,3,Sell,72,89,161,-17.00,11.00,-17.00,2.10,4.8,4163.40,4164.90,4162.80,4163.50,86,104,190,-18.00,9.00,-23.00,2.70,48.1,-6,282,0.2778,0.0000,-77.00,-216.00,4174.53,-0.8911,DOWN,214.80,0.8845,2.4455
20260619 110740 831,4163.50,1,4162.40,4162.60,0.20,4162.40,2,4162.30,4,4162.20,6,4162.10,6,4162.00,6,4161.90,4,4161.80,5,4161.70,1,4161.60,6,4161.50,5,4162.60,1,4163.00,3,4163.10,5,4163.30,4,4163.40,5,4163.50,6,4163.60,6,4163.70,2,4163.80,3,4163.90,3,Sell,72,90,162,-18.00,11.00,-18.00,2.10,4.8,4163.40,4164.90,4162.80,4163.50,86,104,190,-18.00,9.00,-23.00,2.70,48.1,-6,282,0.2778,0.0000,-78.00,-217.00,4174.53,-0.8911,DOWN,214.80,0.8845,2.4455
20260619 110740 850,4163.10,1,4162.40,4162.60,0.20,4162.40,2,4162.30,4,4162.20,6,4162.10,6,4162.00,6,4161.90,4,4161.80,5,4161.70,1,4161.60,6,4161.50,5,4162.60,1,4163.00,3,4163.10,5,4163.30,4,4163.40,5,4163.50,6,4163.60,6,4163.70,2,4163.80,3,4163.90,3,Sell,72,91,163,-19.00,11.00,-19.00,2.10,14.3,4163.40,4164.90,4162.80,4163.10,86,104,190,-18.00,9.00,-23.00,2.70,48.1,-6,282,0.2778,0.0000,-79.00,-218.00,4174.49,-0.9038,DOWN,214.80,0.8845,2.4455
20260619 110740 850,4163.00,1,4162.40,4162.60,0.20,4162.40,2,4162.30,4,4162.20,6,4162.10,6,4162.00,6,4161.90,4,4161.80,5,4161.70,1,4161.60,6,4161.50,5,4162.60,1,4163.00,3,4163.10,5,4163.30,4,4163.40,5,4163.50,6,4163.60,6,4163.70,2,4163.80,3,4163.90,3,Sell,72,92,164,-20.00,11.00,-20.00,2.10,19.0,4163.40,4164.90,4162.80,4163.00,86,104,190,-18.00,9.00,-23.00,2.70,48.1,-6,282,0.2778,0.0000,-80.00,-219.00,4174.48,-0.9070,DOWN,214.80,0.8845,2.4455
20260619 110740 850,4162.90,1,4162.40,4162.60,0.20,4162.40,2,4162.30,4,4162.20,6,4162.10,6,4162.00,6,4161.90,4,4161.80,5,4161.70,1,4161.60,6,4161.50,5,4162.60,1,4163.00,3,4163.10,5,4163.30,4,4163.40,5,4163.50,6,4163.60,6,4163.70,2,4163.80,3,4163.90,3,Sell,72,93,165,-21.00,11.00,-21.00,2.10,23.8,4163.40,4164.90,4162.80,4162.90,86,104,190,-18.00,9.00,-23.00,2.70,48.1,-6,282,0.2778,0.0000,-81.00,-220.00,4174.47,-0.9101,DOWN,214.80,0.8845,2.4455
20260619 110740 850,4162.90,1,4162.40,4162.60,0.20,4162.40,2,4162.30,4,4162.20,6,4162.10,6,4162.00,6,4161.90,4,4161.80,5,4161.70,1,4161.60,6,4161.50,5,4162.60,1,4163.00,3,4163.10,5,4163.30,4,4163.40,5,4163.50,6,4163.60,6,4163.70,2,4163.80,3,4163.90,3,Sell,72,94,166,-22.00,11.00,-22.00,2.10,23.8,4163.40,4164.90,4162.80,4162.90,86,104,190,-18.00,9.00,-23.00,2.70,48.1,-6,282,0.2778,0.0000,-82.00,-221.00,4174.47,-0.9101,DOWN,214.80,0.8845,2.4455
20260619 110740 850,4162.90,1,4162.40,4162.60,0.20,4162.40,2,4162.30,4,4162.20,6,4162.10,6,4162.00,6,4161.90,4,4161.80,5,4161.70,1,4161.60,6,4161.50,5,4162.60,1,4163.00,3,4163.10,5,4163.30,4,4163.40,5,4163.50,6,4163.60,6,4163.70,2,4163.80,3,4163.90,3,Sell,72,95,167,-23.00,11.00,-23.00,2.10,23.8,4163.40,4164.90,4162.80,4162.90,86,104,190,-18.00,9.00,-23.00,2.70,48.1,-6,282,0.2778,0.0000,-83.00,-222.00,4174.47,-0.9101,DOWN,214.80,0.8845,2.4455
20260619 110740 855,4163.00,1,4162.40,4162.60,0.20,4162.40,2,4162.30,4,4162.20,6,4162.10,6,4162.00,6,4161.90,4,4161.80,5,4161.70,1,4161.60,6,4161.50,5,4162.60,1,4163.00,3,4163.10,5,4163.30,4,4163.40,5,4163.50,6,4163.60,6,4163.70,2,4163.80,3,4163.90,3,Sell,72,96,168,-24.00,11.00,-24.00,2.10,19.0,4163.40,4164.90,4162.80,4163.00,86,104,190,-18.00,9.00,-23.00,2.70,48.1,-6,282,0.2778,0.0000,-84.00,-223.00,4174.48,-0.9070,DOWN,214.80,0.8845,2.4455
20260619 110740 862,4162.90,1,4162.40,4162.60,0.20,4162.40,2,4162.30,4,4162.20,6,4162.10,6,4162.00,6,4161.90,4,4161.80,5,4161.70,1,4161.60,6,4161.50,5,4162.60,1,4163.00,3,4163.10,5,4163.30,4,4163.40,5,4163.50,6,4163.60,6,4163.70,2,4163.80,3,4163.90,3,Sell,72,97,169,-25.00,11.00,-25.00,2.10,23.8,4163.40,4164.90,4162.80,4162.90,86,104,190,-18.00,9.00,-23.00,2.70,48.1,-6,282,0.2778,0.0000,-85.00,-224.00,4174.47,-0.9101,DOWN,214.80,0.8845,2.4455
20260619 110740 866,4162.70,1,4162.40,4162.60,0.20,4162.40,2,4162.30,4,4162.20,6,4162.10,6,4162.00,6,4161.90,4,4161.80,5,4161.70,1,4161.60,6,4161.50,5,4162.60,1,4163.00,3,4163.10,5,4163.30,4,4163.40,5,4163.50,6,4163.60,6,4163.70,2,4163.80,3,4163.90,3,Sell,72,98,170,-26.00,11.00,-26.00,2.20,31.8,4163.40,4164.90,4162.70,4162.70,86,104,190,-18.00,9.00,-23.00,2.70,48.1,-6,282,0.2778,0.0000,-86.00,-225.00,4174.45,-0.9165,DOWN,214.80,0.8845,2.4527
20260619 110740 866,4162.70,1,4162.40,4162.60,0.20,4162.40,2,4162.30,4,4162.20,6,4162.10,6,4162.00,6,4161.90,4,4161.80,5,4161.70,1,4161.60,6,4161.50,5,4162.60,1,4163.00,3,4163.10,5,4163.30,4,4163.40,5,4163.50,6,4163.60,6,4163.70,2,4163.80,3,4163.90,3,Sell,72,99,171,-27.00,11.00,-27.00,2.20,31.8,4163.40,4164.90,4162.70,4162.70,86,104,190,-18.00,9.00,-23.00,2.70,48.1,-6,282,0.2778,0.0000,-87.00,-226.00,4174.45,-0.9165,DOWN,214.80,0.8845,2.4527
20260619 110740 866,4162.60,1,4162.40,4162.60,0.20,4162.40,2,4162.30,4,4162.20,6,4162.10,6,4162.00,6,4161.90,4,4161.80,5,4161.70,1,4161.60,6,4161.50,5,4162.60,1,4163.00,3,4163.10,5,4163.30,4,4163.40,5,4163.50,6,4163.60,6,4163.70,2,4163.80,3,4163.90,3,Sell,72,100,172,-28.00,11.00,-28.00,2.30,34.8,4163.40,4164.90,4162.60,4162.60,86,104,190,-18.00,9.00,-23.00,2.70,48.1,-6,282,0.2778,0.0000,-88.00,-227.00,4174.44,-0.9197,DOWN,214.80,0.8845,2.4598
20260619 110740 866,4162.60,1,4162.40,4162.60,0.20,4162.40,2,4162.30,4,4162.20,6,4162.10,6,4162.00,6,4161.90,4,4161.80,5,4161.70,1,4161.60,6,4161.50,5,4162.60,1,4163.00,3,4163.10,5,4163.30,4,4163.40,5,4163.50,6,4163.60,6,4163.70,2,4163.80,3,4163.90,3,Sell,72,101,173,-29.00,11.00,-29.00,2.30,34.8,4163.40,4164.90,4162.60,4162.60,86,104,190,-18.00,9.00,-23.00,2.70,48.1,-6,282,0.2778,0.0000,-89.00,-228.00,4174.44,-0.9197,DOWN,214.80,0.8845,2.4598
20260619 110740 885,4162.80,1,4162.50,4162.70,0.20,4162.50,1,4162.40,1,4162.30,4,4162.20,4,4162.10,5,4162.00,6,4161.90,4,4161.80,5,4161.70,1,4161.60,6,4162.70,2,4162.80,3,4162.90,4,4163.00,6,4163.10,4,4163.30,2,4163.40,4,4163.50,5,4163.60,5,4163.70,2,Sell,72,102,174,-30.00,11.00,-30.00,2.30,26.1,4163.40,4164.90,4162.60,4162.80,86,104,190,-18.00,9.00,-23.00,2.70,48.1,-6,282,0.2778,0.0000,-90.00,-229.00,4174.46,-0.9133,DOWN,214.80,0.8845,2.4598
20260619 110740 885,4162.80,1,4162.50,4162.70,0.20,4162.50,1,4162.40,1,4162.30,4,4162.20,4,4162.10,5,4162.00,6,4161.90,4,4161.80,5,4161.70,1,4161.60,6,4162.70,2,4162.80,3,4162.90,4,4163.00,6,4163.10,4,4163.30,2,4163.40,4,4163.50,5,4163.60,5,4163.70,2,Sell,72,103,175,-31.00,11.00,-31.00,2.30,26.1,4163.40,4164.90,4162.60,4162.80,86,104,190,-18.00,9.00,-23.00,2.70,48.1,-6,282,0.2778,0.0000,-91.00,-230.00,4174.46,-0.9133,DOWN,214.80,0.8845,2.4598
20260619 110740 885,4162.70,1,4162.50,4162.70,0.20,4162.50,1,4162.40,1,4162.30,4,4162.20,4,4162.10,5,4162.00,6,4161.90,4,4161.80,5,4161.70,1,4161.60,6,4162.70,2,4162.80,3,4162.90,4,4163.00,6,4163.10,4,4163.30,2,4163.40,4,4163.50,5,4163.60,5,4163.70,2,Sell,72,104,176,-32.00,11.00,-32.00,2.30,30.4,4163.40,4164.90,4162.60,4162.70,86,104,190,-18.00,9.00,-23.00,2.70,48.1,-6,282,0.2778,0.0000,-92.00,-231.00,4174.45,-0.9165,DOWN,214.80,0.8845,2.4598
20260619 110740 885,4162.60,1,4162.50,4162.70,0.20,4162.50,1,4162.40,1,4162.30,4,4162.20,4,4162.10,5,4162.00,6,4161.90,4,4161.80,5,4161.70,1,4161.60,6,4162.70,2,4162.80,3,4162.90,4,4163.00,6,4163.10,4,4163.30,2,4163.40,4,4163.50,5,4163.60,5,4163.70,2,Sell,72,105,177,-33.00,11.00,-33.00,2.30,34.8,4163.40,4164.90,4162.60,4162.60,86,104,190,-18.00,9.00,-23.00,2.70,48.1,-6,282,0.2778,0.0000,-93.00,-232.00,4174.44,-0.9197,DOWN,214.80,0.8845,2.4598
20260619 110740 885,4162.60,1,4162.50,4162.70,0.20,4162.50,1,4162.40,1,4162.30,4,4162.20,4,4162.10,5,4162.00,6,4161.90,4,4161.80,5,4161.70,1,4161.60,6,4162.70,2,4162.80,3,4162.90,4,4163.00,6,4163.10,4,4163.30,2,4163.40,4,4163.50,5,4163.60,5,4163.70,2,Sell,72,106,178,-34.00,11.00,-34.00,2.30,34.8,4163.40,4164.90,4162.60,4162.60,86,104,190,-18.00,9.00,-23.00,2.70,48.1,-6,282,0.2778,0.0000,-94.00,-233.00,4174.44,-0.9197,DOWN,214.80,0.8845,2.4598
20260619 110740 885,4162.50,1,4162.50,4162.70,0.20,4162.50,1,4162.40,1,4162.30,4,4162.20,4,4162.10,5,4162.00,6,4161.90,4,4161.80,5,4161.70,1,4161.60,6,4162.70,2,4162.80,3,4162.90,4,4163.00,6,4163.10,4,4163.30,2,4163.40,4,4163.50,5,4163.60,5,4163.70,2,Sell,72,107,179,-35.00,11.00,-35.00,2.40,37.5,4163.40,4164.90,4162.50,4162.50,86,104,190,-18.00,9.00,-23.00,2.70,48.1,-6,282,0.2778,0.0000,-95.00,-234.00,4174.43,-0.9228,DOWN,214.80,0.8845,2.4670
20260619 110740 903,4162.60,1,4162.50,4162.70,0.20,4162.50,1,4162.40,1,4162.30,4,4162.20,4,4162.10,5,4162.00,6,4161.90,4,4161.80,5,4161.70,1,4161.60,6,4162.70,2,4162.80,3,4162.90,4,4163.00,6,4163.10,4,4163.30,2,4163.40,4,4163.50,5,4163.60,5,4163.70,2,Sell,72,108,180,-36.00,11.00,-36.00,2.40,33.3,4163.40,4164.90,4162.50,4162.60,86,104,190,-18.00,9.00,-23.00,2.70,48.1,-6,282,0.2778,0.0000,-96.00,-235.00,4174.44,-0.9197,DOWN,214.80,0.8845,2.4670
20260619 110740 910,4162.60,1,4162.50,4162.70,0.20,4162.50,1,4162.40,1,4162.30,4,4162.20,4,4162.10,5,4162.00,6,4161.90,4,4161.80,5,4161.70,1,4161.60,6,4162.70,2,4162.80,3,4162.90,4,4163.00,6,4163.10,4,4163.30,2,4163.40,4,4163.50,5,4163.60,5,4163.70,2,Buy,73,108,181,-35.00,11.00,-36.00,2.40,33.3,4163.40,4164.90,4162.50,4162.60,86,104,190,-18.00,9.00,-23.00,2.70,48.1,-6,282,0.2778,0.0286,-95.00,-234.00,4174.44,-0.9197,DOWN,214.80,0.8845,2.4670
20260619 110740 910,4162.60,1,4162.50,4162.70,0.20,4162.50,1,4162.40,1,4162.30,4,4162.20,4,4162.10,5,4162.00,6,4161.90,4,4161.80,5,4161.70,1,4161.60,6,4162.70,2,4162.80,3,4162.90,4,4163.00,6,4163.10,4,4163.30,2,4163.40,4,4163.50,5,4163.60,5,4163.70,2,Buy,74,108,182,-34.00,11.00,-36.00,2.40,33.3,4163.40,4164.90,4162.50,4162.60,86,104,190,-18.00,9.00,-23.00,2.70,48.1,-6,282,0.2778,0.0588,-94.00,-233.00,4174.44,-0.9197,DOWN,214.80,0.8845,2.4670
20260619 110740 918,4162.70,1,4162.50,4162.70,0.20,4162.50,1,4162.40,1,4162.30,4,4162.20,4,4162.10,5,4162.00,6,4161.90,4,4161.80,5,4161.70,1,4161.60,6,4162.70,2,4162.80,3,4162.90,4,4163.00,6,4163.10,4,4163.30,2,4163.40,4,4163.50,5,4163.60,5,4163.70,2,Buy,75,108,183,-33.00,11.00,-36.00,2.40,29.2,4163.40,4164.90,4162.50,4162.70,86,104,190,-18.00,9.00,-23.00,2.70,48.1,-6,282,0.2778,0.0909,-93.00,-232.00,4174.45,-0.9165,DOWN,214.80,0.8845,2.4670
20260619 110740 926,4162.60,1,4162.50,4162.70,0.20,4162.50,1,4162.40,1,4162.30,4,4162.20,4,4162.10,5,4162.00,6,4161.90,4,4161.80,5,4161.70,1,4161.60,6,4162.70,2,4162.80,3,4162.90,4,4163.00,6,4163.10,4,4163.30,2,4163.40,4,4163.50,5,4163.60,5,4163.70,2,Sell,75,109,184,-34.00,11.00,-36.00,2.40,33.3,4163.40,4164.90,4162.50,4162.60,86,104,190,-18.00,9.00,-23.00,2.70,48.1,-6,282,0.2778,0.0588,-94.00,-233.00,4174.44,-0.9197,DOWN,214.80,0.8845,2.4670
20260619 110740 935,4162.70,1,4162.50,4162.70,0.20,4162.50,1,4162.40,1,4162.30,4,4162.20,4,4162.10,5,4162.00,6,4161.90,4,4161.80,5,4161.70,1,4161.60,6,4162.70,2,4162.80,3,4162.90,4,4163.00,6,4163.10,4,4163.30,2,4163.40,4,4163.50,5,4163.60,5,4163.70,2,Buy,76,109,185,-33.00,11.00,-36.00,2.40,29.2,4163.40,4164.90,4162.50,4162.70,86,104,190,-18.00,9.00,-23.00,2.70,48.1,-6,282,0.2778,0.0909,-93.00,-232.00,4174.45,-0.9165,DOWN,214.80,0.8845,2.4670
20260619 110740 938,4162.60,1,4162.50,4162.70,0.20,4162.50,1,4162.40,1,4162.30,4,4162.20,4,4162.10,5,4162.00,6,4161.90,4,4161.80,5,4161.70,1,4161.60,6,4162.70,2,4162.80,3,4162.90,4,4163.00,6,4163.10,4,4163.30,2,4163.40,4,4163.50,5,4163.60,5,4163.70,2,Buy,77,109,186,-32.00,11.00,-36.00,2.40,33.3,4163.40,4164.90,4162.50,4162.60,86,104,190,-18.00,9.00,-23.00,2.70,48.1,-6,282,0.2778,0.1250,-92.00,-231.00,4174.44,-0.9197,DOWN,214.80,0.8845,2.4670
20260619 110740 938,4162.60,1,4162.50,4162.70,0.20,4162.50,1,4162.40,1,4162.30,4,4162.20,4,4162.10,5,4162.00,6,4161.90,4,4161.80,5,4161.70,1,4161.60,6,4162.70,2,4162.80,3,4162.90,4,4163.00,6,4163.10,4,4163.30,2,4163.40,4,4163.50,5,4163.60,5,4163.70,2,Buy,78,109,187,-31.00,11.00,-36.00,2.40,33.3,4163.40,4164.90,4162.50,4162.60,86,104,190,-18.00,9.00,-23.00,2.70,48.1,-6,282,0.2778,0.1613,-91.00,-230.00,4174.44,-0.9197,DOWN,214.80,0.8845,2.4670
20260619 110740 938,4162.70,1,4162.50,4162.70,0.20,4162.50,1,4162.40,1,4162.30,4,4162.20,4,4162.10,5,4162.00,6,4161.90,4,4161.80,5,4161.70,1,4161.60,6,4162.70,2,4162.80,3,4162.90,4,4163.00,6,4163.10,4,4163.30,2,4163.40,4,4163.50,5,4163.60,5,4163.70,2,Buy,79,109,188,-30.00,11.00,-36.00,2.40,29.2,4163.40,4164.90,4162.50,4162.70,86,104,190,-18.00,9.00,-23.00,2.70,48.1,-6,282,0.2778,0.2000,-90.00,-229.00,4174.45,-0.9165,DOWN,214.80,0.8845,2.4670
20260619 110740 938,4162.70,1,4162.50,4162.70,0.20,4162.50,1,4162.40,1,4162.30,4,4162.20,4,4162.10,5,4162.00,6,4161.90,4,4161.80,5,4161.70,1,4161.60,6,4162.70,2,4162.80,3,4162.90,4,4163.00,6,4163.10,4,4163.30,2,4163.40,4,4163.50,5,4163.60,5,4163.70,2,Buy,80,109,189,-29.00,11.00,-36.00,2.40,29.2,4163.40,4164.90,4162.50,4162.70,86,104,190,-18.00,9.00,-23.00,2.70,48.1,-6,282,0.2778,0.2414,-89.00,-228.00,4174.45,-0.9165,DOWN,214.80,0.8845,2.4670
20260619 110740 948,4162.70,1,4162.60,4162.80,0.20,4162.40,1,4162.30,4,4162.20,4,4162.10,5,4162.00,6,4161.90,4,4161.80,5,4161.70,1,4161.60,6,4161.50,5,4162.60,1,4162.70,1,4162.80,2,4162.90,3,4163.00,5,4163.10,5,4163.30,3,4163.40,4,4163.50,5,4163.60,5,Buy,81,109,190,-28.00,11.00,-36.00,2.40,29.2,4163.40,4164.90,4162.50,4162.70,86,104,190,-18.00,9.00,-23.00,2.70,48.1,-6,282,0.2778,0.2857,-88.00,-227.00,4174.45,-0.9165,DOWN,214.80,0.8845,2.4670
20260619 110740 948,4162.70,1,4162.60,4162.80,0.20,4162.40,1,4162.30,4,4162.20,4,4162.10,5,4162.00,6,4161.90,4,4161.80,5,4161.70,1,4161.60,6,4161.50,5,4162.60,1,4162.70,1,4162.80,2,4162.90,3,4163.00,5,4163.10,5,4163.30,3,4163.40,4,4163.50,5,4163.60,5,Buy,82,109,191,-27.00,11.00,-36.00,2.40,29.2,4163.40,4164.90,4162.50,4162.70,86,104,190,-18.00,9.00,-23.00,2.70,48.1,-6,282,0.2778,0.3333,-87.00,-226.00,4174.45,-0.9165,DOWN,214.80,0.8845,2.4670
20260619 110740 961,4162.40,1,4162.60,4162.80,0.20,4162.40,1,4162.30,4,4162.20,4,4162.10,5,4162.00,6,4161.90,4,4161.80,5,4161.70,1,4161.60,6,4161.50,5,4162.60,1,4162.70,1,4162.80,2,4162.90,3,4163.00,5,4163.10,5,4163.30,3,4163.40,4,4163.50,5,4163.60,5,Sell,82,110,192,-28.00,11.00,-36.00,2.50,40.0,4163.40,4164.90,4162.40,4162.40,86,104,190,-18.00,9.00,-23.00,2.70,48.1,-6,282,0.2778,0.2857,-88.00,-227.00,4174.42,-0.9260,DOWN,214.80,0.8845,2.4741
20260619 110740 961,4162.40,1,4162.60,4162.80,0.20,4162.40,1,4162.30,4,4162.20,4,4162.10,5,4162.00,6,4161.90,4,4161.80,5,4161.70,1,4161.60,6,4161.50,5,4162.60,1,4162.70,1,4162.80,2,4162.90,3,4163.00,5,4163.10,5,4163.30,3,4163.40,4,4163.50,5,4163.60,5,Sell,82,111,193,-29.00,11.00,-36.00,2.50,40.0,4163.40,4164.90,4162.40,4162.40,86,104,190,-18.00,9.00,-23.00,2.70,48.1,-6,282,0.2778,0.2414,-89.00,-228.00,4174.42,-0.9260,DOWN,214.80,0.8845,2.4741
20260619 110740 961,4162.40,1,4162.60,4162.80,0.20,4162.40,1,4162.30,4,4162.20,4,4162.10,5,4162.00,6,4161.90,4,4161.80,5,4161.70,1,4161.60,6,4161.50,5,4162.60,1,4162.70,1,4162.80,2,4162.90,3,4163.00,5,4163.10,5,4163.30,3,4163.40,4,4163.50,5,4163.60,5,Sell,82,112,194,-30.00,11.00,-36.00,2.50,40.0,4163.40,4164.90,4162.40,4162.40,86,104,190,-18.00,9.00,-23.00,2.70,48.1,-6,282,0.2778,0.2000,-90.00,-229.00,4174.42,-0.9260,DOWN,214.80,0.8845,2.4741
20260619 110740 961,4162.40,1,4162.60,4162.80,0.20,4162.40,1,4162.30,4,4162.20,4,4162.10,5,4162.00,6,4161.90,4,4161.80,5,4161.70,1,4161.60,6,4161.50,5,4162.60,1,4162.70,1,4162.80,2,4162.90,3,4163.00,5,4163.10,5,4163.30,3,4163.40,4,4163.50,5,4163.60,5,Sell,82,113,195,-31.00,11.00,-36.00,2.50,40.0,4163.40,4164.90,4162.40,4162.40,86,104,190,-18.00,9.00,-23.00,2.70,48.1,-6,282,0.2778,0.1613,-91.00,-230.00,4174.42,-0.9260,DOWN,214.80,0.8845,2.4741
20260619 110740 966,4162.60,1,4162.60,4162.80,0.20,4162.40,1,4162.30,4,4162.20,4,4162.10,5,4162.00,6,4161.90,4,4161.80,5,4161.70,1,4161.60,6,4161.50,5,4162.60,1,4162.70,1,4162.80,2,4162.90,3,4163.00,5,4163.10,5,4163.30,3,4163.40,4,4163.50,5,4163.60,5,Buy,83,113,196,-30.00,11.00,-36.00,2.50,32.0,4163.40,4164.90,4162.40,4162.60,86,104,190,-18.00,9.00,-23.00,2.70,48.1,-6,282,0.2778,0.2000,-90.00,-229.00,4174.44,-0.9197,DOWN,214.80,0.8845,2.4741
20260619 110740 968,4162.60,1,4162.60,4162.80,0.20,4162.40,1,4162.30,4,4162.20,4,4162.10,5,4162.00,6,4161.90,4,4161.80,5,4161.70,1,4161.60,6,4161.50,5,4162.60,1,4162.70,1,4162.80,2,4162.90,3,4163.00,5,4163.10,5,4163.30,3,4163.40,4,4163.50,5,4163.60,5,Buy,84,113,197,-29.00,11.00,-36.00,2.50,32.0,4163.40,4164.90,4162.40,4162.60,86,104,190,-18.00,9.00,-23.00,2.70,48.1,-6,282,0.2778,0.2414,-89.00,-228.00,4174.44,-0.9197,DOWN,214.80,0.8845,2.4741
20260619 110740 969,4162.70,1,4162.60,4162.80,0.20,4162.40,1,4162.30,4,4162.20,4,4162.10,5,4162.00,6,4161.90,4,4161.80,5,4161.70,1,4161.60,6,4161.50,5,4162.60,1,4162.70,1,4162.80,2,4162.90,3,4163.00,5,4163.10,5,4163.30,3,4163.40,4,4163.50,5,4163.60,5,Buy,85,113,198,-28.00,11.00,-36.00,2.50,28.0,4163.40,4164.90,4162.40,4162.70,86,104,190,-18.00,9.00,-23.00,2.70,48.1,-6,282,0.2778,0.2857,-88.00,-227.00,4174.45,-0.9165,DOWN,214.80,0.8845,2.4741
20260619 110740 980,4162.70,1,4162.60,4162.80,0.20,4162.40,1,4162.30,4,4162.20,4,4162.10,5,4162.00,6,4161.90,4,4161.80,5,4161.70,1,4161.60,6,4161.50,5,4162.60,1,4162.70,1,4162.80,2,4162.90,3,4163.00,5,4163.10,5,4163.30,3,4163.40,4,4163.50,5,4163.60,5,Buy,86,113,199,-27.00,11.00,-36.00,2.50,28.0,4163.40,4164.90,4162.40,4162.70,86,104,190,-18.00,9.00,-23.00,2.70,48.1,-6,282,0.2778,0.3333,-87.00,-226.00,4174.45,-0.9165,DOWN,214.80,0.8845,2.4741
20260619 110740 998,4162.60,1,4162.60,4162.80,0.20,4162.40,1,4162.30,4,4162.20,4,4162.10,5,4162.00,6,4161.90,4,4161.80,5,4161.70,1,4161.60,6,4161.50,5,4162.60,1,4162.70,1,4162.80,2,4162.90,3,4163.00,5,4163.10,5,4163.30,3,4163.40,4,4163.50,5,4163.60,5,Buy,87,113,200,-26.00,11.00,-36.00,2.50,32.0,4163.40,4164.90,4162.40,4162.60,86,104,190,-18.00,9.00,-23.00,2.70,48.1,-6,282,0.2778,0.3846,-86.00,-225.00,4174.44,-0.9197,DOWN,214.80,0.8845,2.4741
20260619 110740 998,4162.60,1,4162.60,4162.80,0.20,4162.40,1,4162.30,4,4162.20,4,4162.10,5,4162.00,6,4161.90,4,4161.80,5,4161.70,1,4161.60,6,4161.50,5,4162.60,1,4162.70,1,4162.80,2,4162.90,3,4163.00,5,4163.10,5,4163.30,3,4163.40,4,4163.50,5,4163.60,5,Sell,87,114,201,-27.00,11.00,-36.00,2.50,32.0,4163.40,4164.90,4162.40,4162.60,86,104,190,-18.00,9.00,-23.00,2.70,48.1,-6,282,0.2778,0.3333,-87.00,-226.00,4174.44,-0.9197,DOWN,214.80,0.8845,2.4741
20260619 110741 024,4162.70,1,4162.90,4163.10,0.20,4162.60,1,4162.50,8,4162.40,2,4162.30,5,4162.20,5,4162.10,5,4162.00,6,4161.90,4,4161.80,5,4161.70,1,4162.90,3,4163.00,4,4163.10,3,4163.30,3,4163.40,4,4163.50,4,4163.60,5,4163.70,2,4163.80,3,4163.90,4,Buy,88,114,202,-26.00,11.00,-36.00,2.50,28.0,4163.40,4164.90,4162.40,4162.70,86,104,190,-18.00,9.00,-23.00,2.70,48.1,-6,282,0.2778,0.3846,-86.00,-225.00,4174.45,-0.9165,DOWN,214.80,0.8845,2.4741
20260619 110741 029,4162.70,1,4162.90,4163.10,0.20,4162.60,1,4162.50,8,4162.40,2,4162.30,5,4162.20,5,4162.10,5,4162.00,6,4161.90,4,4161.80,5,4161.70,1,4162.90,3,4163.00,4,4163.10,3,4163.30,3,4163.40,4,4163.50,4,4163.60,5,4163.70,2,4163.80,3,4163.90,4,Buy,89,114,203,-25.00,11.00,-36.00,2.50,28.0,4163.40,4164.90,4162.40,4162.70,86,104,190,-18.00,9.00,-23.00,2.70,48.1,-6,282,0.2778,0.4400,-85.00,-224.00,4174.45,-0.9165,DOWN,214.80,0.8845,2.4741
20260619 110741 055,4162.70,1,4162.90,4163.10,0.20,4162.60,1,4162.50,8,4162.40,2,4162.30,5,4162.20,5,4162.10,5,4162.00,6,4161.90,4,4161.80,5,4161.70,1,4162.90,3,4163.00,4,4163.10,3,4163.30,3,4163.40,4,4163.50,4,4163.60,5,4163.70,2,4163.80,3,4163.90,4,Buy,90,114,204,-24.00,11.00,-36.00,2.50,28.0,4163.40,4164.90,4162.40,4162.70,86,104,190,-18.00,9.00,-23.00,2.70,48.1,-6,282,0.2778,0.5000,-84.00,-223.00,4174.45,-0.9165,DOWN,214.80,0.8845,2.4741
20260619 110741 059,4162.90,1,4162.90,4163.10,0.20,4162.60,1,4162.50,8,4162.40,2,4162.30,5,4162.20,5,4162.10,5,4162.00,6,4161.90,4,4161.80,5,4161.70,1,4162.90,3,4163.00,4,4163.10,3,4163.30,3,4163.40,4,4163.50,4,4163.60,5,4163.70,2,4163.80,3,4163.90,4,Buy,91,114,205,-23.00,11.00,-36.00,2.50,20.0,4163.40,4164.90,4162.40,4162.90,86,104,190,-18.00,9.00,-23.00,2.70,48.1,-6,282,0.2778,0.5652,-83.00,-222.00,4174.47,-0.9101,DOWN,214.80,0.8845,2.4741
20260619 110741 061,4162.90,1,4162.90,4163.10,0.20,4162.60,1,4162.50,8,4162.40,2,4162.30,5,4162.20,5,4162.10,5,4162.00,6,4161.90,4,4161.80,5,4161.70,1,4162.90,3,4163.00,4,4163.10,3,4163.30,3,4163.40,4,4163.50,4,4163.60,5,4163.70,2,4163.80,3,4163.90,4,Buy,92,114,206,-22.00,11.00,-36.00,2.50,20.0,4163.40,4164.90,4162.40,4162.90,86,104,190,-18.00,9.00,-23.00,2.70,48.1,-6,282,0.2778,0.6364,-82.00,-221.00,4174.47,-0.9101,DOWN,214.80,0.8845,2.4741
20260619 110741 061,4162.90,1,4162.90,4163.10,0.20,4162.60,1,4162.50,8,4162.40,2,4162.30,5,4162.20,5,4162.10,5,4162.00,6,4161.90,4,4161.80,5,4161.70,1,4162.90,3,4163.00,4,4163.10,3,4163.30,3,4163.40,4,4163.50,4,4163.60,5,4163.70,2,4163.80,3,4163.90,4,Buy,93,114,207,-21.00,11.00,-36.00,2.50,20.0,4163.40,4164.90,4162.40,4162.90,86,104,190,-18.00,9.00,-23.00,2.70,48.1,-6,282,0.2778,0.7143,-81.00,-220.00,4174.47,-0.9101,DOWN,214.80,0.8845,2.4741
20260619 110741 071,4163.10,1,4162.90,4163.10,0.20,4162.60,1,4162.50,8,4162.40,2,4162.30,5,4162.20,5,4162.10,5,4162.00,6,4161.90,4,4161.80,5,4161.70,1,4162.90,3,4163.00,4,4163.10,3,4163.30,3,4163.40,4,4163.50,4,4163.60,5,4163.70,2,4163.80,3,4163.90,4,Buy,94,114,208,-20.00,11.00,-36.00,2.50,12.0,4163.40,4164.90,4162.40,4163.10,86,104,190,-18.00,9.00,-23.00,2.70,48.1,-6,282,0.2778,0.8000,-80.00,-219.00,4174.49,-0.9038,DOWN,214.80,0.8845,2.4741
20260619 110741 087,4163.30,1,4163.40,4163.60,0.20,4163.40,1,4163.30,2,4163.20,3,4163.10,3,4163.00,4,4162.90,4,4162.80,6,4162.70,3,4162.60,7,4162.50,3,4163.60,2,4163.70,3,4163.80,2,4163.90,4,4164.00,8,4164.10,5,4164.20,3,4164.30,6,4164.40,6,4164.50,4,Buy,95,114,209,-19.00,11.00,-36.00,2.50,4.0,4163.40,4164.90,4162.40,4163.30,86,104,190,-18.00,9.00,-23.00,2.70,48.1,-6,282,0.2778,0.8947,-79.00,-218.00,4174.51,-0.8974,DOWN,214.80,0.8845,2.4741
20260619 110741 121,4163.40,1,4163.40,4163.60,0.20,4163.40,1,4163.30,2,4163.20,3,4163.10,3,4163.00,4,4162.90,4,4162.80,6,4162.70,3,4162.60,7,4162.50,3,4163.60,2,4163.70,3,4163.80,2,4163.90,4,4164.00,8,4164.10,5,4164.20,3,4164.30,6,4164.40,6,4164.50,4,Buy,96,114,210,-18.00,11.00,-36.00,2.50,0.0,4163.40,4164.90,4162.40,4163.40,86,104,190,-18.00,9.00,-23.00,2.70,48.1,-6,282,0.2778,1.0000,-78.00,-217.00,4174.52,-0.8943,DOWN,214.80,0.8845,2.4741
20260619 110741 121,4163.40,1,4163.40,4163.60,0.20,4163.40,1,4163.30,2,4163.20,3,4163.10,3,4163.00,4,4162.90,4,4162.80,6,4162.70,3,4162.60,7,4162.50,3,4163.60,2,4163.70,3,4163.80,2,4163.90,4,4164.00,8,4164.10,5,4164.20,3,4164.30,6,4164.40,6,4164.50,4,Buy,97,114,211,-17.00,11.00,-36.00,2.50,0.0,4163.40,4164.90,4162.40,4163.40,86,104,190,-18.00,9.00,-23.00,2.70,48.1,-6,282,0.2778,1.1176,-77.00,-216.00,4174.52,-0.8943,DOWN,214.80,0.8845,2.4741
20260619 110741 121,4163.40,1,4163.40,4163.60,0.20,4163.40,1,4163.30,2,4163.20,3,4163.10,3,4163.00,4,4162.90,4,4162.80,6,4162.70,3,4162.60,7,4162.50,3,4163.60,2,4163.70,3,4163.80,2,4163.90,4,4164.00,8,4164.10,5,4164.20,3,4164.30,6,4164.40,6,4164.50,4,Buy,98,114,212,-16.00,11.00,-36.00,2.50,0.0,4163.40,4164.90,4162.40,4163.40,86,104,190,-18.00,9.00,-23.00,2.70,48.1,-6,282,0.2778,1.2500,-76.00,-215.00,4174.52,-0.8943,DOWN,214.80,0.8845,2.4741
20260619 110741 136,4163.40,1,4163.40,4163.60,0.20,4163.40,1,4163.30,2,4163.20,3,4163.10,3,4163.00,4,4162.90,4,4162.80,6,4162.70,3,4162.60,7,4162.50,3,4163.60,2,4163.70,3,4163.80,2,4163.90,4,4164.00,8,4164.10,5,4164.20,3,4164.30,6,4164.40,6,4164.50,4,Sell,98,115,213,-17.00,11.00,-36.00,2.50,0.0,4163.40,4164.90,4162.40,4163.40,86,104,190,-18.00,9.00,-23.00,2.70,48.1,-6,282,0.2778,1.1176,-77.00,-216.00,4174.52,-0.8943,DOWN,214.80,0.8845,2.4741
20260619 110741 155,4163.40,1,4163.40,4163.60,0.20,4163.40,1,4163.30,2,4163.20,3,4163.10,3,4163.00,4,4162.90,4,4162.80,6,4162.70,3,4162.60,7,4162.50,3,4163.60,2,4163.70,3,4163.80,2,4163.90,4,4164.00,8,4164.10,5,4164.20,3,4164.30,6,4164.40,6,4164.50,4,Sell,98,116,214,-18.00,11.00,-36.00,2.50,0.0,4163.40,4164.90,4162.40,4163.40,86,104,190,-18.00,9.00,-23.00,2.70,48.1,-6,282,0.2778,1.0000,-78.00,-217.00,4174.52,-0.8943,DOWN,214.80,0.8845,2.4741
20260619 110741 644,4163.60,1,4163.70,4163.90,0.20,4163.70,1,4163.60,3,4163.50,2,4163.40,4,4163.30,2,4163.20,3,4163.10,4,4163.00,5,4162.90,4,4162.80,5,4163.90,2,4164.00,4,4164.10,3,4164.20,4,4164.30,6,4164.40,6,4164.50,5,4164.60,15,4164.70,10,4164.80,11,Buy,99,116,215,-17.00,11.00,-36.00,2.50,8.0,4163.40,4164.90,4162.40,4163.60,86,104,190,-18.00,9.00,-23.00,2.70,48.1,-6,282,0.2778,1.1176,-77.00,-216.00,4174.54,-0.8879,DOWN,214.80,0.8845,2.4741
20260619 110741 644,4163.70,1,4163.70,4163.90,0.20,4163.70,1,4163.60,3,4163.50,2,4163.40,4,4163.30,2,4163.20,3,4163.10,4,4163.00,5,4162.90,4,4162.80,5,4163.90,2,4164.00,4,4164.10,3,4164.20,4,4164.30,6,4164.40,6,4164.50,5,4164.60,15,4164.70,10,4164.80,11,Buy,100,116,216,-16.00,11.00,-36.00,2.50,12.0,4163.40,4164.90,4162.40,4163.70,86,104,190,-18.00,9.00,-23.00,2.70,48.1,-6,282,0.2778,1.2500,-76.00,-215.00,4174.55,-0.8847,DOWN,214.80,0.8845,2.4741
20260619 110741 644,4163.70,1,4163.70,4163.90,0.20,4163.70,1,4163.60,3,4163.50,2,4163.40,4,4163.30,2,4163.20,3,4163.10,4,4163.00,5,4162.90,4,4162.80,5,4163.90,2,4164.00,4,4164.10,3,4164.20,4,4164.30,6,4164.40,6,4164.50,5,4164.60,15,4164.70,10,4164.80,11,Buy,101,116,217,-15.00,11.00,-36.00,2.50,12.0,4163.40,4164.90,4162.40,4163.70,86,104,190,-18.00,9.00,-23.00,2.70,48.1,-6,282,0.2778,1.4000,-75.00,-214.00,4174.55,-0.8847,DOWN,214.80,0.8845,2.4741
20260619 110741 644,4163.70,1,4163.70,4163.90,0.20,4163.70,1,4163.60,3,4163.50,2,4163.40,4,4163.30,2,4163.20,3,4163.10,4,4163.00,5,4162.90,4,4162.80,5,4163.90,2,4164.00,4,4164.10,3,4164.20,4,4164.30,6,4164.40,6,4164.50,5,4164.60,15,4164.70,10,4164.80,11,Buy,102,116,218,-14.00,11.00,-36.00,2.50,12.0,4163.40,4164.90,4162.40,4163.70,86,104,190,-18.00,9.00,-23.00,2.70,48.1,-6,282,0.2778,1.5714,-74.00,-213.00,4174.55,-0.8847,DOWN,214.80,0.8845,2.4741
20260619 110741 658,4163.80,1,4163.70,4163.90,0.20,4163.70,1,4163.60,3,4163.50,2,4163.40,4,4163.30,2,4163.20,3,4163.10,4,4163.00,5,4162.90,4,4162.80,5,4163.90,2,4164.00,4,4164.10,3,4164.20,4,4164.30,6,4164.40,6,4164.50,5,4164.60,15,4164.70,10,4164.80,11,Buy,103,116,219,-13.00,11.00,-36.00,2.50,16.0,4163.40,4164.90,4162.40,4163.80,86,104,190,-18.00,9.00,-23.00,2.70,48.1,-6,282,0.2778,1.7692,-73.00,-212.00,4174.56,-0.8816,DOWN,214.80,0.8845,2.4741
20260619 110741 661,4163.80,1,4163.70,4163.90,0.20,4163.70,1,4163.60,3,4163.50,2,4163.40,4,4163.30,2,4163.20,3,4163.10,4,4163.00,5,4162.90,4,4162.80,5,4163.90,2,4164.00,4,4164.10,3,4164.20,4,4164.30,6,4164.40,6,4164.50,5,4164.60,15,4164.70,10,4164.80,11,Sell,103,117,220,-14.00,11.00,-36.00,2.50,16.0,4163.40,4164.90,4162.40,4163.80,86,104,190,-18.00,9.00,-23.00,2.70,48.1,-6,282,0.2778,1.5714,-74.00,-213.00,4174.56,-0.8816,DOWN,214.80,0.8845,2.4741
20260619 110741 827,4163.60,1,4163.50,4163.70,0.20,4163.50,2,4163.40,2,4163.30,1,4163.20,3,4163.10,5,4163.00,5,4162.90,4,4162.80,5,4162.70,7,4162.60,11,4163.70,1,4163.80,3,4163.90,4,4164.00,6,4164.10,3,4164.20,3,4164.30,6,4164.40,6,4164.50,5,4164.60,15,Sell,103,118,221,-15.00,11.00,-36.00,2.50,8.0,4163.40,4164.90,4162.40,4163.60,86,104,190,-18.00,9.00,-23.00,2.70,48.1,-6,282,0.2778,1.4000,-75.00,-214.00,4174.54,-0.8879,DOWN,214.80,0.8845,2.4741
20260619 110741 827,4163.60,1,4163.50,4163.70,0.20,4163.50,2,4163.40,2,4163.30,1,4163.20,3,4163.10,5,4163.00,5,4162.90,4,4162.80,5,4162.70,7,4162.60,11,4163.70,1,4163.80,3,4163.90,4,4164.00,6,4164.10,3,4164.20,3,4164.30,6,4164.40,6,4164.50,5,4164.60,15,Sell,103,119,222,-16.00,11.00,-36.00,2.50,8.0,4163.40,4164.90,4162.40,4163.60,86,104,190,-18.00,9.00,-23.00,2.70,48.1,-6,282,0.2778,1.2500,-76.00,-215.00,4174.54,-0.8879,DOWN,214.80,0.8845,2.4741
20260619 110741 830,4163.50,1,4163.50,4163.70,0.20,4163.50,2,4163.40,2,4163.30,1,4163.20,3,4163.10,5,4163.00,5,4162.90,4,4162.80,5,4162.70,7,4162.60,11,4163.70,1,4163.80,3,4163.90,4,4164.00,6,4164.10,3,4164.20,3,4164.30,6,4164.40,6,4164.50,5,4164.60,15,Sell,103,120,223,-17.00,11.00,-36.00,2.50,4.0,4163.40,4164.90,4162.40,4163.50,86,104,190,-18.00,9.00,-23.00,2.70,48.1,-6,282,0.2778,1.1176,-77.00,-216.00,4174.53,-0.8911,DOWN,214.80,0.8845,2.4741
20260619 110741 830,4163.50,1,4163.50,4163.70,0.20,4163.50,2,4163.40,2,4163.30,1,4163.20,3,4163.10,5,4163.00,5,4162.90,4,4162.80,5,4162.70,7,4162.60,11,4163.70,1,4163.80,3,4163.90,4,4164.00,6,4164.10,3,4164.20,3,4164.30,6,4164.40,6,4164.50,5,4164.60,15,Sell,103,121,224,-18.00,11.00,-36.00,2.50,4.0,4163.40,4164.90,4162.40,4163.50,86,104,190,-18.00,9.00,-23.00,2.70,48.1,-6,282,0.2778,1.0000,-78.00,-217.00,4174.53,-0.8911,DOWN,214.80,0.8845,2.4741
20260619 110741 861,4163.50,1,4163.80,4163.90,0.10,4163.80,1,4163.70,3,4163.60,4,4163.50,4,4163.40,2,4163.30,2,4163.20,3,4163.10,5,4163.00,5,4162.90,4,4163.90,1,4164.00,3,4164.10,3,4164.20,3,4164.30,6,4164.40,6,4164.50,5,4164.60,15,4164.70,10,4164.80,11,Sell,103,122,225,-19.00,11.00,-36.00,2.50,4.0,4163.40,4164.90,4162.40,4163.50,86,104,190,-18.00,9.00,-23.00,2.70,48.1,-6,282,0.2778,0.8947,-79.00,-218.00,4174.53,-0.8911,DOWN,214.80,0.8845,2.4741
20260619 110741 861,4163.50,1,4163.80,4163.90,0.10,4163.80,1,4163.70,3,4163.60,4,4163.50,4,4163.40,2,4163.30,2,4163.20,3,4163.10,5,4163.00,5,4162.90,4,4163.90,1,4164.00,3,4164.10,3,4164.20,3,4164.30,6,4164.40,6,4164.50,5,4164.60,15,4164.70,10,4164.80,11,Sell,103,123,226,-20.00,11.00,-36.00,2.50,4.0,4163.40,4164.90,4162.40,4163.50,86,104,190,-18.00,9.00,-23.00,2.70,48.1,-6,282,0.2778,0.8000,-80.00,-219.00,4174.53,-0.8911,DOWN,214.80,0.8845,2.4741
20260619 110741 861,4163.70,1,4163.80,4163.90,0.10,4163.80,1,4163.70,3,4163.60,4,4163.50,4,4163.40,2,4163.30,2,4163.20,3,4163.10,5,4163.00,5,4162.90,4,4163.90,1,4164.00,3,4164.10,3,4164.20,3,4164.30,6,4164.40,6,4164.50,5,4164.60,15,4164.70,10,4164.80,11,Buy,104,123,227,-19.00,11.00,-36.00,2.50,12.0,4163.40,4164.90,4162.40,4163.70,86,104,190,-18.00,9.00,-23.00,2.70,48.1,-6,282,0.2778,0.8947,-79.00,-218.00,4174.55,-0.8847,DOWN,214.80,0.8845,2.4741
20260619 110741 861,4163.80,1,4163.80,4163.90,0.10,4163.80,1,4163.70,3,4163.60,4,4163.50,4,4163.40,2,4163.30,2,4163.20,3,4163.10,5,4163.00,5,4162.90,4,4163.90,1,4164.00,3,4164.10,3,4164.20,3,4164.30,6,4164.40,6,4164.50,5,4164.60,15,4164.70,10,4164.80,11,Buy,105,123,228,-18.00,11.00,-36.00,2.50,16.0,4163.40,4164.90,4162.40,4163.80,86,104,190,-18.00,9.00,-23.00,2.70,48.1,-6,282,0.2778,1.0000,-78.00,-217.00,4174.56,-0.8816,DOWN,214.80,0.8845,2.4741
20260619 110741 861,4163.80,1,4163.80,4163.90,0.10,4163.80,1,4163.70,3,4163.60,4,4163.50,4,4163.40,2,4163.30,2,4163.20,3,4163.10,5,4163.00,5,4162.90,4,4163.90,1,4164.00,3,4164.10,3,4164.20,3,4164.30,6,4164.40,6,4164.50,5,4164.60,15,4164.70,10,4164.80,11,Buy,106,123,229,-17.00,11.00,-36.00,2.50,16.0,4163.40,4164.90,4162.40,4163.80,86,104,190,-18.00,9.00,-23.00,2.70,48.1,-6,282,0.2778,1.1176,-77.00,-216.00,4174.56,-0.8816,DOWN,214.80,0.8845,2.4741
20260619 110742 238,4163.80,1,4163.80,4164.00,0.20,4163.80,2,4163.70,2,4163.60,4,4163.50,4,4163.40,2,4163.30,2,4163.20,3,4163.10,5,4163.00,5,4162.90,9,4164.00,3,4164.10,5,4164.20,2,4164.30,5,4164.40,6,4164.50,5,4164.60,7,4164.70,10,4164.80,11,4164.90,11,Sell,106,124,230,-18.00,11.00,-36.00,2.50,16.0,4163.40,4164.90,4162.40,4163.80,86,104,190,-18.00,9.00,-23.00,2.70,48.1,-6,282,0.2778,1.0000,-78.00,-217.00,4174.56,-0.8816,DOWN,214.80,0.8845,2.4741
20260619 110742 343,4163.80,1,4163.60,4163.80,0.20,4163.60,2,4163.50,3,4163.40,2,4163.30,3,4163.20,3,4163.10,5,4163.00,5,4162.90,9,4162.80,10,4162.70,7,4163.80,3,4163.90,3,4164.00,5,4164.10,3,4164.20,2,4164.30,5,4164.40,6,4164.50,5,4164.60,7,4164.70,10,Sell,106,125,231,-19.00,11.00,-36.00,2.50,16.0,4163.40,4164.90,4162.40,4163.80,86,104,190,-18.00,9.00,-23.00,2.70,48.1,-6,282,0.2778,0.8947,-79.00,-218.00,4174.56,-0.8816,DOWN,214.80,0.8845,2.4741
20260619 110742 343,4163.80,1,4163.60,4163.80,0.20,4163.60,2,4163.50,3,4163.40,2,4163.30,3,4163.20,3,4163.10,5,4163.00,5,4162.90,9,4162.80,10,4162.70,7,4163.80,3,4163.90,3,4164.00,5,4164.10,3,4164.20,2,4164.30,5,4164.40,6,4164.50,5,4164.60,7,4164.70,10,Sell,106,126,232,-20.00,11.00,-36.00,2.50,16.0,4163.40,4164.90,4162.40,4163.80,86,104,190,-18.00,9.00,-23.00,2.70,48.1,-6,282,0.2778,0.8000,-80.00,-219.00,4174.56,-0.8816,DOWN,214.80,0.8845,2.4741
20260619 110742 439,4163.40,1,4163.30,4163.60,0.30,4163.30,2,4163.20,3,4163.10,3,4163.00,4,4162.90,5,4162.80,5,4162.70,9,4162.60,11,4162.50,9,4162.40,7,4163.60,4,4163.70,4,4163.80,3,4163.90,3,4164.00,6,4164.10,5,4164.20,2,4164.30,5,4164.40,15,4164.50,14,Sell,106,127,233,-21.00,11.00,-36.00,2.50,0.0,4163.40,4164.90,4162.40,4163.40,86,104,190,-18.00,9.00,-23.00,2.70,48.1,-6,282,0.2778,0.7143,-81.00,-220.00,4174.52,-0.8943,DOWN,214.80,0.8845,2.4741
20260619 110742 439,4163.40,1,4163.30,4163.60,0.30,4163.30,2,4163.20,3,4163.10,3,4163.00,4,4162.90,5,4162.80,5,4162.70,9,4162.60,11,4162.50,9,4162.40,7,4163.60,4,4163.70,4,4163.80,3,4163.90,3,4164.00,6,4164.10,5,4164.20,2,4164.30,5,4164.40,15,4164.50,14,Sell,106,128,234,-22.00,11.00,-36.00,2.50,0.0,4163.40,4164.90,4162.40,4163.40,86,104,190,-18.00,9.00,-23.00,2.70,48.1,-6,282,0.2778,0.6364,-82.00,-221.00,4174.52,-0.8943,DOWN,214.80,0.8845,2.4741
20260619 110742 614,4163.80,1,4163.60,4163.80,0.20,4163.60,2,4163.50,2,4163.40,2,4163.30,3,4163.20,3,4163.10,4,4163.00,4,4162.90,5,4162.80,10,4162.70,9,4163.80,1,4163.90,3,4164.00,5,4164.10,3,4164.20,2,4164.30,5,4164.40,6,4164.50,14,4164.60,16,4164.70,13,Buy,107,128,235,-21.00,11.00,-36.00,2.50,16.0,4163.40,4164.90,4162.40,4163.80,86,104,190,-18.00,9.00,-23.00,2.70,48.1,-6,282,0.2778,0.7143,-81.00,-220.00,4174.56,-0.8816,DOWN,214.80,0.8845,2.4741
20260619 110743 385,4163.80,1,4163.60,4163.80,0.20,4163.60,2,4163.50,4,4163.40,3,4163.30,3,4163.20,3,4163.10,5,4163.00,5,4162.90,5,4162.80,10,4162.70,9,4163.80,1,4163.90,2,4164.00,5,4164.10,3,4164.20,2,4164.30,5,4164.40,6,4164.50,6,4164.60,6,4164.70,13,Buy,108,128,236,-20.00,11.00,-36.00,2.50,16.0,4163.40,4164.90,4162.40,4163.80,86,104,190,-18.00,9.00,-23.00,2.70,48.1,-6,282,0.2778,0.8000,-80.00,-219.00,4174.56,-0.8816,DOWN,214.80,0.8845,2.4741
20260619 110743 705,4163.60,1,4163.30,4163.60,0.30,4163.50,3,4163.40,1,4163.30,3,4163.20,4,4163.10,5,4163.00,5,4162.90,5,4162.80,10,4162.70,9,4162.60,11,4163.80,2,4163.90,2,4164.00,5,4164.10,3,4164.20,2,4164.30,5,4164.40,6,4164.50,6,4164.60,6,4164.70,13,Sell,108,129,237,-21.00,11.00,-36.00,2.50,8.0,4163.40,4164.90,4162.40,4163.60,86,104,190,-18.00,9.00,-23.00,2.70,48.1,-6,282,0.2778,0.7143,-81.00,-220.00,4174.54,-0.8879,DOWN,214.80,0.8845,2.4741
20260619 110743 705,4163.60,1,4163.40,4163.60,0.20,4163.40,1,4163.30,3,4163.20,3,4163.10,4,4163.00,4,4162.90,5,4162.80,5,4162.70,9,4162.60,11,4162.50,9,4163.60,1,4163.70,3,4163.80,3,4163.90,2,4164.00,5,4164.10,3,4164.20,2,4164.30,5,4164.40,15,4164.50,15,Sell,108,130,238,-22.00,11.00,-36.00,2.50,8.0,4163.40,4164.90,4162.40,4163.60,86,104,190,-18.00,9.00,-23.00,2.70,48.1,-6,282,0.2778,0.6364,-82.00,-221.00,4174.54,-0.8879,DOWN,214.80,0.8845,2.4741
20260619 110743 709,4163.60,2,4163.40,4163.60,0.20,4163.40,1,4163.30,3,4163.20,3,4163.10,4,4163.00,4,4162.90,5,4162.80,5,4162.70,9,4162.60,11,4162.50,9,4163.60,1,4163.70,3,4163.80,3,4163.90,2,4164.00,5,4164.10,3,4164.20,2,4164.30,5,4164.40,15,4164.50,15,Buy,110,130,240,-20.00,11.00,-36.00,2.50,8.0,4163.40,4164.90,4162.40,4163.60,86,104,190,-18.00,9.00,-23.00,2.70,48.1,-6,282,0.2778,0.8000,-80.00,-219.00,4174.54,-0.8879,DOWN,214.80,0.8845,2.4741
20260619 110743 800,4163.60,1,4163.50,4163.80,0.30,4163.50,2,4163.40,3,4163.30,3,4163.20,3,4163.10,4,4163.00,4,4162.90,5,4162.80,5,4162.70,9,4162.60,11,4163.80,3,4163.90,2,4164.00,5,4164.10,3,4164.20,2,4164.30,5,4164.40,15,4164.50,15,4164.60,15,4164.70,13,Buy,111,130,241,-19.00,11.00,-36.00,2.50,8.0,4163.40,4164.90,4162.40,4163.60,86,104,190,-18.00,9.00,-23.00,2.70,48.1,-6,282,0.2778,0.8947,-79.00,-218.00,4174.54,-0.8879,DOWN,214.80,0.8845,2.4741
20260619 110743 801,4163.70,1,4163.50,4163.80,0.30,4163.50,2,4163.40,3,4163.30,3,4163.20,3,4163.10,4,4163.00,4,4162.90,5,4162.80,5,4162.70,9,4162.60,11,4163.80,3,4163.90,2,4164.00,5,4164.10,3,4164.20,2,4164.30,5,4164.40,15,4164.50,15,4164.60,15,4164.70,13,Buy,112,130,242,-18.00,11.00,-36.00,2.50,12.0,4163.40,4164.90,4162.40,4163.70,86,104,190,-18.00,9.00,-23.00,2.70,48.1,-6,282,0.2778,1.0000,-78.00,-217.00,4174.55,-0.8847,DOWN,214.80,0.8845,2.4741
20260619 110746 883,4163.10,1,4162.90,4163.10,0.20,4162.90,2,4162.80,3,4162.70,2,4162.60,6,4162.50,4,4162.40,2,4162.30,4,4162.20,10,4162.10,10,4162.00,11,4163.20,3,4163.30,2,4163.40,2,4163.50,3,4163.60,4,4163.70,4,4163.80,4,4163.90,3,4164.00,6,4164.10,3,Buy,113,130,243,-17.00,11.00,-36.00,2.50,12.0,4163.40,4164.90,4162.40,4163.10,86,104,190,-18.00,9.00,-23.00,2.70,48.1,-6,282,0.2778,1.1176,-77.00,-216.00,4174.49,-0.9038,DOWN,214.80,0.8845,2.4741
20260619 110747 089,4163.20,1,4163.00,4163.20,0.20,4163.00,1,4162.90,2,4162.80,3,4162.70,2,4162.60,5,4162.50,4,4162.40,2,4162.30,4,4162.20,5,4162.10,10,4163.20,3,4163.30,3,4163.40,2,4163.50,3,4163.60,5,4163.70,4,4163.80,4,4163.90,3,4164.00,6,4164.10,11,Buy,114,130,244,-16.00,11.00,-36.00,2.50,8.0,4163.40,4164.90,4162.40,4163.20,86,104,190,-18.00,9.00,-23.00,2.70,48.1,-6,282,0.2778,1.2500,-76.00,-215.00,4174.50,-0.9006,DOWN,214.80,0.8845,2.4741
20260619 110747 089,4163.20,1,4163.10,4163.30,0.20,4163.10,1,4163.00,3,4162.90,5,4162.80,3,4162.70,2,4162.60,5,4162.50,4,4162.40,2,4162.30,4,4162.20,5,4163.30,2,4163.40,2,4163.50,3,4163.60,5,4163.70,4,4163.80,4,4163.90,3,4164.00,6,4164.10,11,4164.20,11,Buy,115,130,245,-15.00,11.00,-36.00,2.50,8.0,4163.40,4164.90,4162.40,4163.20,86,104,190,-18.00,9.00,-23.00,2.70,48.1,-6,282,0.2778,1.4000,-75.00,-214.00,4174.50,-0.9006,DOWN,214.80,0.8845,2.4741
20260619 110747 867,4163.30,1,4163.10,4163.30,0.20,4163.30,2,4163.20,1,4163.10,3,4163.00,3,4162.90,5,4162.80,3,4162.70,2,4162.60,5,4162.50,4,4162.40,2,4163.50,3,4163.60,5,4163.70,4,4163.80,4,4163.90,3,4164.00,6,4164.10,13,4164.20,11,4164.30,14,4164.40,15,Buy,116,130,246,-14.00,11.00,-36.00,2.50,4.0,4163.40,4164.90,4162.40,4163.30,86,104,190,-18.00,9.00,-23.00,2.70,48.1,-6,282,0.2778,1.5714,-74.00,-213.00,4174.51,-0.8974,DOWN,214.80,0.8845,2.4741
20260619 110747 867,4163.30,1,4163.10,4163.30,0.20,4163.30,2,4163.20,1,4163.10,3,4163.00,3,4162.90,5,4162.80,3,4162.70,2,4162.60,5,4162.50,4,4162.40,2,4163.50,3,4163.60,5,4163.70,4,4163.80,4,4163.90,3,4164.00,6,4164.10,13,4164.20,11,4164.30,14,4164.40,15,Buy,117,130,247,-13.00,11.00,-36.00,2.50,4.0,4163.40,4164.90,4162.40,4163.30,86,104,190,-18.00,9.00,-23.00,2.70,48.1,-6,282,0.2778,1.7692,-73.00,-212.00,4174.51,-0.8974,DOWN,214.80,0.8845,2.4741
20260619 110750 305,4163.50,1,4163.30,4163.50,0.20,4163.30,1,4163.20,3,4163.10,4,4163.00,4,4162.90,6,4162.80,4,4162.70,2,4162.60,6,4162.50,4,4162.40,2,4163.50,2,4163.60,4,4163.70,3,4163.80,3,4163.90,3,4164.00,6,4164.10,4,4164.20,2,4164.30,14,4164.40,15,Buy,118,130,248,-12.00,11.00,-36.00,2.50,4.0,4163.40,4164.90,4162.40,4163.50,86,104,190,-18.00,9.00,-23.00,2.70,48.1,-6,282,0.2778,2.0000,-72.00,-211.00,4174.53,-0.8911,DOWN,214.80,0.8845,2.4741
20260619 110754 062,4163.10,1,4163.00,4163.20,0.20,4163.00,3,4162.90,2,4162.80,3,4162.70,2,4162.60,5,4162.50,4,4162.40,2,4162.30,4,4162.20,10,4162.10,10,4163.20,3,4163.30,3,4163.40,4,4163.50,3,4163.60,4,4163.70,5,4163.80,5,4163.90,13,4164.00,15,4164.10,13,Sell,118,131,249,-13.00,11.00,-36.00,2.50,12.0,4163.40,4164.90,4162.40,4163.10,86,104,190,-18.00,9.00,-23.00,2.70,48.1,-6,282,0.2778,1.7692,-73.00,-212.00,4174.49,-0.9038,DOWN,214.80,0.8845,2.4741
20260619 110754 062,4163.10,1,4163.00,4163.20,0.20,4163.00,3,4162.90,2,4162.80,3,4162.70,2,4162.60,5,4162.50,4,4162.40,2,4162.30,4,4162.20,10,4162.10,10,4163.20,3,4163.30,3,4163.40,4,4163.50,3,4163.60,4,4163.70,5,4163.80,5,4163.90,13,4164.00,15,4164.10,13,Sell,118,132,250,-14.00,11.00,-36.00,2.50,12.0,4163.40,4164.90,4162.40,4163.10,86,104,190,-18.00,9.00,-23.00,2.70,48.1,-6,282,0.2778,1.5714,-74.00,-213.00,4174.49,-0.9038,DOWN,214.80,0.8845,2.4741
20260619 110756 660,4163.00,3,4162.90,4163.10,0.20,4162.90,1,4162.80,3,4162.70,2,4162.60,5,4162.50,5,4162.40,2,4162.30,4,4162.20,10,4162.10,10,4162.00,11,4163.10,2,4163.20,3,4163.30,2,4163.40,2,4163.50,4,4163.60,5,4163.70,5,4163.80,4,4163.90,13,4164.00,14,Sell,118,135,253,-17.00,11.00,-36.00,2.50,16.0,4163.40,4164.90,4162.40,4163.00,86,104,190,-18.00,9.00,-23.00,2.70,48.1,-6,282,0.2778,1.1176,-77.00,-216.00,4174.48,-0.9070,DOWN,214.80,0.8845,2.4741
20260619 110756 731,4162.90,1,4162.90,4163.10,0.20,4162.90,1,4162.80,3,4162.70,2,4162.60,5,4162.50,5,4162.40,2,4162.30,4,4162.20,10,4162.10,10,4162.00,11,4163.10,3,4163.20,3,4163.30,2,4163.40,2,4163.50,4,4163.60,5,4163.70,5,4163.80,4,4163.90,13,4164.00,14,Sell,118,136,254,-18.00,11.00,-36.00,2.50,20.0,4163.40,4164.90,4162.40,4162.90,86,104,190,-18.00,9.00,-23.00,2.70,48.1,-6,282,0.2778,1.0000,-78.00,-217.00,4174.47,-0.9101,DOWN,214.80,0.8845,2.4741
20260619 110757 623,4163.10,1,4162.90,4163.20,0.30,4162.90,3,4162.80,2,4162.70,2,4162.60,5,4162.50,5,4162.40,2,4162.30,4,4162.20,10,4162.10,10,4162.00,11,4163.20,3,4163.30,2,4163.40,3,4163.50,4,4163.60,5,4163.70,5,4163.80,4,4163.90,13,4164.00,14,4164.10,13,Buy,119,136,255,-17.00,11.00,-36.00,2.50,12.0,4163.40,4164.90,4162.40,4163.10,86,104,190,-18.00,9.00,-23.00,2.70,48.1,-6,282,0.2778,1.1176,-77.00,-216.00,4174.49,-0.9038,DOWN,214.80,0.8845,2.4741
20260619 110758 937,4162.90,1,4162.50,4162.60,0.10,4162.50,1,4162.30,4,4162.20,5,4162.10,4,4162.00,6,4161.90,4,4161.80,6,4161.70,1,4161.60,11,4161.50,9,4162.60,1,4162.70,4,4162.80,3,4162.90,5,4163.00,5,4163.10,5,4163.20,4,4163.30,3,4163.40,3,4163.50,5,Sell,119,137,256,-18.00,11.00,-36.00,2.50,20.0,4163.40,4164.90,4162.40,4162.90,86,104,190,-18.00,9.00,-23.00,2.70,48.1,-6,282,0.2778,1.0000,-78.00,-217.00,4174.47,-0.9101,DOWN,214.80,0.8845,2.4741
20260619 110758 937,4162.90,1,4162.50,4162.60,0.10,4162.50,1,4162.30,4,4162.20,5,4162.10,4,4162.00,6,4161.90,4,4161.80,6,4161.70,1,4161.60,11,4161.50,9,4162.60,1,4162.70,4,4162.80,3,4162.90,5,4163.00,5,4163.10,5,4163.20,4,4163.30,3,4163.40,3,4163.50,5,Sell,119,138,257,-19.00,11.00,-36.00,2.50,20.0,4163.40,4164.90,4162.40,4162.90,86,104,190,-18.00,9.00,-23.00,2.70,48.1,-6,282,0.2778,0.8947,-79.00,-218.00,4174.47,-0.9101,DOWN,214.80,0.8845,2.4741
20260619 110759 090,4162.50,1,4162.40,4162.50,0.10,4162.40,1,4162.30,4,4162.20,5,4162.10,4,4162.00,6,4161.90,4,4161.80,6,4161.70,1,4161.60,11,4161.50,9,4162.50,1,4162.60,3,4162.70,4,4162.80,3,4162.90,5,4163.00,5,4163.10,5,4163.20,4,4163.30,3,4163.40,3,Sell,119,139,258,-20.00,11.00,-36.00,2.50,36.0,4163.40,4164.90,4162.40,4162.50,86,104,190,-18.00,9.00,-23.00,2.70,48.1,-6,282,0.2778,0.8000,-80.00,-219.00,4174.43,-0.9228,DOWN,214.80,0.8845,2.4741
20260619 110759 260,4162.40,1,4162.30,4162.50,0.20,4162.30,1,4162.20,4,4162.10,4,4162.00,6,4161.90,4,4161.80,6,4161.70,1,4161.60,6,4161.50,9,4161.40,12,4162.50,4,4162.60,4,4162.70,4,4162.80,4,4162.90,5,4163.00,5,4163.10,5,4163.20,4,4163.30,3,4163.40,11,Buy,120,139,259,-19.00,11.00,-36.00,2.50,40.0,4163.40,4164.90,4162.40,4162.40,86,104,190,-18.00,9.00,-23.00,2.70,48.1,-6,282,0.2778,0.8947,-79.00,-218.00,4174.42,-0.9260,DOWN,214.80,0.8845,2.4741
20260619 110759 380,4162.30,1,4162.30,4162.50,0.20,4162.30,2,4162.20,5,4162.10,3,4162.00,6,4161.90,4,4161.80,5,4161.70,1,4161.60,6,4161.50,9,4161.40,12,4162.50,2,4162.60,3,4162.70,5,4162.80,4,4162.90,5,4163.00,5,4163.10,6,4163.20,4,4163.30,2,4163.40,11,Sell,120,140,260,-20.00,11.00,-36.00,2.60,42.3,4163.40,4164.90,4162.30,4162.30,86,104,190,-18.00,9.00,-23.00,2.70,48.1,-6,282,0.2778,0.8000,-80.00,-219.00,4174.41,-0.9292,DOWN,214.80,0.8845,2.4813
20260619 110759 421,4162.30,1,4162.30,4162.50,0.20,4162.30,2,4162.20,5,4162.10,3,4162.00,6,4161.90,4,4161.80,5,4161.70,1,4161.60,6,4161.50,9,4161.40,12,4162.50,2,4162.60,3,4162.70,5,4162.80,4,4162.90,5,4163.00,5,4163.10,6,4163.20,4,4163.30,2,4163.40,11,Buy,121,140,261,-19.00,11.00,-36.00,2.60,42.3,4163.40,4164.90,4162.30,4162.30,86,104,190,-18.00,9.00,-23.00,2.70,48.1,-6,282,0.2778,0.8947,-79.00,-218.00,4174.41,-0.9292,DOWN,214.80,0.8845,2.4813
20260619 110759 421,4162.30,1,4162.30,4162.50,0.20,4162.30,2,4162.20,5,4162.10,3,4162.00,6,4161.90,4,4161.80,5,4161.70,1,4161.60,6,4161.50,9,4161.40,12,4162.50,2,4162.60,3,4162.70,5,4162.80,4,4162.90,5,4163.00,5,4163.10,6,4163.20,4,4163.30,2,4163.40,11,Buy,122,140,262,-18.00,11.00,-36.00,2.60,42.3,4163.40,4164.90,4162.30,4162.30,86,104,190,-18.00,9.00,-23.00,2.70,48.1,-6,282,0.2778,1.0000,-78.00,-217.00,4174.41,-0.9292,DOWN,214.80,0.8845,2.4813
20260619 110759 422,4162.40,1,4162.30,4162.50,0.20,4162.30,2,4162.20,5,4162.10,3,4162.00,6,4161.90,4,4161.80,5,4161.70,1,4161.60,6,4161.50,9,4161.40,12,4162.50,2,4162.60,3,4162.70,5,4162.80,4,4162.90,5,4163.00,5,4163.10,6,4163.20,4,4163.30,2,4163.40,11,Buy,123,140,263,-17.00,11.00,-36.00,2.60,38.5,4163.40,4164.90,4162.30,4162.40,86,104,190,-18.00,9.00,-23.00,2.70,48.1,-6,282,0.2778,1.1176,-77.00,-216.00,4174.42,-0.9260,DOWN,214.80,0.8845,2.4813
20260619 110759 819,4162.40,1,4162.40,4162.50,0.10,4162.30,3,4162.20,5,4162.10,3,4162.00,7,4161.90,4,4161.80,5,4161.70,1,4161.60,6,4161.50,9,4161.40,12,4162.50,2,4162.60,3,4162.70,4,4162.80,4,4162.90,5,4163.00,5,4163.10,6,4163.20,4,4163.30,2,4163.40,11,Sell,123,141,264,-18.00,11.00,-36.00,2.60,38.5,4163.40,4164.90,4162.30,4162.40,86,104,190,-18.00,9.00,-23.00,2.70,48.1,-6,282,0.2778,1.0000,-78.00,-217.00,4174.42,-0.9260,DOWN,214.80,0.8845,2.4813
20260619 110800 054,4162.40,1,4162.30,4162.50,0.20,4162.30,4,4162.20,5,4162.10,3,4162.00,7,4161.90,4,4161.80,5,4161.70,1,4161.60,6,4161.50,9,4161.40,12,4162.50,1,4162.60,4,4162.70,4,4162.80,4,4162.90,5,4163.00,5,4163.10,6,4163.20,4,4163.30,2,4163.40,11,Buy,1,0,1,1.00,1.00,1.00,0.00,0.0,4162.40,4162.40,4162.40,4162.40,123,141,264,-18.00,11.00,-36.00,2.60,38.5,-51,453,1.0000,0.0000,-71.00,-202.00,4174.42,-0.9260,DOWN,222.05,1.1889,2.3040
20260619 110800 283,4162.40,1,4162.30,4162.50,0.20,4162.30,7,4162.20,6,4162.10,3,4162.00,7,4161.90,4,4161.80,5,4161.70,1,4161.60,6,4161.50,9,4161.40,12,4162.50,1,4162.60,4,4162.70,5,4162.80,4,4162.90,5,4163.00,5,4163.10,6,4163.20,4,4163.30,2,4163.40,11,Sell,1,1,2,0.00,1.00,0.00,0.00,0.0,4162.40,4162.40,4162.40,4162.40,123,141,264,-18.00,11.00,-36.00,2.60,38.5,-51,453,1.0000,1.0000,-72.00,-203.00,4174.42,-0.9260,DOWN,222.05,1.1889,2.3040
20260619 110801 235,4162.40,5,4162.40,4162.60,0.20,4162.40,2,4162.30,5,4162.20,5,4162.10,4,4162.00,7,4161.90,4,4161.80,5,4161.70,1,4161.60,6,4161.50,9,4162.60,1,4162.70,4,4162.80,4,4162.90,5,4163.00,5,4163.10,6,4163.20,4,4163.30,2,4163.40,11,4163.50,13,Buy,6,1,7,5.00,5.00,0.00,0.00,0.0,4162.40,4162.40,4162.40,4162.40,123,141,264,-18.00,11.00,-36.00,2.60,38.5,-51,453,1.0000,0.0000,-67.00,-198.00,4174.42,-0.9260,DOWN,222.05,1.1889,2.3040
20260619 110801 262,4162.40,1,4162.40,4162.60,0.20,4162.40,2,4162.30,5,4162.20,5,4162.10,4,4162.00,7,4161.90,4,4161.80,5,4161.70,1,4161.60,6,4161.50,9,4162.60,1,4162.70,4,4162.80,4,4162.90,5,4163.00,5,4163.10,6,4163.20,4,4163.30,2,4163.40,11,4163.50,13,Sell,6,2,8,4.00,5.00,0.00,0.00,0.0,4162.40,4162.40,4162.40,4162.40,123,141,264,-18.00,11.00,-36.00,2.60,38.5,-51,453,1.0000,0.2500,-68.00,-199.00,4174.42,-0.9260,DOWN,222.05,1.1889,2.3040
20260619 110802 407,4162.70,1,4162.40,4162.70,0.30,4162.40,3,4162.30,4,4162.20,5,4162.10,3,4162.00,7,4161.90,4,4161.80,5,4161.70,1,4161.60,6,4161.50,9,4162.70,4,4162.80,2,4162.90,5,4163.00,5,4163.10,6,4163.20,4,4163.30,2,4163.40,11,4163.50,13,4163.60,14,Buy,7,2,9,5.00,5.00,0.00,0.30,100.0,4162.40,4162.70,4162.40,4162.70,123,141,264,-18.00,11.00,-36.00,2.60,38.5,-51,453,1.0000,0.0000,-67.00,-198.00,4174.45,-0.9165,DOWN,222.05,1.1889,2.3255
20260619 110803 713,4162.50,1,4162.40,4162.70,0.30,4162.40,4,4162.30,1,4162.20,6,4162.10,3,4162.00,7,4161.90,4,4161.80,5,4161.70,1,4161.60,6,4161.50,9,4162.70,7,4162.80,2,4162.90,5,4163.00,5,4163.10,4,4163.20,4,4163.30,2,4163.40,11,4163.50,13,4163.60,14,Sell,7,3,10,4.00,5.00,0.00,0.30,33.3,4162.40,4162.70,4162.40,4162.50,123,141,264,-18.00,11.00,-36.00,2.60,38.5,-51,453,1.0000,0.2500,-68.00,-199.00,4174.43,-0.9228,DOWN,222.05,1.1889,2.3255
20260619 110803 713,4162.50,1,4162.40,4162.70,0.30,4162.40,4,4162.30,1,4162.20,6,4162.10,3,4162.00,7,4161.90,4,4161.80,5,4161.70,1,4161.60,6,4161.50,9,4162.70,7,4162.80,2,4162.90,5,4163.00,5,4163.10,4,4163.20,4,4163.30,2,4163.40,11,4163.50,13,4163.60,14,Sell,7,4,11,3.00,5.00,0.00,0.30,33.3,4162.40,4162.70,4162.40,4162.50,123,141,264,-18.00,11.00,-36.00,2.60,38.5,-51,453,1.0000,0.6667,-69.00,-200.00,4174.43,-0.9228,DOWN,222.05,1.1889,2.3255
20260619 110803 713,4162.50,1,4162.40,4162.70,0.30,4162.40,4,4162.30,1,4162.20,6,4162.10,3,4162.00,7,4161.90,4,4161.80,5,4161.70,1,4161.60,6,4161.50,9,4162.70,7,4162.80,2,4162.90,5,4163.00,5,4163.10,4,4163.20,4,4163.30,2,4163.40,11,4163.50,13,4163.60,14,Sell,7,5,12,2.00,5.00,0.00,0.30,33.3,4162.40,4162.70,4162.40,4162.50,123,141,264,-18.00,11.00,-36.00,2.60,38.5,-51,453,1.0000,1.5000,-70.00,-201.00,4174.43,-0.9228,DOWN,222.05,1.1889,2.3255
20260619 110804 088,4162.70,3,4162.60,4162.70,0.10,4162.50,3,4162.40,4,4162.30,2,4162.20,6,4162.10,3,4162.00,7,4161.90,4,4161.80,5,4161.70,1,4161.60,6,4162.70,5,4162.80,2,4162.90,7,4163.00,8,4163.10,4,4163.20,4,4163.30,2,4163.40,11,4163.50,13,4163.60,14,Buy,10,5,15,5.00,5.00,0.00,0.30,100.0,4162.40,4162.70,4162.40,4162.70,123,141,264,-18.00,11.00,-36.00,2.60,38.5,-51,453,1.0000,0.0000,-67.00,-198.00,4174.45,-0.9165,DOWN,222.05,1.1889,2.3255
20260619 110804 232,4162.50,1,4162.50,4162.70,0.20,4162.50,1,4162.40,1,4162.30,3,4162.20,6,4162.10,4,4162.00,7,4161.90,4,4161.80,5,4161.70,1,4161.60,6,4162.70,2,4162.90,5,4163.00,8,4163.10,5,4163.20,4,4163.30,2,4163.40,11,4163.50,13,4163.60,14,4163.70,13,Sell,10,6,16,4.00,5.00,0.00,0.30,33.3,4162.40,4162.70,4162.40,4162.50,123,141,264,-18.00,11.00,-36.00,2.60,38.5,-51,453,1.0000,0.2500,-68.00,-199.00,4174.43,-0.9228,DOWN,222.05,1.1889,2.3255
20260619 110804 232,4162.50,1,4162.50,4162.70,0.20,4162.50,1,4162.40,1,4162.30,3,4162.20,6,4162.10,4,4162.00,7,4161.90,4,4161.80,5,4161.70,1,4161.60,6,4162.70,2,4162.90,5,4163.00,8,4163.10,5,4163.20,4,4163.30,2,4163.40,11,4163.50,13,4163.60,14,4163.70,13,Sell,10,7,17,3.00,5.00,0.00,0.30,33.3,4162.40,4162.70,4162.40,4162.50,123,141,264,-18.00,11.00,-36.00,2.60,38.5,-51,453,1.0000,0.6667,-69.00,-200.00,4174.43,-0.9228,DOWN,222.05,1.1889,2.3255
20260619 110804 232,4162.50,1,4162.50,4162.70,0.20,4162.50,1,4162.40,1,4162.30,3,4162.20,6,4162.10,4,4162.00,7,4161.90,4,4161.80,5,4161.70,1,4161.60,6,4162.70,2,4162.90,5,4163.00,8,4163.10,5,4163.20,4,4163.30,2,4163.40,11,4163.50,13,4163.60,14,4163.70,13,Sell,10,8,18,2.00,5.00,0.00,0.30,33.3,4162.40,4162.70,4162.40,4162.50,123,141,264,-18.00,11.00,-36.00,2.60,38.5,-51,453,1.0000,1.5000,-70.00,-201.00,4174.43,-0.9228,DOWN,222.05,1.1889,2.3255
20260619 110804 232,4162.50,1,4162.50,4162.70,0.20,4162.50,1,4162.40,1,4162.30,3,4162.20,6,4162.10,4,4162.00,7,4161.90,4,4161.80,5,4161.70,1,4161.60,6,4162.70,2,4162.90,5,4163.00,8,4163.10,5,4163.20,4,4163.30,2,4163.40,11,4163.50,13,4163.60,14,4163.70,13,Sell,10,9,19,1.00,5.00,0.00,0.30,33.3,4162.40,4162.70,4162.40,4162.50,123,141,264,-18.00,11.00,-36.00,2.60,38.5,-51,453,1.0000,4.0000,-71.00,-202.00,4174.43,-0.9228,DOWN,222.05,1.1889,2.3255
20260619 110804 666,4162.70,1,4162.50,4162.70,0.20,4162.50,2,4162.40,3,4162.30,3,4162.20,5,4162.10,4,4162.00,7,4161.90,4,4161.80,5,4161.70,1,4161.60,6,4162.70,2,4162.80,3,4162.90,6,4163.00,8,4163.10,4,4163.20,4,4163.30,2,4163.40,11,4163.50,13,4163.60,14,Buy,11,9,20,2.00,5.00,0.00,0.30,100.0,4162.40,4162.70,4162.40,4162.70,123,141,264,-18.00,11.00,-36.00,2.60,38.5,-51,453,1.0000,1.5000,-70.00,-201.00,4174.45,-0.9165,DOWN,222.05,1.1889,2.3255
20260619 110805 203,4162.50,1,4162.50,4162.70,0.20,4162.50,1,4162.40,3,4162.30,3,4162.20,5,4162.10,4,4162.00,7,4161.90,4,4161.80,5,4161.70,2,4161.60,6,4162.70,2,4162.80,3,4162.90,6,4163.00,8,4163.10,4,4163.20,4,4163.30,2,4163.40,11,4163.50,13,4163.60,14,Sell,11,10,21,1.00,5.00,0.00,0.30,33.3,4162.40,4162.70,4162.40,4162.50,123,141,264,-18.00,11.00,-36.00,2.60,38.5,-51,453,1.0000,4.0000,-71.00,-202.00,4174.43,-0.9228,DOWN,222.05,1.1889,2.3255
20260619 110805 280,4162.40,1,4162.30,4162.60,0.30,4162.30,3,4162.20,3,4162.10,4,4162.00,7,4161.90,4,4161.80,5,4161.70,2,4161.60,6,4161.50,9,4161.40,12,4162.60,4,4162.70,2,4162.80,3,4162.90,6,4163.00,8,4163.10,5,4163.20,4,4163.30,2,4163.40,11,4163.50,13,Buy,12,10,22,2.00,5.00,0.00,0.30,0.0,4162.40,4162.70,4162.40,4162.40,123,141,264,-18.00,11.00,-36.00,2.60,38.5,-51,453,1.0000,1.5000,-70.00,-201.00,4174.42,-0.9260,DOWN,222.05,1.1889,2.3255
20260619 110806 141,4162.20,1,4162.20,4162.30,0.10,4162.20,1,4162.10,1,4162.00,7,4161.90,4,4161.80,4,4161.70,2,4161.60,6,4161.50,9,4161.40,12,4161.30,14,4162.30,1,4162.40,3,4162.50,5,4162.60,5,4162.70,3,4162.80,3,4162.90,6,4163.00,9,4163.10,5,4163.20,4,Sell,12,11,23,1.00,5.00,0.00,0.50,40.0,4162.40,4162.70,4162.20,4162.20,123,141,264,-18.00,11.00,-36.00,2.60,38.5,-51,453,1.0000,4.0000,-71.00,-202.00,4174.40,-0.9324,DOWN,222.05,1.1889,2.3397
20260619 110807 766,4162.40,1,4162.20,4162.50,0.30,4162.20,4,4162.10,2,4162.00,7,4161.90,4,4161.80,4,4161.70,2,4161.60,6,4161.50,9,4161.40,12,4161.30,14,4162.50,5,4162.60,5,4162.70,3,4162.80,3,4162.90,6,4163.00,9,4163.10,6,4163.20,4,4163.30,7,4163.40,7,Buy,13,11,24,2.00,5.00,0.00,0.50,0.0,4162.40,4162.70,4162.20,4162.40,123,141,264,-18.00,11.00,-36.00,2.60,38.5,-51,453,1.0000,1.5000,-70.00,-201.00,4174.42,-0.9260,DOWN,222.05,1.1889,2.3397
20260619 110807 766,4162.40,1,4162.20,4162.50,0.30,4162.20,4,4162.10,2,4162.00,7,4161.90,4,4161.80,4,4161.70,2,4161.60,6,4161.50,9,4161.40,12,4161.30,14,4162.50,5,4162.60,5,4162.70,3,4162.80,3,4162.90,6,4163.00,9,4163.10,6,4163.20,4,4163.30,7,4163.40,7,Buy,14,11,25,3.00,5.00,0.00,0.50,0.0,4162.40,4162.70,4162.20,4162.40,123,141,264,-18.00,11.00,-36.00,2.60,38.5,-51,453,1.0000,0.6667,-69.00,-200.00,4174.42,-0.9260,DOWN,222.05,1.1889,2.3397
20260619 110807 873,4162.50,1,4162.30,4162.50,0.20,4162.30,3,4162.20,4,4162.10,2,4162.00,7,4161.90,4,4161.80,4,4161.70,2,4161.60,6,4161.50,9,4161.40,12,4162.50,4,4162.60,5,4162.70,3,4162.80,3,4162.90,6,4163.00,9,4163.10,6,4163.20,4,4163.30,7,4163.40,7,Buy,15,11,26,4.00,5.00,0.00,0.50,20.0,4162.40,4162.70,4162.20,4162.50,123,141,264,-18.00,11.00,-36.00,2.60,38.5,-51,453,1.0000,0.2500,-68.00,-199.00,4174.43,-0.9228,DOWN,222.05,1.1889,2.3397
20260619 110807 873,4162.50,1,4162.30,4162.60,0.30,4162.30,4,4162.20,4,4162.10,3,4162.00,7,4161.90,4,4161.80,4,4161.70,2,4161.60,6,4161.50,9,4161.40,12,4162.60,3,4162.70,2,4162.80,3,4162.90,7,4163.00,9,4163.10,6,4163.20,4,4163.30,2,4163.40,7,4163.50,9,Buy,16,11,27,5.00,5.00,0.00,0.50,20.0,4162.40,4162.70,4162.20,4162.50,123,141,264,-18.00,11.00,-36.00,2.60,38.5,-51,453,1.0000,0.0000,-67.00,-198.00,4174.43,-0.9228,DOWN,222.05,1.1889,2.3397
20260619 110807 873,4162.50,1,4162.30,4162.60,0.30,4162.30,4,4162.20,4,4162.10,3,4162.00,7,4161.90,4,4161.80,4,4161.70,2,4161.60,6,4161.50,9,4161.40,12,4162.60,3,4162.70,2,4162.80,3,4162.90,7,4163.00,9,4163.10,6,4163.20,4,4163.30,2,4163.40,7,4163.50,9,Buy,17,11,28,6.00,6.00,0.00,0.50,20.0,4162.40,4162.70,4162.20,4162.50,123,141,264,-18.00,11.00,-36.00,2.60,38.5,-51,453,1.0000,0.0000,-66.00,-197.00,4174.43,-0.9228,DOWN,222.05,1.1889,2.3397
20260619 110808 134,4162.40,1,4162.50,4162.70,0.20,4162.50,2,4162.40,2,4162.30,4,4162.20,5,4162.10,4,4162.00,7,4161.90,4,4161.80,4,4161.70,2,4161.60,6,4162.70,2,4162.80,3,4162.90,7,4163.00,9,4163.10,6,4163.20,4,4163.30,2,4163.40,7,4163.50,9,4163.60,10,Buy,18,11,29,7.00,7.00,0.00,0.50,0.0,4162.40,4162.70,4162.20,4162.40,123,141,264,-18.00,11.00,-36.00,2.60,38.5,-51,453,1.0000,0.0000,-65.00,-196.00,4174.42,-0.9260,DOWN,222.05,1.1889,2.3397
20260619 110808 134,4162.40,1,4162.50,4162.70,0.20,4162.50,2,4162.40,2,4162.30,4,4162.20,5,4162.10,4,4162.00,7,4161.90,4,4161.80,4,4161.70,2,4161.60,6,4162.70,2,4162.80,3,4162.90,7,4163.00,9,4163.10,6,4163.20,4,4163.30,2,4163.40,7,4163.50,9,4163.60,10,Buy,19,11,30,8.00,8.00,0.00,0.50,0.0,4162.40,4162.70,4162.20,4162.40,123,141,264,-18.00,11.00,-36.00,2.60,38.5,-51,453,1.0000,0.0000,-64.00,-195.00,4174.42,-0.9260,DOWN,222.05,1.1889,2.3397
20260619 110808 135,4162.50,1,4162.50,4162.70,0.20,4162.50,2,4162.40,2,4162.30,4,4162.20,5,4162.10,4,4162.00,7,4161.90,4,4161.80,4,4161.70,2,4161.60,6,4162.70,2,4162.80,3,4162.90,7,4163.00,9,4163.10,6,4163.20,4,4163.30,2,4163.40,7,4163.50,9,4163.60,10,Buy,20,11,31,9.00,9.00,0.00,0.50,20.0,4162.40,4162.70,4162.20,4162.50,123,141,264,-18.00,11.00,-36.00,2.60,38.5,-51,453,1.0000,0.0000,-63.00,-194.00,4174.43,-0.9228,DOWN,222.05,1.1889,2.3397
20260619 110808 135,4162.50,1,4162.50,4162.70,0.20,4162.50,2,4162.40,2,4162.30,4,4162.20,5,4162.10,4,4162.00,7,4161.90,4,4161.80,4,4161.70,2,4161.60,6,4162.70,2,4162.80,3,4162.90,7,4163.00,9,4163.10,6,4163.20,4,4163.30,2,4163.40,7,4163.50,9,4163.60,10,Buy,21,11,32,10.00,10.00,0.00,0.50,20.0,4162.40,4162.70,4162.20,4162.50,123,141,264,-18.00,11.00,-36.00,2.60,38.5,-51,453,1.0000,0.0000,-62.00,-193.00,4174.43,-0.9228,DOWN,222.05,1.1889,2.3397
20260619 110808 136,4162.60,1,4162.50,4162.70,0.20,4162.50,2,4162.40,2,4162.30,4,4162.20,5,4162.10,4,4162.00,7,4161.90,4,4161.80,4,4161.70,2,4161.60,6,4162.70,2,4162.80,3,4162.90,7,4163.00,9,4163.10,6,4163.20,4,4163.30,2,4163.40,7,4163.50,9,4163.60,10,Buy,22,11,33,11.00,11.00,0.00,0.50,40.0,4162.40,4162.70,4162.20,4162.60,123,141,264,-18.00,11.00,-36.00,2.60,38.5,-51,453,1.0000,0.0000,-61.00,-192.00,4174.44,-0.9197,DOWN,222.05,1.1889,2.3397
20260619 110808 192,4162.50,1,4162.50,4162.70,0.20,4162.50,1,4162.40,2,4162.30,4,4162.20,5,4162.10,4,4162.00,7,4161.90,4,4161.80,4,4161.70,2,4161.60,6,4162.70,2,4162.80,3,4162.90,7,4163.00,9,4163.10,6,4163.20,4,4163.30,2,4163.40,7,4163.50,9,4163.60,10,Sell,22,12,34,10.00,11.00,0.00,0.50,20.0,4162.40,4162.70,4162.20,4162.50,123,141,264,-18.00,11.00,-36.00,2.60,38.5,-51,453,1.0000,0.1000,-62.00,-193.00,4174.43,-0.9228,DOWN,222.05,1.1889,2.3397
20260619 110808 284,4162.50,1,4162.50,4162.60,0.10,4162.50,2,4162.40,2,4162.30,4,4162.20,5,4162.10,4,4162.00,7,4161.90,4,4161.80,4,4161.70,2,4161.60,6,4162.70,2,4162.80,3,4162.90,7,4163.00,9,4163.10,6,4163.20,4,4163.30,2,4163.40,7,4163.50,9,4163.60,10,Sell,22,13,35,9.00,11.00,0.00,0.50,20.0,4162.40,4162.70,4162.20,4162.50,123,141,264,-18.00,11.00,-36.00,2.60,38.5,-51,453,1.0000,0.2222,-63.00,-194.00,4174.43,-0.9228,DOWN,222.05,1.1889,2.3397
20260619 110808 991,4162.40,1,4162.40,4162.60,0.20,4162.30,4,4162.20,6,4162.10,5,4162.00,7,4161.90,4,4161.80,4,4161.70,1,4161.60,7,4161.50,9,4161.40,12,4162.60,2,4162.70,2,4162.80,3,4162.90,7,4163.00,9,4163.10,6,4163.20,4,4163.30,2,4163.40,7,4163.50,9,Sell,22,14,36,8.00,11.00,0.00,0.50,0.0,4162.40,4162.70,4162.20,4162.40,123,141,264,-18.00,11.00,-36.00,2.60,38.5,-51,453,1.0000,0.3750,-64.00,-195.00,4174.42,-0.9260,DOWN,222.05,1.1889,2.3397
20260619 110808 991,4162.40,1,4162.40,4162.60,0.20,4162.30,4,4162.20,6,4162.10,5,4162.00,7,4161.90,4,4161.80,4,4161.70,1,4161.60,7,4161.50,9,4161.40,12,4162.60,2,4162.70,2,4162.80,3,4162.90,7,4163.00,9,4163.10,6,4163.20,4,4163.30,2,4163.40,7,4163.50,9,Sell,22,15,37,7.00,11.00,0.00,0.50,0.0,4162.40,4162.70,4162.20,4162.40,123,141,264,-18.00,11.00,-36.00,2.60,38.5,-51,453,1.0000,0.5714,-65.00,-196.00,4174.42,-0.9260,DOWN,222.05,1.1889,2.3397
20260619 110808 991,4162.30,1,4162.40,4162.60,0.20,4162.30,4,4162.20,6,4162.10,5,4162.00,7,4161.90,4,4161.80,4,4161.70,1,4161.60,7,4161.50,9,4161.40,12,4162.60,2,4162.70,2,4162.80,3,4162.90,7,4163.00,9,4163.10,6,4163.20,4,4163.30,2,4163.40,7,4163.50,9,Sell,22,16,38,6.00,11.00,0.00,0.50,20.0,4162.40,4162.70,4162.20,4162.30,123,141,264,-18.00,11.00,-36.00,2.60,38.5,-51,453,1.0000,0.8333,-66.00,-197.00,4174.41,-0.9292,DOWN,222.05,1.1889,2.3397
20260619 110809 336,4162.30,1,4162.30,4162.10,0.00,4162.30,3,4162.20,6,4162.10,5,4162.00,7,4161.90,4,4161.80,4,4161.70,1,4161.60,7,4161.50,9,4161.40,12,4162.50,4,4162.60,3,4162.70,2,4162.80,3,4162.90,7,4163.00,9,4163.10,6,4163.20,4,4163.30,2,4163.40,7,Sell,22,17,39,5.00,11.00,0.00,0.50,20.0,4162.40,4162.70,4162.20,4162.30,123,141,264,-18.00,11.00,-36.00,2.60,38.5,-51,453,1.0000,1.2000,-67.00,-198.00,4174.41,-0.9292,DOWN,222.05,1.1889,2.3397
20260619 110809 342,4162.20,1,4162.30,4162.10,0.00,4162.30,3,4162.20,6,4162.10,5,4162.00,7,4161.90,4,4161.80,4,4161.70,1,4161.60,7,4161.50,9,4161.40,12,4162.50,4,4162.60,3,4162.70,2,4162.80,3,4162.90,7,4163.00,9,4163.10,6,4163.20,4,4163.30,2,4163.40,7,Sell,22,18,40,4.00,11.00,0.00,0.50,40.0,4162.40,4162.70,4162.20,4162.20,123,141,264,-18.00,11.00,-36.00,2.60,38.5,-51,453,1.0000,1.7500,-68.00,-199.00,4174.40,-0.9324,DOWN,222.05,1.1889,2.3397
20260619 110809 344,4162.10,1,4162.30,4162.10,0.00,4162.30,3,4162.20,6,4162.10,5,4162.00,7,4161.90,4,4161.80,4,4161.70,1,4161.60,7,4161.50,9,4161.40,12,4162.50,4,4162.60,3,4162.70,2,4162.80,3,4162.90,7,4163.00,9,4163.10,6,4163.20,4,4163.30,2,4163.40,7,Sell,22,19,41,3.00,11.00,0.00,0.60,50.0,4162.40,4162.70,4162.10,4162.10,123,141,264,-18.00,11.00,-36.00,2.60,38.5,-51,453,1.0000,2.6667,-69.00,-200.00,4174.40,-0.9355,DOWN,222.05,1.1889,2.3469
20260619 110809 345,4162.20,1,4162.30,4162.30,0.00,4162.10,1,4162.00,5,4161.90,2,4161.80,3,4161.70,2,4161.60,7,4161.50,4,4161.40,7,4161.30,9,4161.20,10,4162.30,3,4162.40,6,4162.50,5,4162.60,6,4162.70,3,4162.80,4,4162.90,9,4163.00,9,4163.10,10,4163.20,8,Buy,23,19,42,4.00,11.00,0.00,0.60,33.3,4162.40,4162.70,4162.10,4162.20,123,141,264,-18.00,11.00,-36.00,2.60,38.5,-51,453,1.0000,1.7500,-68.00,-199.00,4174.40,-0.9324,DOWN,222.05,1.1889,2.3469
20260619 110809 346,4162.00,1,4162.10,4162.30,0.20,4162.10,1,4162.00,5,4161.90,2,4161.80,3,4161.70,2,4161.60,7,4161.50,4,4161.40,7,4161.30,9,4161.20,10,4162.30,3,4162.40,6,4162.50,5,4162.60,6,4162.70,3,4162.80,4,4162.90,9,4163.00,9,4163.10,10,4163.20,8,Sell,23,20,43,3.00,11.00,0.00,0.70,57.1,4162.40,4162.70,4162.00,4162.00,123,141,264,-18.00,11.00,-36.00,2.60,38.5,-51,453,1.0000,2.6667,-69.00,-200.00,4174.39,-0.9387,DOWN,222.05,1.1889,2.3540
20260619 110809 346,4162.00,1,4162.10,4162.30,0.20,4162.10,1,4162.00,5,4161.90,2,4161.80,3,4161.70,2,4161.60,7,4161.50,4,4161.40,7,4161.30,9,4161.20,10,4162.30,3,4162.40,6,4162.50,5,4162.60,6,4162.70,3,4162.80,4,4162.90,9,4163.00,9,4163.10,10,4163.20,8,Sell,23,21,44,2.00,11.00,0.00,0.70,57.1,4162.40,4162.70,4162.00,4162.00,123,141,264,-18.00,11.00,-36.00,2.60,38.5,-51,453,1.0000,4.5000,-70.00,-201.00,4174.39,-0.9387,DOWN,222.05,1.1889,2.3540
20260619 110809 349,4162.10,1,4162.10,4162.30,0.20,4162.10,1,4162.00,5,4161.90,2,4161.80,3,4161.70,2,4161.60,7,4161.50,4,4161.40,7,4161.30,9,4161.20,10,4162.30,3,4162.40,6,4162.50,5,4162.60,6,4162.70,3,4162.80,4,4162.90,9,4163.00,9,4163.10,10,4163.20,8,Buy,24,21,45,3.00,11.00,0.00,0.70,42.9,4162.40,4162.70,4162.00,4162.10,123,141,264,-18.00,11.00,-36.00,2.60,38.5,-51,453,1.0000,2.6667,-69.00,-200.00,4174.40,-0.9355,DOWN,222.05,1.1889,2.3540
20260619 110809 350,4162.10,1,4162.10,4162.30,0.20,4162.10,1,4162.00,5,4161.90,2,4161.80,3,4161.70,2,4161.60,7,4161.50,4,4161.40,7,4161.30,9,4161.20,10,4162.30,3,4162.40,6,4162.50,5,4162.60,6,4162.70,3,4162.80,4,4162.90,9,4163.00,9,4163.10,10,4163.20,8,Buy,25,21,46,4.00,11.00,0.00,0.70,42.9,4162.40,4162.70,4162.00,4162.10,123,141,264,-18.00,11.00,-36.00,2.60,38.5,-51,453,1.0000,1.7500,-68.00,-199.00,4174.40,-0.9355,DOWN,222.05,1.1889,2.3540
20260619 110810 495,4162.30,1,4162.00,4162.20,0.20,4162.00,5,4161.90,3,4161.80,4,4161.70,2,4161.60,7,4161.50,4,4161.40,7,4161.30,14,4161.20,10,4161.10,9,4162.20,2,4162.30,3,4162.40,3,4162.50,6,4162.60,4,4162.70,4,4162.80,4,4162.90,9,4163.00,9,4163.10,5,Sell,25,22,47,3.00,11.00,0.00,0.70,14.3,4162.40,4162.70,4162.00,4162.30,123,141,264,-18.00,11.00,-36.00,2.60,38.5,-51,453,1.0000,2.6667,-69.00,-200.00,4174.41,-0.9292,DOWN,222.05,1.1889,2.3540
20260619 110810 522,4162.30,1,4162.00,4162.20,0.20,4162.00,5,4161.90,3,4161.80,4,4161.70,2,4161.60,7,4161.50,4,4161.40,7,4161.30,14,4161.20,10,4161.10,9,4162.20,2,4162.30,3,4162.40,3,4162.50,6,4162.60,4,4162.70,4,4162.80,4,4162.90,9,4163.00,9,4163.10,5,Sell,25,23,48,2.00,11.00,0.00,0.70,14.3,4162.40,4162.70,4162.00,4162.30,123,141,264,-18.00,11.00,-36.00,2.60,38.5,-51,453,1.0000,4.5000,-70.00,-201.00,4174.41,-0.9292,DOWN,222.05,1.1889,2.3540
20260619 110810 559,4162.00,1,4162.00,4162.20,0.20,4162.00,3,4161.90,2,4161.80,4,4161.70,2,4161.60,7,4161.50,4,4161.40,7,4161.30,14,4161.20,10,4161.10,9,4162.20,3,4162.30,4,4162.40,4,4162.50,7,4162.60,5,4162.70,4,4162.80,4,4162.90,9,4163.00,9,4163.10,10,Sell,25,24,49,1.00,11.00,0.00,0.70,57.1,4162.40,4162.70,4162.00,4162.00,123,141,264,-18.00,11.00,-36.00,2.60,38.5,-51,453,1.0000,10.0000,-71.00,-202.00,4174.39,-0.9387,DOWN,222.05,1.1889,2.3540
20260619 110811 180,4162.10,1,4161.60,4161.90,0.30,4161.60,4,4161.50,2,4161.40,6,4161.30,9,4161.20,5,4161.10,4,4161.00,8,4160.90,6,4160.80,11,4160.70,8,4161.90,4,4162.00,3,4162.10,5,4162.20,6,4162.30,6,4162.40,4,4162.50,7,4162.60,6,4162.70,4,4162.80,8,Sell,25,25,50,0.00,11.00,0.00,0.70,42.9,4162.40,4162.70,4162.00,4162.10,123,141,264,-18.00,11.00,-36.00,2.60,38.5,-51,453,1.0000,11.0000,-72.00,-203.00,4174.40,-0.9355,DOWN,222.05,1.1889,2.3540
20260619 110811 180,4162.10,1,4161.40,4161.50,0.10,4161.40,1,4161.30,7,4161.20,4,4161.10,5,4161.00,8,4160.90,6,4160.80,6,4160.70,8,4160.60,9,4160.50,14,4161.50,1,4161.60,5,4161.70,2,4161.80,5,4161.90,5,4162.00,5,4162.10,7,4162.20,8,4162.30,7,4162.40,9,Sell,25,26,51,-1.00,11.00,-1.00,0.70,42.9,4162.40,4162.70,4162.00,4162.10,123,141,264,-18.00,11.00,-36.00,2.60,38.5,-51,453,1.0000,0.0000,-73.00,-204.00,4174.40,-0.9355,DOWN,222.05,1.1889,2.3540
20260619 110811 180,4162.10,1,4161.40,4161.50,0.10,4161.40,1,4161.30,7,4161.20,4,4161.10,5,4161.00,8,4160.90,6,4160.80,6,4160.70,8,4160.60,9,4160.50,14,4161.50,1,4161.60,5,4161.70,2,4161.80,5,4161.90,5,4162.00,5,4162.10,7,4162.20,8,4162.30,7,4162.40,9,Sell,25,27,52,-2.00,11.00,-2.00,0.70,42.9,4162.40,4162.70,4162.00,4162.10,123,141,264,-18.00,11.00,-36.00,2.60,38.5,-51,453,1.0000,0.0000,-74.00,-205.00,4174.40,-0.9355,DOWN,222.05,1.1889,2.3540
20260619 110811 183,4162.00,1,4161.40,4161.50,0.10,4161.40,1,4161.30,7,4161.20,4,4161.10,5,4161.00,8,4160.90,6,4160.80,6,4160.70,8,4160.60,9,4160.50,14,4161.50,1,4161.60,5,4161.70,2,4161.80,5,4161.90,5,4162.00,5,4162.10,7,4162.20,8,4162.30,7,4162.40,9,Sell,25,28,53,-3.00,11.00,-3.00,0.70,57.1,4162.40,4162.70,4162.00,4162.00,123,141,264,-18.00,11.00,-36.00,2.60,38.5,-51,453,1.0000,0.0000,-75.00,-206.00,4174.39,-0.9387,DOWN,222.05,1.1889,2.3540
20260619 110811 185,4162.00,1,4161.40,4161.50,0.10,4161.40,1,4161.30,7,4161.20,4,4161.10,5,4161.00,8,4160.90,6,4160.80,6,4160.70,8,4160.60,9,4160.50,14,4161.50,1,4161.60,5,4161.70,2,4161.80,5,4161.90,5,4162.00,5,4162.10,7,4162.20,8,4162.30,7,4162.40,9,Sell,25,29,54,-4.00,11.00,-4.00,0.70,57.1,4162.40,4162.70,4162.00,4162.00,123,141,264,-18.00,11.00,-36.00,2.60,38.5,-51,453,1.0000,0.0000,-76.00,-207.00,4174.39,-0.9387,DOWN,222.05,1.1889,2.3540
20260619 110811 185,4162.00,1,4161.40,4161.50,0.10,4161.40,1,4161.30,7,4161.20,4,4161.10,5,4161.00,8,4160.90,6,4160.80,6,4160.70,8,4160.60,9,4160.50,14,4161.50,1,4161.60,5,4161.70,2,4161.80,5,4161.90,5,4162.00,5,4162.10,7,4162.20,8,4162.30,7,4162.40,9,Sell,25,30,55,-5.00,11.00,-5.00,0.70,57.1,4162.40,4162.70,4162.00,4162.00,123,141,264,-18.00,11.00,-36.00,2.60,38.5,-51,453,1.0000,0.0000,-77.00,-208.00,4174.39,-0.9387,DOWN,222.05,1.1889,2.3540
20260619 110811 186,4161.90,1,4161.40,4161.50,0.10,4161.40,1,4161.30,7,4161.20,4,4161.10,5,4161.00,8,4160.90,6,4160.80,6,4160.70,8,4160.60,9,4160.50,14,4161.50,1,4161.60,5,4161.70,2,4161.80,5,4161.90,5,4162.00,5,4162.10,7,4162.20,8,4162.30,7,4162.40,9,Sell,25,31,56,-6.00,11.00,-6.00,0.80,62.5,4162.40,4162.70,4161.90,4161.90,123,141,264,-18.00,11.00,-36.00,2.60,38.5,-51,453,1.0000,0.0000,-78.00,-209.00,4174.38,-0.9419,DOWN,222.05,1.1889,2.3612
20260619 110811 195,4161.80,1,4161.40,4161.50,0.10,4161.40,1,4161.30,7,4161.20,4,4161.10,5,4161.00,8,4160.90,6,4160.80,6,4160.70,8,4160.60,9,4160.50,14,4161.50,1,4161.60,5,4161.70,2,4161.80,5,4161.90,5,4162.00,5,4162.10,7,4162.20,8,4162.30,7,4162.40,9,Sell,25,32,57,-7.00,11.00,-7.00,0.90,66.7,4162.40,4162.70,4161.80,4161.80,123,141,264,-18.00,11.00,-36.00,2.60,38.5,-51,453,1.0000,0.0000,-79.00,-210.00,4174.37,-0.9451,DOWN,222.05,1.1889,2.3683
20260619 110811 199,4161.70,1,4161.40,4161.50,0.10,4161.40,1,4161.30,7,4161.20,4,4161.10,5,4161.00,8,4160.90,6,4160.80,6,4160.70,8,4160.60,9,4160.50,14,4161.50,1,4161.60,5,4161.70,2,4161.80,5,4161.90,5,4162.00,5,4162.10,7,4162.20,8,4162.30,7,4162.40,9,Buy,26,32,58,-6.00,11.00,-7.00,1.00,70.0,4162.40,4162.70,4161.70,4161.70,123,141,264,-18.00,11.00,-36.00,2.60,38.5,-51,453,1.0000,0.1667,-78.00,-209.00,4174.36,-0.9482,DOWN,222.05,1.1889,2.3755
20260619 110811 213,4161.70,1,4161.40,4161.50,0.10,4161.40,1,4161.30,7,4161.20,4,4161.10,5,4161.00,8,4160.90,6,4160.80,6,4160.70,8,4160.60,9,4160.50,14,4161.50,1,4161.60,5,4161.70,2,4161.80,5,4161.90,5,4162.00,5,4162.10,7,4162.20,8,4162.30,7,4162.40,9,Buy,27,32,59,-5.00,11.00,-7.00,1.00,70.0,4162.40,4162.70,4161.70,4161.70,123,141,264,-18.00,11.00,-36.00,2.60,38.5,-51,453,1.0000,0.4000,-77.00,-208.00,4174.36,-0.9482,DOWN,222.05,1.1889,2.3755
20260619 110811 230,4161.60,1,4161.40,4161.50,0.10,4161.40,1,4161.30,7,4161.20,4,4161.10,5,4161.00,8,4160.90,6,4160.80,6,4160.70,8,4160.60,9,4160.50,14,4161.50,1,4161.60,5,4161.70,2,4161.80,5,4161.90,5,4162.00,5,4162.10,7,4162.20,8,4162.30,7,4162.40,9,Sell,27,33,60,-6.00,11.00,-7.00,1.10,72.7,4162.40,4162.70,4161.60,4161.60,123,141,264,-18.00,11.00,-36.00,2.60,38.5,-51,453,1.0000,0.1667,-78.00,-209.00,4174.35,-0.9514,DOWN,222.05,1.1889,2.3826
20260619 110811 230,4161.60,1,4161.40,4161.50,0.10,4161.40,1,4161.30,7,4161.20,4,4161.10,5,4161.00,8,4160.90,6,4160.80,6,4160.70,8,4160.60,9,4160.50,14,4161.50,1,4161.60,5,4161.70,2,4161.80,5,4161.90,5,4162.00,5,4162.10,7,4162.20,8,4162.30,7,4162.40,9,Sell,27,34,61,-7.00,11.00,-7.00,1.10,72.7,4162.40,4162.70,4161.60,4161.60,123,141,264,-18.00,11.00,-36.00,2.60,38.5,-51,453,1.0000,0.0000,-79.00,-210.00,4174.35,-0.9514,DOWN,222.05,1.1889,2.3826
20260619 110811 230,4161.60,1,4161.40,4161.50,0.10,4161.40,1,4161.30,7,4161.20,4,4161.10,5,4161.00,8,4160.90,6,4160.80,6,4160.70,8,4160.60,9,4160.50,14,4161.50,1,4161.60,5,4161.70,2,4161.80,5,4161.90,5,4162.00,5,4162.10,7,4162.20,8,4162.30,7,4162.40,9,Sell,27,35,62,-8.00,11.00,-8.00,1.10,72.7,4162.40,4162.70,4161.60,4161.60,123,141,264,-18.00,11.00,-36.00,2.60,38.5,-51,453,1.0000,0.0000,-80.00,-211.00,4174.35,-0.9514,DOWN,222.05,1.1889,2.3826
20260619 110811 251,4161.50,1,4161.30,4161.50,0.20,4161.30,3,4161.20,3,4161.10,4,4161.00,8,4160.90,6,4160.80,6,4160.70,3,4160.60,9,4160.50,14,4160.40,10,4161.50,5,4161.60,6,4161.70,3,4161.80,5,4161.90,5,4162.00,5,4162.10,7,4162.20,8,4162.30,7,4162.40,9,Sell,27,36,63,-9.00,11.00,-9.00,1.20,75.0,4162.40,4162.70,4161.50,4161.50,123,141,264,-18.00,11.00,-36.00,2.60,38.5,-51,453,1.0000,0.0000,-81.00,-212.00,4174.34,-0.9546,DOWN,222.05,1.1889,2.3897
20260619 110811 303,4161.40,1,4161.30,4161.50,0.20,4161.30,3,4161.20,3,4161.10,4,4161.00,8,4160.90,6,4160.80,6,4160.70,3,4160.60,9,4160.50,14,4160.40,10,4161.50,5,4161.60,6,4161.70,3,4161.80,5,4161.90,5,4162.00,5,4162.10,7,4162.20,8,4162.30,7,4162.40,9,Sell,27,37,64,-10.00,11.00,-10.00,1.30,76.9,4162.40,4162.70,4161.40,4161.40,123,141,264,-18.00,11.00,-36.00,2.60,38.5,-51,453,1.0000,0.0000,-82.00,-213.00,4174.33,-0.9578,DOWN,222.05,1.1889,2.3969
20260619 110811 303,4161.30,1,4161.30,4161.50,0.20,4161.30,3,4161.20,3,4161.10,4,4161.00,8,4160.90,6,4160.80,6,4160.70,3,4160.60,9,4160.50,14,4160.40,10,4161.50,5,4161.60,6,4161.70,3,4161.80,5,4161.90,5,4162.00,5,4162.10,7,4162.20,8,4162.30,7,4162.40,9,Sell,27,38,65,-11.00,11.00,-11.00,1.40,78.6,4162.40,4162.70,4161.30,4161.30,123,141,264,-18.00,11.00,-36.00,2.60,38.5,-51,453,1.0000,0.0000,-83.00,-214.00,4174.32,-0.9609,DOWN,222.05,1.1889,2.4040
20260619 110811 303,4161.30,1,4161.30,4161.50,0.20,4161.30,3,4161.20,3,4161.10,4,4161.00,8,4160.90,6,4160.80,6,4160.70,3,4160.60,9,4160.50,14,4160.40,10,4161.50,5,4161.60,6,4161.70,3,4161.80,5,4161.90,5,4162.00,5,4162.10,7,4162.20,8,4162.30,7,4162.40,9,Sell,27,39,66,-12.00,11.00,-12.00,1.40,78.6,4162.40,4162.70,4161.30,4161.30,123,141,264,-18.00,11.00,-36.00,2.60,38.5,-51,453,1.0000,0.0000,-84.00,-215.00,4174.32,-0.9609,DOWN,222.05,1.1889,2.4040
20260619 110811 303,4161.30,1,4161.30,4161.50,0.20,4161.30,3,4161.20,3,4161.10,4,4161.00,8,4160.90,6,4160.80,6,4160.70,3,4160.60,9,4160.50,14,4160.40,10,4161.50,5,4161.60,6,4161.70,3,4161.80,5,4161.90,5,4162.00,5,4162.10,7,4162.20,8,4162.30,7,4162.40,9,Sell,27,40,67,-13.00,11.00,-13.00,1.40,78.6,4162.40,4162.70,4161.30,4161.30,123,141,264,-18.00,11.00,-36.00,2.60,38.5,-51,453,1.0000,0.0000,-85.00,-216.00,4174.32,-0.9609,DOWN,222.05,1.1889,2.4040
20260619 110811 323,4161.30,1,4161.30,4161.40,0.10,4161.30,2,4161.20,3,4161.10,4,4161.00,8,4160.90,6,4160.80,6,4160.70,3,4160.60,9,4160.50,14,4160.40,10,4161.40,2,4161.50,5,4161.60,5,4161.70,3,4161.80,5,4161.90,5,4162.00,5,4162.10,7,4162.20,8,4162.30,7,Sell,27,41,68,-14.00,11.00,-14.00,1.40,78.6,4162.40,4162.70,4161.30,4161.30,123,141,264,-18.00,11.00,-36.00,2.60,38.5,-51,453,1.0000,0.0000,-86.00,-217.00,4174.32,-0.9609,DOWN,222.05,1.1889,2.4040
20260619 110811 444,4161.40,1,4161.30,4161.50,0.20,4161.30,3,4161.20,3,4161.10,4,4161.00,8,4160.90,6,4160.80,6,4160.70,3,4160.60,9,4160.50,14,4160.40,10,4161.50,1,4161.60,5,4161.70,3,4161.80,5,4161.90,5,4162.00,5,4162.10,7,4162.20,9,4162.30,8,4162.40,8,Buy,28,41,69,-13.00,11.00,-14.00,1.40,71.4,4162.40,4162.70,4161.30,4161.40,123,141,264,-18.00,11.00,-36.00,2.60,38.5,-51,453,1.0000,0.0769,-85.00,-216.00,4174.33,-0.9578,DOWN,222.05,1.1889,2.4040
20260619 110811 444,4161.40,1,4161.30,4161.50,0.20,4161.30,3,4161.20,3,4161.10,4,4161.00,8,4160.90,6,4160.80,6,4160.70,3,4160.60,9,4160.50,14,4160.40,10,4161.50,1,4161.60,5,4161.70,3,4161.80,5,4161.90,5,4162.00,5,4162.10,7,4162.20,9,4162.30,8,4162.40,8,Buy,29,41,70,-12.00,11.00,-14.00,1.40,71.4,4162.40,4162.70,4161.30,4161.40,123,141,264,-18.00,11.00,-36.00,2.60,38.5,-51,453,1.0000,0.1667,-84.00,-215.00,4174.33,-0.9578,DOWN,222.05,1.1889,2.4040
20260619 110811 657,4161.40,1,4161.40,4161.60,0.20,4161.40,3,4161.30,5,4161.20,3,4161.10,5,4161.00,8,4160.90,6,4160.80,6,4160.70,3,4160.60,9,4160.50,14,4161.60,1,4161.70,2,4161.80,4,4161.90,5,4162.00,5,4162.10,7,4162.20,9,4162.30,8,4162.40,8,4162.50,11,Sell,29,42,71,-13.00,11.00,-14.00,1.40,71.4,4162.40,4162.70,4161.30,4161.40,123,141,264,-18.00,11.00,-36.00,2.60,38.5,-51,453,1.0000,0.0769,-85.00,-216.00,4174.33,-0.9578,DOWN,222.05,1.1889,2.4040
20260619 110811 657,4161.30,1,4161.40,4161.60,0.20,4161.40,3,4161.30,5,4161.20,3,4161.10,5,4161.00,8,4160.90,6,4160.80,6,4160.70,3,4160.60,9,4160.50,14,4161.60,1,4161.70,2,4161.80,4,4161.90,5,4162.00,5,4162.10,7,4162.20,9,4162.30,8,4162.40,8,4162.50,11,Sell,29,43,72,-14.00,11.00,-14.00,1.40,78.6,4162.40,4162.70,4161.30,4161.30,123,141,264,-18.00,11.00,-36.00,2.60,38.5,-51,453,1.0000,0.0000,-86.00,-217.00,4174.32,-0.9609,DOWN,222.05,1.1889,2.4040
20260619 110812 500,4161.30,1,4161.30,4161.40,0.10,4161.30,1,4161.20,3,4161.10,4,4161.00,8,4160.90,5,4160.80,6,4160.70,3,4160.60,9,4160.50,14,4160.40,10,4161.40,2,4161.50,3,4161.60,5,4161.70,3,4161.80,4,4161.90,5,4162.00,5,4162.10,7,4162.20,9,4162.30,8,Sell,29,44,73,-15.00,11.00,-15.00,1.40,78.6,4162.40,4162.70,4161.30,4161.30,123,141,264,-18.00,11.00,-36.00,2.60,38.5,-51,453,1.0000,0.0000,-87.00,-218.00,4174.32,-0.9609,DOWN,222.05,1.1889,2.4040
20260619 110812 500,4161.30,1,4161.30,4161.40,0.10,4161.30,1,4161.20,3,4161.10,4,4161.00,8,4160.90,5,4160.80,6,4160.70,3,4160.60,9,4160.50,14,4160.40,10,4161.40,2,4161.50,3,4161.60,5,4161.70,3,4161.80,4,4161.90,5,4162.00,5,4162.10,7,4162.20,9,4162.30,8,Sell,29,45,74,-16.00,11.00,-16.00,1.40,78.6,4162.40,4162.70,4161.30,4161.30,123,141,264,-18.00,11.00,-36.00,2.60,38.5,-51,453,1.0000,0.0000,-88.00,-219.00,4174.32,-0.9609,DOWN,222.05,1.1889,2.4040
20260619 110812 513,4161.40,1,4161.30,4161.50,0.20,4161.40,2,4161.30,5,4161.20,5,4161.10,4,4161.00,8,4160.90,5,4160.80,6,4160.70,3,4160.60,4,4160.50,14,4161.60,3,4161.70,2,4161.80,4,4161.90,4,4162.00,5,4162.10,7,4162.20,9,4162.30,12,4162.40,8,4162.50,11,Buy,30,45,75,-15.00,11.00,-16.00,1.40,71.4,4162.40,4162.70,4161.30,4161.40,123,141,264,-18.00,11.00,-36.00,2.60,38.5,-51,453,1.0000,0.0667,-87.00,-218.00,4174.33,-0.9578,DOWN,222.05,1.1889,2.4040
20260619 110812 513,4161.40,1,4161.40,4161.60,0.20,4161.40,1,4161.30,4,4161.20,5,4161.10,4,4161.00,8,4160.90,5,4160.80,6,4160.70,3,4160.60,4,4160.50,14,4161.60,3,4161.70,2,4161.80,4,4161.90,5,4162.00,5,4162.10,7,4162.20,9,4162.30,12,4162.40,8,4162.50,11,Buy,31,45,76,-14.00,11.00,-16.00,1.40,71.4,4162.40,4162.70,4161.30,4161.40,123,141,264,-18.00,11.00,-36.00,2.60,38.5,-51,453,1.0000,0.1429,-86.00,-217.00,4174.33,-0.9578,DOWN,222.05,1.1889,2.4040
20260619 110812 513,4161.40,1,4161.40,4161.60,0.20,4161.40,1,4161.30,4,4161.20,5,4161.10,4,4161.00,8,4160.90,5,4160.80,6,4160.70,3,4160.60,4,4160.50,14,4161.60,3,4161.70,2,4161.80,4,4161.90,5,4162.00,5,4162.10,7,4162.20,9,4162.30,12,4162.40,8,4162.50,11,Buy,32,45,77,-13.00,11.00,-16.00,1.40,71.4,4162.40,4162.70,4161.30,4161.40,123,141,264,-18.00,11.00,-36.00,2.60,38.5,-51,453,1.0000,0.2308,-85.00,-216.00,4174.33,-0.9578,DOWN,222.05,1.1889,2.4040
20260619 110812 513,4161.40,1,4161.40,4161.60,0.20,4161.40,1,4161.30,4,4161.20,5,4161.10,4,4161.00,8,4160.90,5,4160.80,6,4160.70,3,4160.60,4,4160.50,14,4161.60,3,4161.70,2,4161.80,4,4161.90,5,4162.00,5,4162.10,7,4162.20,9,4162.30,12,4162.40,8,4162.50,11,Buy,33,45,78,-12.00,11.00,-16.00,1.40,71.4,4162.40,4162.70,4161.30,4161.40,123,141,264,-18.00,11.00,-36.00,2.60,38.5,-51,453,1.0000,0.3333,-84.00,-215.00,4174.33,-0.9578,DOWN,222.05,1.1889,2.4040
20260619 110812 514,4161.30,1,4161.40,4161.60,0.20,4161.40,1,4161.30,4,4161.20,5,4161.10,4,4161.00,8,4160.90,5,4160.80,6,4160.70,3,4160.60,4,4160.50,14,4161.60,3,4161.70,2,4161.80,4,4161.90,5,4162.00,5,4162.10,7,4162.20,9,4162.30,12,4162.40,8,4162.50,11,Buy,34,45,79,-11.00,11.00,-16.00,1.40,78.6,4162.40,4162.70,4161.30,4161.30,123,141,264,-18.00,11.00,-36.00,2.60,38.5,-51,453,1.0000,0.4545,-83.00,-214.00,4174.32,-0.9609,DOWN,222.05,1.1889,2.4040
20260619 110812 517,4161.40,1,4161.40,4161.60,0.20,4161.40,1,4161.30,4,4161.20,5,4161.10,4,4161.00,8,4160.90,5,4160.80,6,4160.70,3,4160.60,4,4160.50,14,4161.60,3,4161.70,2,4161.80,4,4161.90,5,4162.00,5,4162.10,7,4162.20,9,4162.30,12,4162.40,8,4162.50,11,Buy,35,45,80,-10.00,11.00,-16.00,1.40,71.4,4162.40,4162.70,4161.30,4161.40,123,141,264,-18.00,11.00,-36.00,2.60,38.5,-51,453,1.0000,0.6000,-82.00,-213.00,4174.33,-0.9578,DOWN,222.05,1.1889,2.4040
20260619 110812 517,4161.50,1,4161.40,4161.60,0.20,4161.40,1,4161.30,4,4161.20,5,4161.10,4,4161.00,8,4160.90,5,4160.80,6,4160.70,3,4160.60,4,4160.50,14,4161.60,3,4161.70,2,4161.80,4,4161.90,5,4162.00,5,4162.10,7,4162.20,9,4162.30,12,4162.40,8,4162.50,11,Buy,36,45,81,-9.00,11.00,-16.00,1.40,64.3,4162.40,4162.70,4161.30,4161.50,123,141,264,-18.00,11.00,-36.00,2.60,38.5,-51,453,1.0000,0.7778,-81.00,-212.00,4174.34,-0.9546,DOWN,222.05,1.1889,2.4040
20260619 110812 517,4161.50,1,4161.40,4161.60,0.20,4161.40,1,4161.30,4,4161.20,5,4161.10,4,4161.00,8,4160.90,5,4160.80,6,4160.70,3,4160.60,4,4160.50,14,4161.60,3,4161.70,2,4161.80,4,4161.90,5,4162.00,5,4162.10,7,4162.20,9,4162.30,12,4162.40,8,4162.50,11,Buy,37,45,82,-8.00,11.00,-16.00,1.40,64.3,4162.40,4162.70,4161.30,4161.50,123,141,264,-18.00,11.00,-36.00,2.60,38.5,-51,453,1.0000,1.0000,-80.00,-211.00,4174.34,-0.9546,DOWN,222.05,1.1889,2.4040
20260619 110812 517,4161.50,1,4161.40,4161.60,0.20,4161.40,1,4161.30,4,4161.20,5,4161.10,4,4161.00,8,4160.90,5,4160.80,6,4160.70,3,4160.60,4,4160.50,14,4161.60,3,4161.70,2,4161.80,4,4161.90,5,4162.00,5,4162.10,7,4162.20,9,4162.30,12,4162.40,8,4162.50,11,Buy,38,45,83,-7.00,11.00,-16.00,1.40,64.3,4162.40,4162.70,4161.30,4161.50,123,141,264,-18.00,11.00,-36.00,2.60,38.5,-51,453,1.0000,1.2857,-79.00,-210.00,4174.34,-0.9546,DOWN,222.05,1.1889,2.4040
20260619 110812 669,4161.40,1,4161.40,4161.60,0.20,4161.40,2,4161.30,4,4161.20,5,4161.10,4,4161.00,8,4160.90,5,4160.80,6,4160.70,3,4160.60,4,4160.50,14,4161.60,1,4161.70,2,4161.80,4,4161.90,5,4162.00,5,4162.10,7,4162.20,9,4162.30,12,4162.40,8,4162.50,11,Sell,38,46,84,-8.00,11.00,-16.00,1.40,71.4,4162.40,4162.70,4161.30,4161.40,123,141,264,-18.00,11.00,-36.00,2.60,38.5,-51,453,1.0000,1.0000,-80.00,-211.00,4174.33,-0.9578,DOWN,222.05,1.1889,2.4040
20260619 110812 695,4161.50,1,4161.40,4161.60,0.20,4161.40,2,4161.30,4,4161.20,5,4161.10,4,4161.00,8,4160.90,5,4160.80,6,4160.70,3,4160.60,4,4160.50,14,4161.60,1,4161.70,2,4161.80,4,4161.90,5,4162.00,5,4162.10,7,4162.20,9,4162.30,12,4162.40,8,4162.50,11,Buy,39,46,85,-7.00,11.00,-16.00,1.40,64.3,4162.40,4162.70,4161.30,4161.50,123,141,264,-18.00,11.00,-36.00,2.60,38.5,-51,453,1.0000,1.2857,-79.00,-210.00,4174.34,-0.9546,DOWN,222.05,1.1889,2.4040
20260619 110812 714,4161.60,1,4161.40,4161.60,0.20,4161.40,2,4161.30,4,4161.20,5,4161.10,4,4161.00,8,4160.90,5,4160.80,6,4160.70,3,4160.60,4,4160.50,14,4161.60,1,4161.70,2,4161.80,4,4161.90,5,4162.00,5,4162.10,7,4162.20,9,4162.30,12,4162.40,8,4162.50,11,Buy,40,46,86,-6.00,11.00,-16.00,1.40,57.1,4162.40,4162.70,4161.30,4161.60,123,141,264,-18.00,11.00,-36.00,2.60,38.5,-51,453,1.0000,1.6667,-78.00,-209.00,4174.35,-0.9514,DOWN,222.05,1.1889,2.4040
20260619 110812 984,4161.60,1,4161.50,4161.60,0.10,4161.50,1,4161.40,3,4161.30,3,4161.20,5,4161.10,4,4161.00,8,4160.90,5,4160.80,6,4160.70,3,4160.60,4,4161.60,2,4161.70,3,4161.80,5,4161.90,5,4162.00,5,4162.10,7,4162.20,9,4162.30,12,4162.40,8,4162.50,11,Sell,40,47,87,-7.00,11.00,-16.00,1.40,57.1,4162.40,4162.70,4161.30,4161.60,123,141,264,-18.00,11.00,-36.00,2.60,38.5,-51,453,1.0000,1.2857,-79.00,-210.00,4174.35,-0.9514,DOWN,222.05,1.1889,2.4040
20260619 110812 984,4161.60,1,4161.50,4161.60,0.10,4161.50,1,4161.40,3,4161.30,3,4161.20,5,4161.10,4,4161.00,8,4160.90,5,4160.80,6,4160.70,3,4160.60,4,4161.60,2,4161.70,3,4161.80,5,4161.90,5,4162.00,5,4162.10,7,4162.20,9,4162.30,12,4162.40,8,4162.50,11,Sell,40,48,88,-8.00,11.00,-16.00,1.40,57.1,4162.40,4162.70,4161.30,4161.60,123,141,264,-18.00,11.00,-36.00,2.60,38.5,-51,453,1.0000,1.0000,-80.00,-211.00,4174.35,-0.9514,DOWN,222.05,1.1889,2.4040
20260619 110813 050,4161.50,1,4161.40,4161.60,0.20,4161.40,1,4161.30,3,4161.20,5,4161.10,4,4161.00,8,4160.90,5,4160.80,6,4160.70,3,4160.60,4,4160.50,14,4161.60,3,4161.70,2,4161.80,4,4161.90,5,4162.00,5,4162.10,7,4162.20,9,4162.30,7,4162.40,8,4162.50,11,Sell,40,49,89,-9.00,11.00,-16.00,1.40,64.3,4162.40,4162.70,4161.30,4161.50,123,141,264,-18.00,11.00,-36.00,2.60,38.5,-51,453,1.0000,0.7778,-81.00,-212.00,4174.34,-0.9546,DOWN,222.05,1.1889,2.4040
20260619 110813 052,4161.60,1,4161.40,4161.60,0.20,4161.40,1,4161.30,3,4161.20,5,4161.10,4,4161.00,8,4160.90,5,4160.80,6,4160.70,3,4160.60,4,4160.50,14,4161.60,3,4161.70,2,4161.80,4,4161.90,5,4162.00,5,4162.10,7,4162.20,9,4162.30,7,4162.40,8,4162.50,11,Buy,41,49,90,-8.00,11.00,-16.00,1.40,57.1,4162.40,4162.70,4161.30,4161.60,123,141,264,-18.00,11.00,-36.00,2.60,38.5,-51,453,1.0000,1.0000,-80.00,-211.00,4174.35,-0.9514,DOWN,222.05,1.1889,2.4040
20260619 110813 052,4161.60,1,4161.40,4161.60,0.20,4161.40,1,4161.30,3,4161.20,5,4161.10,4,4161.00,8,4160.90,5,4160.80,6,4160.70,3,4160.60,4,4160.50,14,4161.60,3,4161.70,2,4161.80,4,4161.90,5,4162.00,5,4162.10,7,4162.20,9,4162.30,7,4162.40,8,4162.50,11,Buy,42,49,91,-7.00,11.00,-16.00,1.40,57.1,4162.40,4162.70,4161.30,4161.60,123,141,264,-18.00,11.00,-36.00,2.60,38.5,-51,453,1.0000,1.2857,-79.00,-210.00,4174.35,-0.9514,DOWN,222.05,1.1889,2.4040
20260619 110813 184,4161.20,1,4161.20,4161.40,0.20,4161.10,2,4161.00,8,4160.90,5,4160.80,6,4160.70,3,4160.60,4,4160.50,14,4160.40,10,4160.30,11,4160.20,8,4161.40,4,4161.50,4,4161.60,3,4161.70,2,4161.80,4,4161.90,5,4162.00,5,4162.10,7,4162.20,9,4162.30,7,Sell,42,50,92,-8.00,11.00,-16.00,1.50,80.0,4162.40,4162.70,4161.20,4161.20,123,141,264,-18.00,11.00,-36.00,2.60,38.5,-51,453,1.0000,1.0000,-80.00,-211.00,4174.31,-0.9641,DOWN,222.05,1.1889,2.4112
20260619 110813 184,4161.20,1,4161.20,4161.40,0.20,4161.10,2,4161.00,8,4160.90,5,4160.80,6,4160.70,3,4160.60,4,4160.50,14,4160.40,10,4160.30,11,4160.20,8,4161.40,4,4161.50,4,4161.60,3,4161.70,2,4161.80,4,4161.90,5,4162.00,5,4162.10,7,4162.20,9,4162.30,7,Sell,42,51,93,-9.00,11.00,-16.00,1.50,80.0,4162.40,4162.70,4161.20,4161.20,123,141,264,-18.00,11.00,-36.00,2.60,38.5,-51,453,1.0000,0.7778,-81.00,-212.00,4174.31,-0.9641,DOWN,222.05,1.1889,2.4112
20260619 110813 199,4161.20,1,4161.20,4161.40,0.20,4161.10,2,4161.00,8,4160.90,5,4160.80,6,4160.70,3,4160.60,4,4160.50,14,4160.40,10,4160.30,11,4160.20,8,4161.40,4,4161.50,4,4161.60,3,4161.70,2,4161.80,4,4161.90,5,4162.00,5,4162.10,7,4162.20,9,4162.30,7,Sell,42,52,94,-10.00,11.00,-16.00,1.50,80.0,4162.40,4162.70,4161.20,4161.20,123,141,264,-18.00,11.00,-36.00,2.60,38.5,-51,453,1.0000,0.6000,-82.00,-213.00,4174.31,-0.9641,DOWN,222.05,1.1889,2.4112
20260619 110813 321,4161.10,1,4161.20,4161.40,0.20,4161.20,3,4161.10,4,4161.00,7,4160.90,4,4160.80,6,4160.70,2,4160.60,4,4160.50,14,4160.40,10,4160.30,11,4161.40,2,4161.50,4,4161.60,4,4161.80,4,4161.90,5,4162.00,5,4162.10,12,4162.20,13,4162.30,12,4162.40,8,Sell,42,53,95,-11.00,11.00,-16.00,1.60,81.2,4162.40,4162.70,4161.10,4161.10,123,141,264,-18.00,11.00,-36.00,2.60,38.5,-51,453,1.0000,0.4545,-83.00,-214.00,4174.30,-0.9673,DOWN,222.05,1.1889,2.4183
20260619 110813 335,4161.20,1,4161.20,4161.40,0.20,4161.20,3,4161.10,4,4161.00,7,4160.90,4,4160.80,6,4160.70,2,4160.60,4,4160.50,14,4160.40,10,4160.30,11,4161.40,2,4161.50,4,4161.60,4,4161.80,4,4161.90,5,4162.00,5,4162.10,12,4162.20,13,4162.30,12,4162.40,8,Sell,42,54,96,-12.00,11.00,-16.00,1.60,75.0,4162.40,4162.70,4161.10,4161.20,123,141,264,-18.00,11.00,-36.00,2.60,38.5,-51,453,1.0000,0.3333,-84.00,-215.00,4174.31,-0.9641,DOWN,222.05,1.1889,2.4183
20260619 110813 335,4161.10,1,4161.20,4161.40,0.20,4161.20,3,4161.10,4,4161.00,7,4160.90,4,4160.80,6,4160.70,2,4160.60,4,4160.50,14,4160.40,10,4160.30,11,4161.40,2,4161.50,4,4161.60,4,4161.80,4,4161.90,5,4162.00,5,4162.10,12,4162.20,13,4162.30,12,4162.40,8,Sell,42,55,97,-13.00,11.00,-16.00,1.60,81.2,4162.40,4162.70,4161.10,4161.10,123,141,264,-18.00,11.00,-36.00,2.60,38.5,-51,453,1.0000,0.2308,-85.00,-216.00,4174.30,-0.9673,DOWN,222.05,1.1889,2.4183
20260619 110813 335,4161.10,1,4161.20,4161.40,0.20,4161.20,3,4161.10,4,4161.00,7,4160.90,4,4160.80,6,4160.70,2,4160.60,4,4160.50,14,4160.40,10,4160.30,11,4161.40,2,4161.50,4,4161.60,4,4161.80,4,4161.90,5,4162.00,5,4162.10,12,4162.20,13,4162.30,12,4162.40,8,Sell,42,56,98,-14.00,11.00,-16.00,1.60,81.2,4162.40,4162.70,4161.10,4161.10,123,141,264,-18.00,11.00,-36.00,2.60,38.5,-51,453,1.0000,0.1429,-86.00,-217.00,4174.30,-0.9673,DOWN,222.05,1.1889,2.4183
20260619 110813 335,4161.10,1,4161.20,4161.40,0.20,4161.20,3,4161.10,4,4161.00,7,4160.90,4,4160.80,6,4160.70,2,4160.60,4,4160.50,14,4160.40,10,4160.30,11,4161.40,2,4161.50,4,4161.60,4,4161.80,4,4161.90,5,4162.00,5,4162.10,12,4162.20,13,4162.30,12,4162.40,8,Sell,42,57,99,-15.00,11.00,-16.00,1.60,81.2,4162.40,4162.70,4161.10,4161.10,123,141,264,-18.00,11.00,-36.00,2.60,38.5,-51,453,1.0000,0.0667,-87.00,-218.00,4174.30,-0.9673,DOWN,222.05,1.1889,2.4183
20260619 110813 335,4161.10,1,4161.20,4161.40,0.20,4161.20,3,4161.10,4,4161.00,7,4160.90,4,4160.80,6,4160.70,2,4160.60,4,4160.50,14,4160.40,10,4160.30,11,4161.40,2,4161.50,4,4161.60,4,4161.80,4,4161.90,5,4162.00,5,4162.10,12,4162.20,13,4162.30,12,4162.40,8,Sell,42,58,100,-16.00,11.00,-16.00,1.60,81.2,4162.40,4162.70,4161.10,4161.10,123,141,264,-18.00,11.00,-36.00,2.60,38.5,-51,453,1.0000,0.0000,-88.00,-219.00,4174.30,-0.9673,DOWN,222.05,1.1889,2.4183
20260619 110813 504,4161.20,1,4161.10,4161.40,0.30,4161.10,2,4161.00,7,4160.90,4,4160.80,6,4160.70,2,4160.60,4,4160.50,14,4160.40,10,4160.30,11,4160.20,8,4161.40,3,4161.50,3,4161.60,4,4161.70,1,4161.80,4,4161.90,5,4162.00,5,4162.10,12,4162.20,13,4162.30,12,Sell,42,59,101,-17.00,11.00,-17.00,1.60,75.0,4162.40,4162.70,4161.10,4161.20,123,141,264,-18.00,11.00,-36.00,2.60,38.5,-51,453,1.0000,0.0000,-89.00,-220.00,4174.31,-0.9641,DOWN,222.05,1.1889,2.4183
20260619 110813 504,4161.20,1,4161.10,4161.40,0.30,4161.10,2,4161.00,7,4160.90,4,4160.80,6,4160.70,2,4160.60,4,4160.50,14,4160.40,10,4160.30,11,4160.20,8,4161.40,3,4161.50,3,4161.60,4,4161.70,1,4161.80,4,4161.90,5,4162.00,5,4162.10,12,4162.20,13,4162.30,12,Sell,42,60,102,-18.00,11.00,-18.00,1.60,75.0,4162.40,4162.70,4161.10,4161.20,123,141,264,-18.00,11.00,-36.00,2.60,38.5,-51,453,1.0000,0.0000,-90.00,-221.00,4174.31,-0.9641,DOWN,222.05,1.1889,2.4183
20260619 110813 504,4161.10,1,4161.10,4161.40,0.30,4161.10,2,4161.00,7,4160.90,4,4160.80,6,4160.70,2,4160.60,4,4160.50,14,4160.40,10,4160.30,11,4160.20,8,4161.40,3,4161.50,3,4161.60,4,4161.70,1,4161.80,4,4161.90,5,4162.00,5,4162.10,12,4162.20,13,4162.30,12,Sell,42,61,103,-19.00,11.00,-19.00,1.60,81.2,4162.40,4162.70,4161.10,4161.10,123,141,264,-18.00,11.00,-36.00,2.60,38.5,-51,453,1.0000,0.0000,-91.00,-222.00,4174.30,-0.9673,DOWN,222.05,1.1889,2.4183
20260619 110813 504,4161.10,1,4161.10,4161.40,0.30,4161.10,2,4161.00,7,4160.90,4,4160.80,6,4160.70,2,4160.60,4,4160.50,14,4160.40,10,4160.30,11,4160.20,8,4161.40,3,4161.50,3,4161.60,4,4161.70,1,4161.80,4,4161.90,5,4162.00,5,4162.10,12,4162.20,13,4162.30,12,Sell,42,62,104,-20.00,11.00,-20.00,1.60,81.2,4162.40,4162.70,4161.10,4161.10,123,141,264,-18.00,11.00,-36.00,2.60,38.5,-51,453,1.0000,0.0000,-92.00,-223.00,4174.30,-0.9673,DOWN,222.05,1.1889,2.4183
20260619 110813 504,4161.10,1,4161.10,4161.40,0.30,4161.10,2,4161.00,7,4160.90,4,4160.80,6,4160.70,2,4160.60,4,4160.50,14,4160.40,10,4160.30,11,4160.20,8,4161.40,3,4161.50,3,4161.60,4,4161.70,1,4161.80,4,4161.90,5,4162.00,5,4162.10,12,4162.20,13,4162.30,12,Sell,42,63,105,-21.00,11.00,-21.00,1.60,81.2,4162.40,4162.70,4161.10,4161.10,123,141,264,-18.00,11.00,-36.00,2.60,38.5,-51,453,1.0000,0.0000,-93.00,-224.00,4174.30,-0.9673,DOWN,222.05,1.1889,2.4183
20260619 110813 521,4161.40,1,4161.10,4161.40,0.30,4161.10,2,4161.00,7,4160.90,4,4160.80,6,4160.70,2,4160.60,4,4160.50,14,4160.40,10,4160.30,11,4160.20,8,4161.40,3,4161.50,3,4161.60,4,4161.70,1,4161.80,4,4161.90,5,4162.00,5,4162.10,12,4162.20,13,4162.30,12,Buy,43,63,106,-20.00,11.00,-21.00,1.60,62.5,4162.40,4162.70,4161.10,4161.40,123,141,264,-18.00,11.00,-36.00,2.60,38.5,-51,453,1.0000,0.0500,-92.00,-223.00,4174.33,-0.9578,DOWN,222.05,1.1889,2.4183
20260619 110813 521,4161.40,1,4161.10,4161.40,0.30,4161.10,2,4161.00,7,4160.90,4,4160.80,6,4160.70,2,4160.60,4,4160.50,14,4160.40,10,4160.30,11,4160.20,8,4161.40,3,4161.50,3,4161.60,4,4161.70,1,4161.80,4,4161.90,5,4162.00,5,4162.10,12,4162.20,13,4162.30,12,Buy,44,63,107,-19.00,11.00,-21.00,1.60,62.5,4162.40,4162.70,4161.10,4161.40,123,141,264,-18.00,11.00,-36.00,2.60,38.5,-51,453,1.0000,0.1053,-91.00,-222.00,4174.33,-0.9578,DOWN,222.05,1.1889,2.4183
20260619 110813 521,4161.50,1,4161.10,4161.40,0.30,4161.10,2,4161.00,7,4160.90,4,4160.80,6,4160.70,2,4160.60,4,4160.50,14,4160.40,10,4160.30,11,4160.20,8,4161.40,3,4161.50,3,4161.60,4,4161.70,1,4161.80,4,4161.90,5,4162.00,5,4162.10,12,4162.20,13,4162.30,12,Buy,45,63,108,-18.00,11.00,-21.00,1.60,56.2,4162.40,4162.70,4161.10,4161.50,123,141,264,-18.00,11.00,-36.00,2.60,38.5,-51,453,1.0000,0.1667,-90.00,-221.00,4174.34,-0.9546,DOWN,222.05,1.1889,2.4183
20260619 110813 556,4161.10,1,4161.20,4161.40,0.20,4161.20,2,4161.10,3,4161.00,7,4160.90,4,4160.80,6,4160.70,2,4160.60,4,4160.50,14,4160.40,10,4160.30,11,4161.40,2,4161.50,3,4161.60,4,4161.70,1,4161.80,4,4161.90,5,4162.00,5,4162.10,12,4162.20,13,4162.30,12,Sell,45,64,109,-19.00,11.00,-21.00,1.60,81.2,4162.40,4162.70,4161.10,4161.10,123,141,264,-18.00,11.00,-36.00,2.60,38.5,-51,453,1.0000,0.1053,-91.00,-222.00,4174.30,-0.9673,DOWN,222.05,1.1889,2.4183
20260619 110813 782,4161.10,1,4160.80,4160.90,0.10,4160.80,2,4160.70,2,4160.60,2,4160.50,8,4160.40,5,4160.30,6,4160.20,3,4160.10,2,4160.00,37,4159.90,10,4161.00,3,4161.10,4,4161.20,4,4161.30,4,4161.40,6,4161.50,6,4161.60,6,4161.70,2,4161.80,4,4161.90,9,Buy,46,64,110,-18.00,11.00,-21.00,1.60,81.2,4162.40,4162.70,4161.10,4161.10,123,141,264,-18.00,11.00,-36.00,2.60,38.5,-51,453,1.0000,0.1667,-90.00,-221.00,4174.30,-0.9673,DOWN,222.05,1.1889,2.4183
20260619 110813 784,4161.00,1,4160.80,4160.90,0.10,4160.80,2,4160.70,2,4160.60,2,4160.50,8,4160.40,5,4160.30,6,4160.20,3,4160.10,2,4160.00,37,4159.90,10,4161.00,3,4161.10,4,4161.20,4,4161.30,4,4161.40,6,4161.50,6,4161.60,6,4161.70,2,4161.80,4,4161.90,9,Sell,46,65,111,-19.00,11.00,-21.00,1.70,82.4,4162.40,4162.70,4161.00,4161.00,123,141,264,-18.00,11.00,-36.00,2.60,38.5,-51,453,1.0000,0.1053,-91.00,-222.00,4174.29,-0.9705,DOWN,222.05,1.1889,2.4255
20260619 110813 784,4161.00,1,4160.80,4160.90,0.10,4160.80,2,4160.70,2,4160.60,2,4160.50,8,4160.40,5,4160.30,6,4160.20,3,4160.10,2,4160.00,37,4159.90,10,4161.00,3,4161.10,4,4161.20,4,4161.30,4,4161.40,6,4161.50,6,4161.60,6,4161.70,2,4161.80,4,4161.90,9,Sell,46,66,112,-20.00,11.00,-21.00,1.70,82.4,4162.40,4162.70,4161.00,4161.00,123,141,264,-18.00,11.00,-36.00,2.60,38.5,-51,453,1.0000,0.0500,-92.00,-223.00,4174.29,-0.9705,DOWN,222.05,1.1889,2.4255
20260619 110813 784,4161.00,1,4160.80,4160.90,0.10,4160.80,2,4160.70,2,4160.60,2,4160.50,8,4160.40,5,4160.30,6,4160.20,3,4160.10,2,4160.00,37,4159.90,10,4161.00,3,4161.10,4,4161.20,4,4161.30,4,4161.40,6,4161.50,6,4161.60,6,4161.70,2,4161.80,4,4161.90,9,Sell,46,67,113,-21.00,11.00,-21.00,1.70,82.4,4162.40,4162.70,4161.00,4161.00,123,141,264,-18.00,11.00,-36.00,2.60,38.5,-51,453,1.0000,0.0000,-93.00,-224.00,4174.29,-0.9705,DOWN,222.05,1.1889,2.4255
20260619 110813 784,4161.00,3,4160.80,4160.90,0.10,4160.80,2,4160.70,2,4160.60,2,4160.50,8,4160.40,5,4160.30,6,4160.20,3,4160.10,2,4160.00,37,4159.90,10,4161.00,3,4161.10,4,4161.20,4,4161.30,4,4161.40,6,4161.50,6,4161.60,6,4161.70,2,4161.80,4,4161.90,9,Sell,46,70,116,-24.00,11.00,-24.00,1.70,82.4,4162.40,4162.70,4161.00,4161.00,123,141,264,-18.00,11.00,-36.00,2.60,38.5,-51,453,1.0000,0.0000,-96.00,-227.00,4174.29,-0.9705,DOWN,222.05,1.1889,2.4255
20260619 110813 784,4160.90,1,4160.80,4160.90,0.10,4160.80,2,4160.70,2,4160.60,2,4160.50,8,4160.40,5,4160.30,6,4160.20,3,4160.10,2,4160.00,37,4159.90,10,4161.00,3,4161.10,4,4161.20,4,4161.30,4,4161.40,6,4161.50,6,4161.60,6,4161.70,2,4161.80,4,4161.90,9,Sell,46,71,117,-25.00,11.00,-25.00,1.80,83.3,4162.40,4162.70,4160.90,4160.90,123,141,264,-18.00,11.00,-36.00,2.60,38.5,-51,453,1.0000,0.0000,-97.00,-228.00,4174.28,-0.9736,DOWN,222.05,1.1889,2.4326
20260619 110813 784,4160.90,1,4160.80,4160.90,0.10,4160.80,2,4160.70,2,4160.60,2,4160.50,8,4160.40,5,4160.30,6,4160.20,3,4160.10,2,4160.00,37,4159.90,10,4161.00,3,4161.10,4,4161.20,4,4161.30,4,4161.40,6,4161.50,6,4161.60,6,4161.70,2,4161.80,4,4161.90,9,Sell,46,72,118,-26.00,11.00,-26.00,1.80,83.3,4162.40,4162.70,4160.90,4160.90,123,141,264,-18.00,11.00,-36.00,2.60,38.5,-51,453,1.0000,0.0000,-98.00,-229.00,4174.28,-0.9736,DOWN,222.05,1.1889,2.4326
20260619 110813 784,4160.90,1,4160.80,4160.90,0.10,4160.80,2,4160.70,2,4160.60,2,4160.50,8,4160.40,5,4160.30,6,4160.20,3,4160.10,2,4160.00,37,4159.90,10,4161.00,3,4161.10,4,4161.20,4,4161.30,4,4161.40,6,4161.50,6,4161.60,6,4161.70,2,4161.80,4,4161.90,9,Sell,46,73,119,-27.00,11.00,-27.00,1.80,83.3,4162.40,4162.70,4160.90,4160.90,123,141,264,-18.00,11.00,-36.00,2.60,38.5,-51,453,1.0000,0.0000,-99.00,-230.00,4174.28,-0.9736,DOWN,222.05,1.1889,2.4326
20260619 110813 784,4160.80,1,4160.80,4160.90,0.10,4160.80,2,4160.70,2,4160.60,2,4160.50,8,4160.40,5,4160.30,6,4160.20,3,4160.10,2,4160.00,37,4159.90,10,4161.00,3,4161.10,4,4161.20,4,4161.30,4,4161.40,6,4161.50,6,4161.60,6,4161.70,2,4161.80,4,4161.90,9,Sell,46,74,120,-28.00,11.00,-28.00,1.90,84.2,4162.40,4162.70,4160.80,4160.80,123,141,264,-18.00,11.00,-36.00,2.60,38.5,-51,453,1.0000,0.0000,-100.00,-231.00,4174.27,-0.9768,DOWN,222.05,1.1889,2.4397
20260619 110813 784,4160.80,1,4160.80,4160.90,0.10,4160.80,2,4160.70,2,4160.60,2,4160.50,8,4160.40,5,4160.30,6,4160.20,3,4160.10,2,4160.00,37,4159.90,10,4161.00,3,4161.10,4,4161.20,4,4161.30,4,4161.40,6,4161.50,6,4161.60,6,4161.70,2,4161.80,4,4161.90,9,Sell,46,75,121,-29.00,11.00,-29.00,1.90,84.2,4162.40,4162.70,4160.80,4160.80,123,141,264,-18.00,11.00,-36.00,2.60,38.5,-51,453,1.0000,0.0000,-101.00,-232.00,4174.27,-0.9768,DOWN,222.05,1.1889,2.4397
20260619 110813 784,4160.80,1,4160.80,4160.90,0.10,4160.80,2,4160.70,2,4160.60,2,4160.50,8,4160.40,5,4160.30,6,4160.20,3,4160.10,2,4160.00,37,4159.90,10,4161.00,3,4161.10,4,4161.20,4,4161.30,4,4161.40,6,4161.50,6,4161.60,6,4161.70,2,4161.80,4,4161.90,9,Sell,46,76,122,-30.00,11.00,-30.00,1.90,84.2,4162.40,4162.70,4160.80,4160.80,123,141,264,-18.00,11.00,-36.00,2.60,38.5,-51,453,1.0000,0.0000,-102.00,-233.00,4174.27,-0.9768,DOWN,222.05,1.1889,2.4397
20260619 110813 786,4161.00,1,4160.80,4160.90,0.10,4160.80,2,4160.70,2,4160.60,2,4160.50,8,4160.40,5,4160.30,6,4160.20,3,4160.10,2,4160.00,37,4159.90,10,4161.00,3,4161.10,4,4161.20,4,4161.30,4,4161.40,6,4161.50,6,4161.60,6,4161.70,2,4161.80,4,4161.90,9,Buy,47,76,123,-29.00,11.00,-30.00,1.90,73.7,4162.40,4162.70,4160.80,4161.00,123,141,264,-18.00,11.00,-36.00,2.60,38.5,-51,453,1.0000,0.0345,-101.00,-232.00,4174.29,-0.9705,DOWN,222.05,1.1889,2.4397
20260619 110813 796,4160.90,1,4160.80,4160.90,0.10,4160.80,2,4160.70,2,4160.60,2,4160.50,8,4160.40,5,4160.30,6,4160.20,3,4160.10,2,4160.00,37,4159.90,10,4161.00,3,4161.10,4,4161.20,4,4161.30,4,4161.40,6,4161.50,6,4161.60,6,4161.70,2,4161.80,4,4161.90,9,Buy,48,76,124,-28.00,11.00,-30.00,1.90,78.9,4162.40,4162.70,4160.80,4160.90,123,141,264,-18.00,11.00,-36.00,2.60,38.5,-51,453,1.0000,0.0714,-100.00,-231.00,4174.28,-0.9736,DOWN,222.05,1.1889,2.4397
20260619 110813 889,4160.80,1,4160.70,4160.80,0.10,4160.80,2,4160.60,2,4160.50,8,4160.40,5,4160.30,6,4160.20,3,4160.10,2,4160.00,37,4159.90,10,4159.80,8,4160.90,3,4161.00,3,4161.10,7,4161.20,5,4161.30,4,4161.40,6,4161.50,6,4161.60,11,4161.70,7,4161.80,9,Sell,48,77,125,-29.00,11.00,-30.00,1.90,84.2,4162.40,4162.70,4160.80,4160.80,123,141,264,-18.00,11.00,-36.00,2.60,38.5,-51,453,1.0000,0.0345,-101.00,-232.00,4174.27,-0.9768,DOWN,222.05,1.1889,2.4397
20260619 110813 890,4160.80,1,4160.70,4160.80,0.10,4160.80,2,4160.60,2,4160.50,8,4160.40,5,4160.30,6,4160.20,3,4160.10,2,4160.00,37,4159.90,10,4159.80,8,4160.90,3,4161.00,3,4161.10,7,4161.20,5,4161.30,4,4161.40,6,4161.50,6,4161.60,11,4161.70,7,4161.80,9,Sell,48,78,126,-30.00,11.00,-30.00,1.90,84.2,4162.40,4162.70,4160.80,4160.80,123,141,264,-18.00,11.00,-36.00,2.60,38.5,-51,453,1.0000,0.0000,-102.00,-233.00,4174.27,-0.9768,DOWN,222.05,1.1889,2.4397
20260619 110813 897,4160.70,1,4160.70,4160.80,0.10,4160.80,2,4160.60,2,4160.50,8,4160.40,5,4160.30,6,4160.20,3,4160.10,2,4160.00,37,4159.90,10,4159.80,8,4160.90,3,4161.00,3,4161.10,7,4161.20,5,4161.30,4,4161.40,6,4161.50,6,4161.60,11,4161.70,7,4161.80,9,Sell,48,79,127,-31.00,11.00,-31.00,2.00,85.0,4162.40,4162.70,4160.70,4160.70,123,141,264,-18.00,11.00,-36.00,2.60,38.5,-51,453,1.0000,0.0000,-103.00,-234.00,4174.26,-0.9800,DOWN,222.05,1.1889,2.4469
20260619 110813 905,4160.70,1,4160.50,4160.70,0.20,4160.50,4,4160.40,3,4160.30,6,4160.20,3,4160.10,2,4160.00,32,4159.90,10,4159.80,8,4159.70,7,4159.60,10,4160.70,3,4160.80,3,4160.90,4,4161.00,3,4161.10,7,4161.20,6,4161.30,4,4161.40,6,4161.50,6,4161.60,11,Buy,49,79,128,-30.00,11.00,-31.00,2.00,85.0,4162.40,4162.70,4160.70,4160.70,123,141,264,-18.00,11.00,-36.00,2.60,38.5,-51,453,1.0000,0.0333,-102.00,-233.00,4174.26,-0.9800,DOWN,222.05,1.1889,2.4469
20260619 110813 930,4160.60,1,4160.50,4160.70,0.20,4160.50,4,4160.40,3,4160.30,6,4160.20,3,4160.10,2,4160.00,32,4159.90,10,4159.80,8,4159.70,7,4159.60,10,4160.70,3,4160.80,3,4160.90,4,4161.00,3,4161.10,7,4161.20,6,4161.30,4,4161.40,6,4161.50,6,4161.60,11,Sell,49,80,129,-31.00,11.00,-31.00,2.10,85.7,4162.40,4162.70,4160.60,4160.60,123,141,264,-18.00,11.00,-36.00,2.60,38.5,-51,453,1.0000,0.0000,-103.00,-234.00,4174.25,-0.9832,DOWN,222.05,1.1889,2.4540
20260619 110813 930,4160.50,1,4160.50,4160.70,0.20,4160.50,4,4160.40,3,4160.30,6,4160.20,3,4160.10,2,4160.00,32,4159.90,10,4159.80,8,4159.70,7,4159.60,10,4160.70,3,4160.80,3,4160.90,4,4161.00,3,4161.10,7,4161.20,6,4161.30,4,4161.40,6,4161.50,6,4161.60,11,Sell,49,81,130,-32.00,11.00,-32.00,2.20,86.4,4162.40,4162.70,4160.50,4160.50,123,141,264,-18.00,11.00,-36.00,2.60,38.5,-51,453,1.0000,0.0000,-104.00,-235.00,4174.24,-0.9863,DOWN,222.05,1.1889,2.4612
20260619 110813 930,4160.50,1,4160.50,4160.70,0.20,4160.50,4,4160.40,3,4160.30,6,4160.20,3,4160.10,2,4160.00,32,4159.90,10,4159.80,8,4159.70,7,4159.60,10,4160.70,3,4160.80,3,4160.90,4,4161.00,3,4161.10,7,4161.20,6,4161.30,4,4161.40,6,4161.50,6,4161.60,11,Sell,49,82,131,-33.00,11.00,-33.00,2.20,86.4,4162.40,4162.70,4160.50,4160.50,123,141,264,-18.00,11.00,-36.00,2.60,38.5,-51,453,1.0000,0.0000,-105.00,-236.00,4174.24,-0.9863,DOWN,222.05,1.1889,2.4612
20260619 110813 984,4160.70,1,4160.90,4161.10,0.20,4160.90,1,4160.80,4,4160.70,4,4160.60,3,4160.50,5,4160.40,4,4160.30,6,4160.20,3,4160.10,2,4160.00,32,4161.10,4,4161.20,5,4161.30,4,4161.40,6,4161.50,6,4161.60,6,4161.70,8,4161.80,9,4161.90,9,4162.00,9,Buy,50,82,132,-32.00,11.00,-33.00,2.20,77.3,4162.40,4162.70,4160.50,4160.70,123,141,264,-18.00,11.00,-36.00,2.60,38.5,-51,453,1.0000,0.0313,-104.00,-235.00,4174.26,-0.9800,DOWN,222.05,1.1889,2.4612
20260619 110813 984,4160.70,1,4160.90,4161.10,0.20,4160.90,1,4160.80,4,4160.70,4,4160.60,3,4160.50,5,4160.40,4,4160.30,6,4160.20,3,4160.10,2,4160.00,32,4161.10,4,4161.20,5,4161.30,4,4161.40,6,4161.50,6,4161.60,6,4161.70,8,4161.80,9,4161.90,9,4162.00,9,Buy,51,82,133,-31.00,11.00,-33.00,2.20,77.3,4162.40,4162.70,4160.50,4160.70,123,141,264,-18.00,11.00,-36.00,2.60,38.5,-51,453,1.0000,0.0645,-103.00,-234.00,4174.26,-0.9800,DOWN,222.05,1.1889,2.4612
20260619 110813 984,4160.70,1,4160.90,4161.10,0.20,4160.90,1,4160.80,4,4160.70,4,4160.60,3,4160.50,5,4160.40,4,4160.30,6,4160.20,3,4160.10,2,4160.00,32,4161.10,4,4161.20,5,4161.30,4,4161.40,6,4161.50,6,4161.60,6,4161.70,8,4161.80,9,4161.90,9,4162.00,9,Buy,52,82,134,-30.00,11.00,-33.00,2.20,77.3,4162.40,4162.70,4160.50,4160.70,123,141,264,-18.00,11.00,-36.00,2.60,38.5,-51,453,1.0000,0.1000,-102.00,-233.00,4174.26,-0.9800,DOWN,222.05,1.1889,2.4612
20260619 110814 027,4160.80,1,4160.90,4161.10,0.20,4160.90,1,4160.80,4,4160.70,4,4160.60,3,4160.50,5,4160.40,4,4160.30,6,4160.20,3,4160.10,2,4160.00,32,4161.10,4,4161.20,5,4161.30,4,4161.40,6,4161.50,6,4161.60,6,4161.70,8,4161.80,9,4161.90,9,4162.00,9,Buy,53,82,135,-29.00,11.00,-33.00,2.20,72.7,4162.40,4162.70,4160.50,4160.80,123,141,264,-18.00,11.00,-36.00,2.60,38.5,-51,453,1.0000,0.1379,-101.00,-232.00,4174.27,-0.9768,DOWN,222.05,1.1889,2.4612
20260619 110814 030,4160.90,1,4160.90,4161.10,0.20,4160.90,1,4160.80,4,4160.70,4,4160.60,3,4160.50,5,4160.40,4,4160.30,6,4160.20,3,4160.10,2,4160.00,32,4161.10,4,4161.20,5,4161.30,4,4161.40,6,4161.50,6,4161.60,6,4161.70,8,4161.80,9,4161.90,9,4162.00,9,Buy,54,82,136,-28.00,11.00,-33.00,2.20,68.2,4162.40,4162.70,4160.50,4160.90,123,141,264,-18.00,11.00,-36.00,2.60,38.5,-51,453,1.0000,0.1786,-100.00,-231.00,4174.28,-0.9736,DOWN,222.05,1.1889,2.4612
20260619 110814 136,4161.10,1,4161.00,4161.20,0.20,4161.00,2,4160.90,4,4160.80,4,4160.70,4,4160.60,3,4160.50,5,4160.40,4,4160.30,6,4160.20,3,4160.10,7,4161.20,1,4161.30,4,4161.40,7,4161.50,6,4161.60,6,4161.70,3,4161.80,4,4161.90,9,4162.00,9,4162.10,11,Buy,55,82,137,-27.00,11.00,-33.00,2.20,59.1,4162.40,4162.70,4160.50,4161.10,123,141,264,-18.00,11.00,-36.00,2.60,38.5,-51,453,1.0000,0.2222,-99.00,-230.00,4174.30,-0.9673,DOWN,222.05,1.1889,2.4612
20260619 110814 370,4161.30,1,4161.10,4161.30,0.20,4161.20,1,4161.10,4,4161.00,2,4160.90,4,4160.80,4,4160.70,4,4160.60,3,4160.50,5,4160.40,5,4160.30,11,4161.40,2,4161.50,5,4161.60,6,4161.70,2,4161.80,4,4161.90,9,4162.00,9,4162.10,11,4162.20,13,4162.30,11,Buy,56,82,138,-26.00,11.00,-33.00,2.20,50.0,4162.40,4162.70,4160.50,4161.30,123,141,264,-18.00,11.00,-36.00,2.60,38.5,-51,453,1.0000,0.2692,-98.00,-229.00,4174.32,-0.9609,DOWN,222.05,1.1889,2.4612
20260619 110814 370,4161.30,1,4161.10,4161.30,0.20,4161.20,1,4161.10,4,4161.00,2,4160.90,4,4160.80,4,4160.70,4,4160.60,3,4160.50,5,4160.40,5,4160.30,11,4161.40,2,4161.50,5,4161.60,6,4161.70,2,4161.80,4,4161.90,9,4162.00,9,4162.10,11,4162.20,13,4162.30,11,Buy,57,82,139,-25.00,11.00,-33.00,2.20,50.0,4162.40,4162.70,4160.50,4161.30,123,141,264,-18.00,11.00,-36.00,2.60,38.5,-51,453,1.0000,0.3200,-97.00,-228.00,4174.32,-0.9609,DOWN,222.05,1.1889,2.4612
20260619 110814 405,4161.20,1,4161.20,4161.40,0.20,4161.20,2,4161.10,3,4161.00,2,4160.90,4,4160.80,4,4160.70,4,4160.60,3,4160.50,5,4160.40,5,4160.30,11,4161.40,2,4161.50,5,4161.60,6,4161.70,2,4161.80,4,4161.90,9,4162.00,9,4162.10,11,4162.20,13,4162.30,11,Sell,57,83,140,-26.00,11.00,-33.00,2.20,54.5,4162.40,4162.70,4160.50,4161.20,123,141,264,-18.00,11.00,-36.00,2.60,38.5,-51,453,1.0000,0.2692,-98.00,-229.00,4174.31,-0.9641,DOWN,222.05,1.1889,2.4612
20260619 110814 731,4161.30,1,4161.20,4161.50,0.30,4161.20,3,4161.10,3,4161.00,2,4160.90,5,4160.80,4,4160.70,4,4160.60,3,4160.50,6,4160.40,5,4160.30,11,4161.50,4,4161.60,4,4161.70,2,4161.80,5,4161.90,4,4162.00,4,4162.10,6,4162.20,13,4162.30,11,4162.40,8,Sell,57,84,141,-27.00,11.00,-33.00,2.20,50.0,4162.40,4162.70,4160.50,4161.30,123,141,264,-18.00,11.00,-36.00,2.60,38.5,-51,453,1.0000,0.2222,-99.00,-230.00,4174.32,-0.9609,DOWN,222.05,1.1889,2.4612
20260619 110815 411,4161.60,1,4161.40,4161.70,0.30,4161.40,4,4161.30,3,4161.20,3,4161.10,4,4161.00,2,4160.90,5,4160.80,5,4160.70,5,4160.60,3,4160.50,10,4161.70,3,4161.80,4,4161.90,4,4162.00,5,4162.10,6,4162.20,8,4162.30,6,4162.40,8,4162.50,11,4162.60,9,Buy,58,84,142,-26.00,11.00,-33.00,2.20,36.4,4162.40,4162.70,4160.50,4161.60,123,141,264,-18.00,11.00,-36.00,2.60,38.5,-51,453,1.0000,0.2692,-98.00,-229.00,4174.35,-0.9514,DOWN,222.05,1.1889,2.4612
20260619 110815 411,4161.60,1,4161.40,4161.70,0.30,4161.40,4,4161.30,3,4161.20,3,4161.10,4,4161.00,2,4160.90,5,4160.80,5,4160.70,5,4160.60,3,4160.50,10,4161.70,3,4161.80,4,4161.90,4,4162.00,5,4162.10,6,4162.20,8,4162.30,6,4162.40,8,4162.50,11,4162.60,9,Buy,59,84,143,-25.00,11.00,-33.00,2.20,36.4,4162.40,4162.70,4160.50,4161.60,123,141,264,-18.00,11.00,-36.00,2.60,38.5,-51,453,1.0000,0.3200,-97.00,-228.00,4174.35,-0.9514,DOWN,222.05,1.1889,2.4612
20260619 110815 411,4161.60,1,4161.40,4161.70,0.30,4161.40,4,4161.30,3,4161.20,3,4161.10,4,4161.00,2,4160.90,5,4160.80,5,4160.70,5,4160.60,3,4160.50,10,4161.70,3,4161.80,4,4161.90,4,4162.00,5,4162.10,6,4162.20,8,4162.30,6,4162.40,8,4162.50,11,4162.60,9,Buy,60,84,144,-24.00,11.00,-33.00,2.20,36.4,4162.40,4162.70,4160.50,4161.60,123,141,264,-18.00,11.00,-36.00,2.60,38.5,-51,453,1.0000,0.3750,-96.00,-227.00,4174.35,-0.9514,DOWN,222.05,1.1889,2.4612
20260619 110815 509,4161.40,1,4161.40,4161.50,0.10,4161.40,1,4161.30,1,4161.20,3,4161.10,4,4161.00,2,4160.90,5,4160.80,5,4160.70,5,4160.60,3,4160.50,5,4161.50,1,4161.60,5,4161.70,2,4161.80,4,4161.90,4,4162.00,5,4162.10,6,4162.20,8,4162.30,6,4162.40,8,Sell,60,85,145,-25.00,11.00,-33.00,2.20,45.5,4162.40,4162.70,4160.50,4161.40,123,141,264,-18.00,11.00,-36.00,2.60,38.5,-51,453,1.0000,0.3200,-97.00,-228.00,4174.33,-0.9578,DOWN,222.05,1.1889,2.4612
20260619 110815 539,4161.30,1,4161.30,4161.50,0.20,4161.30,1,4161.20,3,4161.10,3,4161.00,2,4160.90,5,4160.80,5,4160.70,5,4160.60,3,4160.50,5,4160.40,10,4161.50,2,4161.60,5,4161.70,2,4161.80,4,4161.90,4,4162.00,5,4162.10,6,4162.20,8,4162.30,6,4162.40,8,Sell,60,86,146,-26.00,11.00,-33.00,2.20,50.0,4162.40,4162.70,4160.50,4161.30,123,141,264,-18.00,11.00,-36.00,2.60,38.5,-51,453,1.0000,0.2692,-98.00,-229.00,4174.32,-0.9609,DOWN,222.05,1.1889,2.4612
20260619 110815 977,4161.50,1,4161.40,4161.70,0.30,4161.40,2,4161.30,3,4161.20,3,4161.10,5,4161.00,3,4160.90,5,4160.80,5,4160.70,5,4160.60,3,4160.50,10,4161.70,4,4161.80,4,4161.90,4,4162.00,5,4162.10,6,4162.20,8,4162.30,6,4162.40,8,4162.50,11,4162.60,9,Sell,60,87,147,-27.00,11.00,-33.00,2.20,40.9,4162.40,4162.70,4160.50,4161.50,123,141,264,-18.00,11.00,-36.00,2.60,38.5,-51,453,1.0000,0.2222,-99.00,-230.00,4174.34,-0.9546,DOWN,222.05,1.1889,2.4612
20260619 110816 549,4161.50,1,4161.50,4161.70,0.20,4161.40,2,4161.30,4,4161.20,3,4161.10,5,4161.00,3,4160.90,5,4160.80,5,4160.70,5,4160.60,3,4160.50,10,4161.60,2,4161.70,2,4161.80,4,4161.90,4,4162.00,5,4162.10,6,4162.20,8,4162.30,6,4162.40,8,4162.50,11,Sell,60,88,148,-28.00,11.00,-33.00,2.20,40.9,4162.40,4162.70,4160.50,4161.50,123,141,264,-18.00,11.00,-36.00,2.60,38.5,-51,453,1.0000,0.1786,-100.00,-231.00,4174.34,-0.9546,DOWN,222.05,1.1889,2.4612
20260619 110816 627,4161.70,1,4161.60,4161.70,0.10,4161.50,1,4161.40,4,4161.30,4,4161.20,4,4161.10,5,4161.00,3,4160.90,6,4160.80,5,4160.70,5,4160.60,3,4161.70,2,4161.80,4,4161.90,3,4162.00,5,4162.10,6,4162.20,8,4162.30,6,4162.40,8,4162.50,11,4162.60,9,Buy,61,88,149,-27.00,11.00,-33.00,2.20,31.8,4162.40,4162.70,4160.50,4161.70,123,141,264,-18.00,11.00,-36.00,2.60,38.5,-51,453,1.0000,0.2222,-99.00,-230.00,4174.36,-0.9482,DOWN,222.05,1.1889,2.4612
20260619 110816 828,4161.80,1,4161.60,4161.80,0.20,4161.60,2,4161.50,4,4161.40,5,4161.30,4,4161.20,4,4161.10,6,4161.00,4,4160.90,6,4160.80,5,4160.70,9,4161.80,1,4161.90,3,4162.00,3,4162.10,7,4162.20,8,4162.30,6,4162.40,8,4162.50,11,4162.60,9,4162.70,9,Buy,62,88,150,-26.00,11.00,-33.00,2.20,27.3,4162.40,4162.70,4160.50,4161.80,123,141,264,-18.00,11.00,-36.00,2.60,38.5,-51,453,1.0000,0.2692,-98.00,-229.00,4174.37,-0.9451,DOWN,222.05,1.1889,2.4612
20260619 110817 281,4161.70,1,4161.70,4161.90,0.20,4161.70,2,4161.60,3,4161.50,4,4161.40,5,4161.30,5,4161.20,4,4161.10,5,4161.00,4,4160.90,6,4160.80,5,4161.90,1,4162.00,4,4162.10,6,4162.20,8,4162.30,6,4162.40,3,4162.50,6,4162.60,9,4162.70,9,4162.80,7,Buy,63,88,151,-25.00,11.00,-33.00,2.20,31.8,4162.40,4162.70,4160.50,4161.70,123,141,264,-18.00,11.00,-36.00,2.60,38.5,-51,453,1.0000,0.3200,-97.00,-228.00,4174.36,-0.9482,DOWN,222.05,1.1889,2.4612
20260619 110817 721,4161.80,1,4161.60,4161.80,0.20,4161.60,1,4161.50,4,4161.40,5,4161.30,5,4161.20,4,4161.10,5,4161.00,4,4160.90,6,4160.80,5,4160.70,10,4161.80,2,4161.90,3,4162.00,3,4162.10,6,4162.20,8,4162.30,6,4162.40,3,4162.50,6,4162.60,9,4162.70,9,Buy,64,88,152,-24.00,11.00,-33.00,2.20,27.3,4162.40,4162.70,4160.50,4161.80,123,141,264,-18.00,11.00,-36.00,2.60,38.5,-51,453,1.0000,0.3750,-96.00,-227.00,4174.37,-0.9451,DOWN,222.05,1.1889,2.4612
20260619 110817 721,4161.80,1,4161.60,4161.80,0.20,4161.60,1,4161.50,4,4161.40,5,4161.30,5,4161.20,4,4161.10,5,4161.00,4,4160.90,6,4160.80,5,4160.70,10,4161.80,2,4161.90,3,4162.00,3,4162.10,6,4162.20,8,4162.30,6,4162.40,3,4162.50,6,4162.60,9,4162.70,9,Buy,65,88,153,-23.00,11.00,-33.00,2.20,27.3,4162.40,4162.70,4160.50,4161.80,123,141,264,-18.00,11.00,-36.00,2.60,38.5,-51,453,1.0000,0.4348,-95.00,-226.00,4174.37,-0.9451,DOWN,222.05,1.1889,2.4612
20260619 110817 842,4161.80,1,4161.70,4161.90,0.20,4161.70,2,4161.60,3,4161.50,4,4161.40,5,4161.30,5,4161.20,4,4161.10,5,4161.00,4,4160.90,6,4160.80,4,4161.90,1,4162.00,4,4162.10,6,4162.20,8,4162.30,6,4162.40,3,4162.50,6,4162.60,9,4162.70,9,4162.80,7,Sell,65,89,154,-24.00,11.00,-33.00,2.20,27.3,4162.40,4162.70,4160.50,4161.80,123,141,264,-18.00,11.00,-36.00,2.60,38.5,-51,453,1.0000,0.3750,-96.00,-227.00,4174.37,-0.9451,DOWN,222.05,1.1889,2.4612
20260619 110818 757,4162.00,1,4162.00,4162.20,0.20,4162.00,1,4161.90,4,4161.80,5,4161.70,4,4161.60,3,4161.50,5,4161.40,5,4161.30,6,4161.20,6,4161.10,6,4162.20,4,4162.30,5,4162.40,3,4162.50,6,4162.60,4,4162.70,4,4162.80,2,4162.90,11,4163.00,16,4163.10,10,Buy,66,89,155,-23.00,11.00,-33.00,2.20,18.2,4162.40,4162.70,4160.50,4162.00,123,141,264,-18.00,11.00,-36.00,2.60,38.5,-51,453,1.0000,0.4348,-95.00,-226.00,4174.39,-0.9387,DOWN,222.05,1.1889,2.4612
20260619 110818 757,4162.00,1,4162.00,4162.20,0.20,4162.00,1,4161.90,4,4161.80,5,4161.70,4,4161.60,3,4161.50,5,4161.40,5,4161.30,6,4161.20,6,4161.10,6,4162.20,4,4162.30,5,4162.40,3,4162.50,6,4162.60,4,4162.70,4,4162.80,2,4162.90,11,4163.00,16,4163.10,10,Buy,67,89,156,-22.00,11.00,-33.00,2.20,18.2,4162.40,4162.70,4160.50,4162.00,123,141,264,-18.00,11.00,-36.00,2.60,38.5,-51,453,1.0000,0.5000,-94.00,-225.00,4174.39,-0.9387,DOWN,222.05,1.1889,2.4612
20260619 110818 858,4162.20,1,4162.00,4162.20,0.20,4162.00,1,4161.90,4,4161.80,5,4161.70,5,4161.60,3,4161.50,5,4161.40,5,4161.30,6,4161.20,6,4161.10,6,4162.20,4,4162.30,5,4162.40,3,4162.50,6,4162.60,4,4162.70,4,4162.80,2,4162.90,11,4163.00,16,4163.10,10,Buy,68,89,157,-21.00,11.00,-33.00,2.20,9.1,4162.40,4162.70,4160.50,4162.20,123,141,264,-18.00,11.00,-36.00,2.60,38.5,-51,453,1.0000,0.5714,-93.00,-224.00,4174.40,-0.9324,DOWN,222.05,1.1889,2.4612
20260619 110818 875,4162.20,1,4162.10,4162.30,0.20,4162.10,2,4162.00,4,4161.90,4,4161.80,5,4161.70,5,4161.60,3,4161.50,6,4161.40,6,4161.30,6,4161.20,5,4162.30,1,4162.40,4,4162.50,6,4162.60,5,4162.70,4,4162.80,2,4162.90,6,4163.00,11,4163.10,10,4163.20,7,Buy,69,89,158,-20.00,11.00,-33.00,2.20,9.1,4162.40,4162.70,4160.50,4162.20,123,141,264,-18.00,11.00,-36.00,2.60,38.5,-51,453,1.0000,0.6500,-92.00,-223.00,4174.40,-0.9324,DOWN,222.05,1.1889,2.4612
20260619 110819 350,4162.10,1,4162.10,4162.30,0.20,4162.10,2,4162.00,3,4161.90,4,4161.80,5,4161.70,5,4161.60,3,4161.50,6,4161.40,6,4161.30,6,4161.20,5,4162.30,3,4162.40,3,4162.50,6,4162.60,5,4162.70,4,4162.80,2,4162.90,6,4163.00,11,4163.10,10,4163.20,7,Sell,69,90,159,-21.00,11.00,-33.00,2.20,13.6,4162.40,4162.70,4160.50,4162.10,123,141,264,-18.00,11.00,-36.00,2.60,38.5,-51,453,1.0000,0.5714,-93.00,-224.00,4174.40,-0.9355,DOWN,222.05,1.1889,2.4612
20260619 110819 350,4162.10,1,4162.10,4162.30,0.20,4162.10,2,4162.00,3,4161.90,4,4161.80,5,4161.70,5,4161.60,3,4161.50,6,4161.40,6,4161.30,6,4161.20,5,4162.30,3,4162.40,3,4162.50,6,4162.60,5,4162.70,4,4162.80,2,4162.90,6,4163.00,11,4163.10,10,4163.20,7,Sell,69,91,160,-22.00,11.00,-33.00,2.20,13.6,4162.40,4162.70,4160.50,4162.10,123,141,264,-18.00,11.00,-36.00,2.60,38.5,-51,453,1.0000,0.5000,-94.00,-225.00,4174.40,-0.9355,DOWN,222.05,1.1889,2.4612
20260619 110819 350,4162.00,1,4162.10,4162.30,0.20,4162.10,2,4162.00,3,4161.90,4,4161.80,5,4161.70,5,4161.60,3,4161.50,6,4161.40,6,4161.30,6,4161.20,5,4162.30,3,4162.40,3,4162.50,6,4162.60,5,4162.70,4,4162.80,2,4162.90,6,4163.00,11,4163.10,10,4163.20,7,Sell,69,92,161,-23.00,11.00,-33.00,2.20,18.2,4162.40,4162.70,4160.50,4162.00,123,141,264,-18.00,11.00,-36.00,2.60,38.5,-51,453,1.0000,0.4348,-95.00,-226.00,4174.39,-0.9387,DOWN,222.05,1.1889,2.4612
20260619 110819 350,4162.00,1,4162.10,4162.30,0.20,4162.10,2,4162.00,3,4161.90,4,4161.80,5,4161.70,5,4161.60,3,4161.50,6,4161.40,6,4161.30,6,4161.20,5,4162.30,3,4162.40,3,4162.50,6,4162.60,5,4162.70,4,4162.80,2,4162.90,6,4163.00,11,4163.10,10,4163.20,7,Sell,69,93,162,-24.00,11.00,-33.00,2.20,18.2,4162.40,4162.70,4160.50,4162.00,123,141,264,-18.00,11.00,-36.00,2.60,38.5,-51,453,1.0000,0.3750,-96.00,-227.00,4174.39,-0.9387,DOWN,222.05,1.1889,2.4612
20260619 110819 864,4162.30,1,4162.10,4162.30,0.20,4162.10,1,4162.00,3,4161.90,4,4161.80,5,4161.70,5,4161.60,3,4161.50,6,4161.40,6,4161.30,6,4161.20,5,4162.30,1,4162.40,1,4162.50,5,4162.60,5,4162.70,4,4162.80,2,4162.90,6,4163.00,11,4163.10,10,4163.20,7,Buy,70,93,163,-23.00,11.00,-33.00,2.20,4.5,4162.40,4162.70,4160.50,4162.30,123,141,264,-18.00,11.00,-36.00,2.60,38.5,-51,453,1.0000,0.4348,-95.00,-226.00,4174.41,-0.9292,DOWN,222.05,1.1889,2.4612
20260619 110819 956,4162.10,1,4162.10,4162.30,0.20,4162.10,2,4162.00,3,4161.90,4,4161.80,5,4161.70,5,4161.60,3,4161.50,6,4161.40,6,4161.30,6,4161.20,5,4162.30,2,4162.40,2,4162.50,6,4162.60,5,4162.70,4,4162.80,2,4162.90,6,4163.00,11,4163.10,10,4163.20,7,Sell,70,94,164,-24.00,11.00,-33.00,2.20,13.6,4162.40,4162.70,4160.50,4162.10,123,141,264,-18.00,11.00,-36.00,2.60,38.5,-51,453,1.0000,0.3750,-96.00,-227.00,4174.40,-0.9355,DOWN,222.05,1.1889,2.4612
20260619 110819 979,4162.30,1,4162.10,4162.30,0.20,4162.10,2,4162.00,3,4161.90,4,4161.80,5,4161.70,5,4161.60,3,4161.50,6,4161.40,6,4161.30,6,4161.20,5,4162.30,2,4162.40,2,4162.50,6,4162.60,5,4162.70,4,4162.80,2,4162.90,6,4163.00,11,4163.10,10,4163.20,7,Buy,71,94,165,-23.00,11.00,-33.00,2.20,4.5,4162.40,4162.70,4160.50,4162.30,123,141,264,-18.00,11.00,-36.00,2.60,38.5,-51,453,1.0000,0.4348,-95.00,-226.00,4174.41,-0.9292,DOWN,222.05,1.1889,2.4612
20260619 110819 979,4162.30,1,4162.10,4162.30,0.20,4162.10,2,4162.00,3,4161.90,4,4161.80,5,4161.70,5,4161.60,3,4161.50,6,4161.40,6,4161.30,6,4161.20,5,4162.30,2,4162.40,2,4162.50,6,4162.60,5,4162.70,4,4162.80,2,4162.90,6,4163.00,11,4163.10,10,4163.20,7,Buy,72,94,166,-22.00,11.00,-33.00,2.20,4.5,4162.40,4162.70,4160.50,4162.30,123,141,264,-18.00,11.00,-36.00,2.60,38.5,-51,453,1.0000,0.5000,-94.00,-225.00,4174.41,-0.9292,DOWN,222.05,1.1889,2.4612
20260619 110820 014,4162.30,1,4162.10,4162.30,0.20,4162.10,2,4162.00,3,4161.90,4,4161.80,5,4161.70,5,4161.60,3,4161.50,6,4161.40,6,4161.30,6,4161.20,5,4162.30,1,4162.40,2,4162.50,7,4162.60,5,4162.70,4,4162.80,2,4162.90,6,4163.00,11,4163.10,10,4163.20,7,Buy,73,94,167,-21.00,11.00,-33.00,2.20,4.5,4162.40,4162.70,4160.50,4162.30,123,141,264,-18.00,11.00,-36.00,2.60,38.5,-51,453,1.0000,0.5714,-93.00,-224.00,4174.41,-0.9292,DOWN,222.05,1.1889,2.4612
20260619 110820 531,4162.10,1,4162.10,4162.30,0.20,4162.10,1,4162.00,3,4161.90,5,4161.80,5,4161.70,5,4161.60,3,4161.50,6,4161.40,6,4161.30,6,4161.20,5,4162.30,2,4162.40,2,4162.50,6,4162.60,5,4162.70,4,4162.80,2,4162.90,6,4163.00,11,4163.10,10,4163.20,7,Sell,73,95,168,-22.00,11.00,-33.00,2.20,13.6,4162.40,4162.70,4160.50,4162.10,123,141,264,-18.00,11.00,-36.00,2.60,38.5,-51,453,1.0000,0.5000,-94.00,-225.00,4174.40,-0.9355,DOWN,222.05,1.1889,2.4612
20260619 110821 124,4162.10,1,4162.10,4162.30,0.20,4162.10,2,4162.00,4,4161.90,5,4161.80,5,4161.70,5,4161.60,3,4161.50,6,4161.40,6,4161.30,6,4161.20,5,4162.30,2,4162.40,2,4162.50,5,4162.60,5,4162.70,4,4162.80,2,4162.90,6,4163.00,11,4163.10,10,4163.20,7,Sell,73,96,169,-23.00,11.00,-33.00,2.20,13.6,4162.40,4162.70,4160.50,4162.10,123,141,264,-18.00,11.00,-36.00,2.60,38.5,-51,453,1.0000,0.4348,-95.00,-226.00,4174.40,-0.9355,DOWN,222.05,1.1889,2.4612
20260619 110821 246,4162.10,1,4162.10,4162.30,0.20,4162.10,1,4162.00,4,4161.90,5,4161.80,5,4161.70,5,4161.60,3,4161.50,6,4161.40,6,4161.30,6,4161.20,5,4162.30,2,4162.40,2,4162.50,5,4162.60,5,4162.70,4,4162.80,2,4162.90,6,4163.00,11,4163.10,10,4163.20,7,Sell,73,97,170,-24.00,11.00,-33.00,2.20,13.6,4162.40,4162.70,4160.50,4162.10,123,141,264,-18.00,11.00,-36.00,2.60,38.5,-51,453,1.0000,0.3750,-96.00,-227.00,4174.40,-0.9355,DOWN,222.05,1.1889,2.4612
20260619 110821 876,4162.50,4,4162.30,4162.50,0.20,4162.30,1,4162.20,3,4162.10,4,4162.00,4,4161.90,5,4161.80,5,4161.70,5,4161.60,3,4161.50,6,4161.40,6,4162.50,5,4162.60,4,4162.70,4,4162.80,2,4162.90,6,4163.00,11,4163.10,10,4163.20,7,4163.30,7,4163.40,7,Buy,77,97,174,-20.00,11.00,-33.00,2.20,4.5,4162.40,4162.70,4160.50,4162.50,123,141,264,-18.00,11.00,-36.00,2.60,38.5,-51,453,1.0000,0.6500,-92.00,-223.00,4174.43,-0.9228,DOWN,222.05,1.1889,2.4612
20260619 110822 468,4162.50,1,4162.50,4162.70,0.20,4162.50,2,4162.40,2,4162.30,5,4162.20,5,4162.10,6,4162.00,5,4161.90,6,4161.80,6,4161.70,6,4161.60,5,4162.70,1,4162.80,2,4162.90,3,4163.00,11,4163.10,5,4163.20,2,4163.30,2,4163.40,7,4163.50,9,4163.60,9,Sell,77,98,175,-21.00,11.00,-33.00,2.20,4.5,4162.40,4162.70,4160.50,4162.50,123,141,264,-18.00,11.00,-36.00,2.60,38.5,-51,453,1.0000,0.5714,-93.00,-224.00,4174.43,-0.9228,DOWN,222.05,1.1889,2.4612
20260619 110822 831,4162.60,1,4162.60,4162.80,0.20,4162.50,1,4162.40,2,4162.30,5,4162.20,4,4162.10,5,4162.00,5,4161.90,6,4161.80,6,4161.70,6,4161.60,9,4162.70,2,4162.80,2,4162.90,3,4163.00,11,4163.10,4,4163.20,2,4163.30,2,4163.40,7,4163.50,9,4163.60,9,Sell,77,99,176,-22.00,11.00,-33.00,2.20,9.1,4162.40,4162.70,4160.50,4162.60,123,141,264,-18.00,11.00,-36.00,2.60,38.5,-51,453,1.0000,0.5000,-94.00,-225.00,4174.44,-0.9197,DOWN,222.05,1.1889,2.4612
20260619 110823 725,4162.40,1,4162.30,4162.60,0.30,4162.30,3,4162.20,3,4162.10,5,4162.00,4,4161.90,6,4161.80,6,4161.70,6,4161.60,9,4161.50,10,4161.40,10,4162.60,4,4162.70,4,4162.80,2,4162.90,4,4163.00,11,4163.10,4,4163.20,2,4163.30,2,4163.40,7,4163.50,10,Sell,77,100,177,-23.00,11.00,-33.00,2.20,0.0,4162.40,4162.70,4160.50,4162.40,123,141,264,-18.00,11.00,-36.00,2.60,38.5,-51,453,1.0000,0.4348,-95.00,-226.00,4174.42,-0.9260,DOWN,222.05,1.1889,2.4612
20260619 110823 725,4162.40,1,4162.30,4162.60,0.30,4162.30,3,4162.20,3,4162.10,5,4162.00,4,4161.90,6,4161.80,6,4161.70,6,4161.60,9,4161.50,10,4161.40,10,4162.60,4,4162.70,4,4162.80,2,4162.90,4,4163.00,11,4163.10,4,4163.20,2,4163.30,2,4163.40,7,4163.50,10,Sell,77,101,178,-24.00,11.00,-33.00,2.20,0.0,4162.40,4162.70,4160.50,4162.40,123,141,264,-18.00,11.00,-36.00,2.60,38.5,-51,453,1.0000,0.3750,-96.00,-227.00,4174.42,-0.9260,DOWN,222.05,1.1889,2.4612
20260619 110823 726,4162.30,1,4162.30,4162.60,0.30,4162.30,3,4162.20,3,4162.10,5,4162.00,4,4161.90,6,4161.80,6,4161.70,6,4161.60,9,4161.50,10,4161.40,10,4162.60,4,4162.70,4,4162.80,2,4162.90,4,4163.00,11,4163.10,4,4163.20,2,4163.30,2,4163.40,7,4163.50,10,Sell,77,102,179,-25.00,11.00,-33.00,2.20,4.5,4162.40,4162.70,4160.50,4162.30,123,141,264,-18.00,11.00,-36.00,2.60,38.5,-51,453,1.0000,0.3200,-97.00,-228.00,4174.41,-0.9292,DOWN,222.05,1.1889,2.4612
20260619 110823 726,4162.30,1,4162.30,4162.60,0.30,4162.30,3,4162.20,3,4162.10,5,4162.00,4,4161.90,6,4161.80,6,4161.70,6,4161.60,9,4161.50,10,4161.40,10,4162.60,4,4162.70,4,4162.80,2,4162.90,4,4163.00,11,4163.10,4,4163.20,2,4163.30,2,4163.40,7,4163.50,10,Sell,77,103,180,-26.00,11.00,-33.00,2.20,4.5,4162.40,4162.70,4160.50,4162.30,123,141,264,-18.00,11.00,-36.00,2.60,38.5,-51,453,1.0000,0.2692,-98.00,-229.00,4174.41,-0.9292,DOWN,222.05,1.1889,2.4612
20260619 110823 726,4162.30,1,4162.30,4162.60,0.30,4162.30,3,4162.20,3,4162.10,5,4162.00,4,4161.90,6,4161.80,6,4161.70,6,4161.60,9,4161.50,10,4161.40,10,4162.60,4,4162.70,4,4162.80,2,4162.90,4,4163.00,11,4163.10,4,4163.20,2,4163.30,2,4163.40,7,4163.50,10,Sell,77,104,181,-27.00,11.00,-33.00,2.20,4.5,4162.40,4162.70,4160.50,4162.30,123,141,264,-18.00,11.00,-36.00,2.60,38.5,-51,453,1.0000,0.2222,-99.00,-230.00,4174.41,-0.9292,DOWN,222.05,1.1889,2.4612
20260619 110825 141,4162.50,1,4162.30,4162.50,0.20,4162.30,4,4162.20,2,4162.10,5,4162.00,4,4161.90,5,4161.80,6,4161.70,6,4161.60,9,4161.50,10,4161.40,10,4162.50,1,4162.60,3,4162.70,3,4162.80,2,4162.90,4,4163.00,11,4163.10,4,4163.20,2,4163.30,2,4163.40,7,Buy,78,104,182,-26.00,11.00,-33.00,2.20,4.5,4162.40,4162.70,4160.50,4162.50,123,141,264,-18.00,11.00,-36.00,2.60,38.5,-51,453,1.0000,0.2692,-98.00,-229.00,4174.43,-0.9228,DOWN,222.05,1.1889,2.4612
20260619 110825 789,4162.50,1,4162.30,4162.50,0.20,4162.40,1,4162.30,4,4162.20,2,4162.10,5,4162.00,4,4161.90,5,4161.80,6,4161.70,6,4161.60,9,4161.50,10,4162.60,2,4162.70,2,4162.80,2,4162.90,4,4163.00,11,4163.10,4,4163.20,2,4163.30,2,4163.40,7,4163.50,10,Buy,79,104,183,-25.00,11.00,-33.00,2.20,4.5,4162.40,4162.70,4160.50,4162.50,123,141,264,-18.00,11.00,-36.00,2.60,38.5,-51,453,1.0000,0.3200,-97.00,-228.00,4174.43,-0.9228,DOWN,222.05,1.1889,2.4612
20260619 110826 632,4162.50,1,4162.50,4162.80,0.30,4162.50,5,4162.40,4,4162.30,5,4162.20,2,4162.10,5,4162.00,4,4161.90,5,4161.80,6,4161.70,6,4161.60,9,4162.80,2,4162.90,4,4163.00,11,4163.10,4,4163.20,2,4163.30,2,4163.40,7,4163.50,10,4163.60,9,4163.70,9,Sell,79,105,184,-26.00,11.00,-33.00,2.20,4.5,4162.40,4162.70,4160.50,4162.50,123,141,264,-18.00,11.00,-36.00,2.60,38.5,-51,453,1.0000,0.2692,-98.00,-229.00,4174.43,-0.9228,DOWN,222.05,1.1889,2.4612
20260619 110826 632,4162.40,1,4162.50,4162.80,0.30,4162.50,5,4162.40,4,4162.30,5,4162.20,2,4162.10,5,4162.00,4,4161.90,5,4161.80,6,4161.70,6,4161.60,9,4162.80,2,4162.90,4,4163.00,11,4163.10,4,4163.20,2,4163.30,2,4163.40,7,4163.50,10,4163.60,9,4163.70,9,Sell,79,106,185,-27.00,11.00,-33.00,2.20,0.0,4162.40,4162.70,4160.50,4162.40,123,141,264,-18.00,11.00,-36.00,2.60,38.5,-51,453,1.0000,0.2222,-99.00,-230.00,4174.42,-0.9260,DOWN,222.05,1.1889,2.4612
20260619 110826 632,4162.40,1,4162.50,4162.80,0.30,4162.50,5,4162.40,4,4162.30,5,4162.20,2,4162.10,5,4162.00,4,4161.90,5,4161.80,6,4161.70,6,4161.60,9,4162.80,2,4162.90,4,4163.00,11,4163.10,4,4163.20,2,4163.30,2,4163.40,7,4163.50,10,4163.60,9,4163.70,9,Sell,79,107,186,-28.00,11.00,-33.00,2.20,0.0,4162.40,4162.70,4160.50,4162.40,123,141,264,-18.00,11.00,-36.00,2.60,38.5,-51,453,1.0000,0.1786,-100.00,-231.00,4174.42,-0.9260,DOWN,222.05,1.1889,2.4612
20260619 110826 632,4162.40,1,4162.50,4162.80,0.30,4162.50,5,4162.40,4,4162.30,5,4162.20,2,4162.10,5,4162.00,4,4161.90,5,4161.80,6,4161.70,6,4161.60,9,4162.80,2,4162.90,4,4163.00,11,4163.10,4,4163.20,2,4163.30,2,4163.40,7,4163.50,10,4163.60,9,4163.70,9,Sell,79,108,187,-29.00,11.00,-33.00,2.20,0.0,4162.40,4162.70,4160.50,4162.40,123,141,264,-18.00,11.00,-36.00,2.60,38.5,-51,453,1.0000,0.1379,-101.00,-232.00,4174.42,-0.9260,DOWN,222.05,1.1889,2.4612
20260619 110826 632,4162.30,1,4162.50,4162.80,0.30,4162.50,5,4162.40,4,4162.30,5,4162.20,2,4162.10,5,4162.00,4,4161.90,5,4161.80,6,4161.70,6,4161.60,9,4162.80,2,4162.90,4,4163.00,11,4163.10,4,4163.20,2,4163.30,2,4163.40,7,4163.50,10,4163.60,9,4163.70,9,Sell,79,109,188,-30.00,11.00,-33.00,2.20,4.5,4162.40,4162.70,4160.50,4162.30,123,141,264,-18.00,11.00,-36.00,2.60,38.5,-51,453,1.0000,0.1000,-102.00,-233.00,4174.41,-0.9292,DOWN,222.05,1.1889,2.4612
20260619 110827 063,4162.50,1,4162.40,4162.70,0.30,4162.40,3,4162.30,6,4162.20,2,4162.10,5,4162.00,4,4161.90,5,4161.80,6,4161.70,6,4161.60,9,4161.50,10,4162.70,3,4162.80,2,4162.90,2,4163.00,11,4163.10,5,4163.20,2,4163.30,2,4163.40,7,4163.50,10,4163.60,9,Sell,79,110,189,-31.00,11.00,-33.00,2.20,4.5,4162.40,4162.70,4160.50,4162.50,123,141,264,-18.00,11.00,-36.00,2.60,38.5,-51,453,1.0000,0.0645,-103.00,-234.00,4174.43,-0.9228,DOWN,222.05,1.1889,2.4612
20260619 110827 063,4162.50,1,4162.40,4162.70,0.30,4162.40,3,4162.30,6,4162.20,2,4162.10,5,4162.00,4,4161.90,5,4161.80,6,4161.70,6,4161.60,9,4161.50,10,4162.70,3,4162.80,2,4162.90,2,4163.00,11,4163.10,5,4163.20,2,4163.30,2,4163.40,7,4163.50,10,4163.60,9,Sell,79,111,190,-32.00,11.00,-33.00,2.20,4.5,4162.40,4162.70,4160.50,4162.50,123,141,264,-18.00,11.00,-36.00,2.60,38.5,-51,453,1.0000,0.0313,-104.00,-235.00,4174.43,-0.9228,DOWN,222.05,1.1889,2.4612
20260619 110827 063,4162.50,1,4162.40,4162.70,0.30,4162.40,3,4162.30,6,4162.20,2,4162.10,5,4162.00,4,4161.90,5,4161.80,6,4161.70,6,4161.60,9,4161.50,10,4162.70,3,4162.80,2,4162.90,2,4163.00,11,4163.10,5,4163.20,2,4163.30,2,4163.40,7,4163.50,10,4163.60,9,Sell,79,112,191,-33.00,11.00,-33.00,2.20,4.5,4162.40,4162.70,4160.50,4162.50,123,141,264,-18.00,11.00,-36.00,2.60,38.5,-51,453,1.0000,0.0000,-105.00,-236.00,4174.43,-0.9228,DOWN,222.05,1.1889,2.4612
20260619 110827 063,4162.50,1,4162.40,4162.70,0.30,4162.40,3,4162.30,6,4162.20,2,4162.10,5,4162.00,4,4161.90,5,4161.80,6,4161.70,6,4161.60,9,4161.50,10,4162.70,3,4162.80,2,4162.90,2,4163.00,11,4163.10,5,4163.20,2,4163.30,2,4163.40,7,4163.50,10,4163.60,9,Sell,79,113,192,-34.00,11.00,-34.00,2.20,4.5,4162.40,4162.70,4160.50,4162.50,123,141,264,-18.00,11.00,-36.00,2.60,38.5,-51,453,1.0000,0.0000,-106.00,-237.00,4174.43,-0.9228,DOWN,222.05,1.1889,2.4612
20260619 110827 063,4162.40,1,4162.40,4162.70,0.30,4162.40,3,4162.30,6,4162.20,2,4162.10,5,4162.00,4,4161.90,5,4161.80,6,4161.70,6,4161.60,9,4161.50,10,4162.70,3,4162.80,2,4162.90,2,4163.00,11,4163.10,5,4163.20,2,4163.30,2,4163.40,7,4163.50,10,4163.60,9,Sell,79,114,193,-35.00,11.00,-35.00,2.20,0.0,4162.40,4162.70,4160.50,4162.40,123,141,264,-18.00,11.00,-36.00,2.60,38.5,-51,453,1.0000,0.0000,-107.00,-238.00,4174.42,-0.9260,DOWN,222.05,1.1889,2.4612
20260619 110828 262,4162.70,1,4162.50,4162.80,0.30,4162.50,5,4162.40,4,4162.30,5,4162.20,2,4162.10,5,4162.00,4,4161.90,5,4161.80,6,4161.70,6,4161.60,9,4162.80,2,4162.90,1,4163.00,11,4163.10,4,4163.20,2,4163.30,2,4163.40,7,4163.50,10,4163.60,9,4163.70,9,Buy,80,114,194,-34.00,11.00,-35.00,2.20,13.6,4162.40,4162.70,4160.50,4162.70,123,141,264,-18.00,11.00,-36.00,2.60,38.5,-51,453,1.0000,0.0294,-106.00,-237.00,4174.45,-0.9165,DOWN,222.05,1.1889,2.4612
20260619 110828 893,4162.70,1,4162.50,4162.80,0.30,4162.50,5,4162.40,4,4162.30,5,4162.20,2,4162.10,5,4162.00,4,4161.90,5,4161.80,6,4161.70,5,4161.60,9,4162.80,3,4162.90,3,4163.00,10,4163.10,4,4163.20,2,4163.30,2,4163.40,2,4163.50,5,4163.60,9,4163.70,9,Sell,80,115,195,-35.00,11.00,-35.00,2.20,13.6,4162.40,4162.70,4160.50,4162.70,123,141,264,-18.00,11.00,-36.00,2.60,38.5,-51,453,1.0000,0.0000,-107.00,-238.00,4174.45,-0.9165,DOWN,222.05,1.1889,2.4612
20260619 110830 008,4162.80,1,4162.50,4162.80,0.30,4162.50,4,4162.40,4,4162.30,4,4162.20,2,4162.10,5,4162.00,5,4161.90,5,4161.80,6,4161.70,5,4161.60,9,4162.80,6,4162.90,7,4163.00,10,4163.10,4,4163.20,2,4163.30,2,4163.40,2,4163.50,5,4163.60,9,4163.70,9,Buy,81,115,196,-34.00,11.00,-35.00,2.30,17.4,4162.40,4162.80,4160.50,4162.80,123,141,264,-18.00,11.00,-36.00,2.60,38.5,-51,453,1.0000,0.0294,-106.00,-237.00,4174.46,-0.9133,DOWN,222.05,1.1889,2.4683
20260619 110830 294,4162.70,1,4162.60,4162.80,0.20,4162.60,2,4162.50,5,4162.40,4,4162.30,4,4162.20,2,4162.10,5,4162.00,5,4161.90,5,4161.80,6,4161.70,5,4162.80,1,4162.90,5,4163.00,9,4163.10,5,4163.20,2,4163.30,2,4163.40,2,4163.50,5,4163.60,9,4163.70,9,Buy,82,115,197,-33.00,11.00,-35.00,2.30,13.0,4162.40,4162.80,4160.50,4162.70,123,141,264,-18.00,11.00,-36.00,2.60,38.5,-51,453,1.0000,0.0606,-105.00,-236.00,4174.45,-0.9165,DOWN,222.05,1.1889,2.4683
20260619 110830 294,4162.80,1,4162.60,4162.80,0.20,4162.60,2,4162.50,5,4162.40,4,4162.30,4,4162.20,2,4162.10,5,4162.00,5,4161.90,5,4161.80,6,4161.70,5,4162.80,1,4162.90,5,4163.00,9,4163.10,5,4163.20,2,4163.30,2,4163.40,2,4163.50,5,4163.60,9,4163.70,9,Buy,83,115,198,-32.00,11.00,-35.00,2.30,17.4,4162.40,4162.80,4160.50,4162.80,123,141,264,-18.00,11.00,-36.00,2.60,38.5,-51,453,1.0000,0.0938,-104.00,-235.00,4174.46,-0.9133,DOWN,222.05,1.1889,2.4683
20260619 110830 294,4162.80,1,4162.60,4162.80,0.20,4162.60,2,4162.50,5,4162.40,4,4162.30,4,4162.20,2,4162.10,5,4162.00,5,4161.90,5,4161.80,6,4161.70,5,4162.80,1,4162.90,5,4163.00,9,4163.10,5,4163.20,2,4163.30,2,4163.40,2,4163.50,5,4163.60,9,4163.70,9,Buy,84,115,199,-31.00,11.00,-35.00,2.30,17.4,4162.40,4162.80,4160.50,4162.80,123,141,264,-18.00,11.00,-36.00,2.60,38.5,-51,453,1.0000,0.1290,-103.00,-234.00,4174.46,-0.9133,DOWN,222.05,1.1889,2.4683
20260619 110830 294,4162.80,1,4162.60,4162.80,0.20,4162.60,2,4162.50,5,4162.40,4,4162.30,4,4162.20,2,4162.10,5,4162.00,5,4161.90,5,4161.80,6,4161.70,5,4162.80,1,4162.90,5,4163.00,9,4163.10,5,4163.20,2,4163.30,2,4163.40,2,4163.50,5,4163.60,9,4163.70,9,Buy,85,115,200,-30.00,11.00,-35.00,2.30,17.4,4162.40,4162.80,4160.50,4162.80,123,141,264,-18.00,11.00,-36.00,2.60,38.5,-51,453,1.0000,0.1667,-102.00,-233.00,4174.46,-0.9133,DOWN,222.05,1.1889,2.4683
20260619 110830 294,4162.80,1,4162.60,4162.80,0.20,4162.60,2,4162.50,5,4162.40,4,4162.30,4,4162.20,2,4162.10,5,4162.00,5,4161.90,5,4161.80,6,4161.70,5,4162.80,1,4162.90,5,4163.00,9,4163.10,5,4163.20,2,4163.30,2,4163.40,2,4163.50,5,4163.60,9,4163.70,9,Buy,86,115,201,-29.00,11.00,-35.00,2.30,17.4,4162.40,4162.80,4160.50,4162.80,123,141,264,-18.00,11.00,-36.00,2.60,38.5,-51,453,1.0000,0.2069,-101.00,-232.00,4174.46,-0.9133,DOWN,222.05,1.1889,2.4683
20260619 110830 294,4162.80,1,4162.60,4162.80,0.20,4162.60,2,4162.50,5,4162.40,4,4162.30,4,4162.20,2,4162.10,5,4162.00,5,4161.90,5,4161.80,6,4161.70,5,4162.80,1,4162.90,5,4163.00,9,4163.10,5,4163.20,2,4163.30,2,4163.40,2,4163.50,5,4163.60,9,4163.70,9,Buy,87,115,202,-28.00,11.00,-35.00,2.30,17.4,4162.40,4162.80,4160.50,4162.80,123,141,264,-18.00,11.00,-36.00,2.60,38.5,-51,453,1.0000,0.2500,-100.00,-231.00,4174.46,-0.9133,DOWN,222.05,1.1889,2.4683
20260619 110830 296,4162.70,1,4162.60,4162.80,0.20,4162.60,2,4162.50,5,4162.40,4,4162.30,4,4162.20,2,4162.10,5,4162.00,5,4161.90,5,4161.80,6,4161.70,5,4162.80,1,4162.90,5,4163.00,9,4163.10,5,4163.20,2,4163.30,2,4163.40,2,4163.50,5,4163.60,9,4163.70,9,Sell,87,116,203,-29.00,11.00,-35.00,2.30,13.0,4162.40,4162.80,4160.50,4162.70,123,141,264,-18.00,11.00,-36.00,2.60,38.5,-51,453,1.0000,0.2069,-101.00,-232.00,4174.45,-0.9165,DOWN,222.05,1.1889,2.4683
20260619 110830 443,4162.80,1,4163.10,4163.20,0.10,4162.80,1,4162.70,2,4162.60,4,4162.50,5,4162.40,4,4162.30,4,4162.20,2,4162.10,5,4162.00,5,4161.90,5,4162.90,4,4163.00,9,4163.10,4,4163.20,2,4163.30,2,4163.40,2,4163.50,5,4163.60,9,4163.70,9,4163.80,7,Buy,88,116,204,-28.00,11.00,-35.00,2.30,17.4,4162.40,4162.80,4160.50,4162.80,123,141,264,-18.00,11.00,-36.00,2.60,38.5,-51,453,1.0000,0.2500,-100.00,-231.00,4174.46,-0.9133,DOWN,222.05,1.1889,2.4683
20260619 110830 472,4162.90,1,4163.10,4163.20,0.10,4162.80,1,4162.70,2,4162.60,4,4162.50,5,4162.40,4,4162.30,4,4162.20,2,4162.10,5,4162.00,5,4161.90,5,4162.90,4,4163.00,9,4163.10,4,4163.20,2,4163.30,2,4163.40,2,4163.50,5,4163.60,9,4163.70,9,4163.80,7,Buy,89,116,205,-27.00,11.00,-35.00,2.40,20.8,4162.40,4162.90,4160.50,4162.90,123,141,264,-18.00,11.00,-36.00,2.60,38.5,-51,453,1.0000,0.2963,-99.00,-230.00,4174.47,-0.9101,DOWN,222.05,1.1889,2.4755
20260619 110830 472,4162.90,3,4163.10,4163.20,0.10,4162.80,1,4162.70,2,4162.60,4,4162.50,5,4162.40,4,4162.30,4,4162.20,2,4162.10,5,4162.00,5,4161.90,5,4162.90,4,4163.00,9,4163.10,4,4163.20,2,4163.30,2,4163.40,2,4163.50,5,4163.60,9,4163.70,9,4163.80,7,Buy,92,116,208,-24.00,11.00,-35.00,2.40,20.8,4162.40,4162.90,4160.50,4162.90,123,141,264,-18.00,11.00,-36.00,2.60,38.5,-51,453,1.0000,0.4583,-96.00,-227.00,4174.47,-0.9101,DOWN,222.05,1.1889,2.4755
20260619 110830 474,4163.00,1,4163.10,4163.20,0.10,4162.80,1,4162.70,2,4162.60,4,4162.50,5,4162.40,4,4162.30,4,4162.20,2,4162.10,5,4162.00,5,4161.90,5,4162.90,4,4163.00,9,4163.10,4,4163.20,2,4163.30,2,4163.40,2,4163.50,5,4163.60,9,4163.70,9,4163.80,7,Buy,93,116,209,-23.00,11.00,-35.00,2.50,24.0,4162.40,4163.00,4160.50,4163.00,123,141,264,-18.00,11.00,-36.00,2.60,38.5,-51,453,1.0000,0.5217,-95.00,-226.00,4174.48,-0.9070,DOWN,222.05,1.1889,2.4826
20260619 110830 474,4163.00,1,4163.10,4163.20,0.10,4162.80,1,4162.70,2,4162.60,4,4162.50,5,4162.40,4,4162.30,4,4162.20,2,4162.10,5,4162.00,5,4161.90,5,4162.90,4,4163.00,9,4163.10,4,4163.20,2,4163.30,2,4163.40,2,4163.50,5,4163.60,9,4163.70,9,4163.80,7,Buy,94,116,210,-22.00,11.00,-35.00,2.50,24.0,4162.40,4163.00,4160.50,4163.00,123,141,264,-18.00,11.00,-36.00,2.60,38.5,-51,453,1.0000,0.5909,-94.00,-225.00,4174.48,-0.9070,DOWN,222.05,1.1889,2.4826
20260619 110830 474,4163.00,1,4163.10,4163.20,0.10,4162.80,1,4162.70,2,4162.60,4,4162.50,5,4162.40,4,4162.30,4,4162.20,2,4162.10,5,4162.00,5,4161.90,5,4162.90,4,4163.00,9,4163.10,4,4163.20,2,4163.30,2,4163.40,2,4163.50,5,4163.60,9,4163.70,9,4163.80,7,Buy,95,116,211,-21.00,11.00,-35.00,2.50,24.0,4162.40,4163.00,4160.50,4163.00,123,141,264,-18.00,11.00,-36.00,2.60,38.5,-51,453,1.0000,0.6667,-93.00,-224.00,4174.48,-0.9070,DOWN,222.05,1.1889,2.4826
20260619 110830 474,4163.00,3,4163.10,4163.20,0.10,4162.80,1,4162.70,2,4162.60,4,4162.50,5,4162.40,4,4162.30,4,4162.20,2,4162.10,5,4162.00,5,4161.90,5,4162.90,4,4163.00,9,4163.10,4,4163.20,2,4163.30,2,4163.40,2,4163.50,5,4163.60,9,4163.70,9,4163.80,7,Buy,98,116,214,-18.00,11.00,-35.00,2.50,24.0,4162.40,4163.00,4160.50,4163.00,123,141,264,-18.00,11.00,-36.00,2.60,38.5,-51,453,1.0000,0.9444,-90.00,-221.00,4174.48,-0.9070,DOWN,222.05,1.1889,2.4826
20260619 110830 474,4163.00,1,4163.10,4163.20,0.10,4162.80,1,4162.70,2,4162.60,4,4162.50,5,4162.40,4,4162.30,4,4162.20,2,4162.10,5,4162.00,5,4161.90,5,4162.90,4,4163.00,9,4163.10,4,4163.20,2,4163.30,2,4163.40,2,4163.50,5,4163.60,9,4163.70,9,4163.80,7,Buy,99,116,215,-17.00,11.00,-35.00,2.50,24.0,4162.40,4163.00,4160.50,4163.00,123,141,264,-18.00,11.00,-36.00,2.60,38.5,-51,453,1.0000,1.0588,-89.00,-220.00,4174.48,-0.9070,DOWN,222.05,1.1889,2.4826
20260619 110830 474,4163.00,1,4163.10,4163.20,0.10,4162.80,1,4162.70,2,4162.60,4,4162.50,5,4162.40,4,4162.30,4,4162.20,2,4162.10,5,4162.00,5,4161.90,5,4162.90,4,4163.00,9,4163.10,4,4163.20,2,4163.30,2,4163.40,2,4163.50,5,4163.60,9,4163.70,9,4163.80,7,Buy,100,116,216,-16.00,11.00,-35.00,2.50,24.0,4162.40,4163.00,4160.50,4163.00,123,141,264,-18.00,11.00,-36.00,2.60,38.5,-51,453,1.0000,1.1875,-88.00,-219.00,4174.48,-0.9070,DOWN,222.05,1.1889,2.4826
20260619 110830 474,4163.00,1,4163.10,4163.20,0.10,4162.80,1,4162.70,2,4162.60,4,4162.50,5,4162.40,4,4162.30,4,4162.20,2,4162.10,5,4162.00,5,4161.90,5,4162.90,4,4163.00,9,4163.10,4,4163.20,2,4163.30,2,4163.40,2,4163.50,5,4163.60,9,4163.70,9,4163.80,7,Buy,101,116,217,-15.00,11.00,-35.00,2.50,24.0,4162.40,4163.00,4160.50,4163.00,123,141,264,-18.00,11.00,-36.00,2.60,38.5,-51,453,1.0000,1.3333,-87.00,-218.00,4174.48,-0.9070,DOWN,222.05,1.1889,2.4826
20260619 110830 476,4163.10,1,4163.10,4163.20,0.10,4162.80,1,4162.70,2,4162.60,4,4162.50,5,4162.40,4,4162.30,4,4162.20,2,4162.10,5,4162.00,5,4161.90,5,4162.90,4,4163.00,9,4163.10,4,4163.20,2,4163.30,2,4163.40,2,4163.50,5,4163.60,9,4163.70,9,4163.80,7,Buy,102,116,218,-14.00,11.00,-35.00,2.60,26.9,4162.40,4163.10,4160.50,4163.10,123,141,264,-18.00,11.00,-36.00,2.60,38.5,-51,453,1.0000,1.5000,-86.00,-217.00,4174.49,-0.9038,DOWN,222.05,1.1889,2.4897
20260619 110830 479,4163.00,1,4163.10,4163.20,0.10,4162.80,1,4162.70,2,4162.60,4,4162.50,5,4162.40,4,4162.30,4,4162.20,2,4162.10,5,4162.00,5,4161.90,5,4162.90,4,4163.00,9,4163.10,4,4163.20,2,4163.30,2,4163.40,2,4163.50,5,4163.60,9,4163.70,9,4163.80,7,Sell,102,117,219,-15.00,11.00,-35.00,2.60,23.1,4162.40,4163.10,4160.50,4163.00,123,141,264,-18.00,11.00,-36.00,2.60,38.5,-51,453,1.0000,1.3333,-87.00,-218.00,4174.48,-0.9070,DOWN,222.05,1.1889,2.4897
20260619 110830 483,4163.10,1,4163.10,4163.20,0.10,4162.80,1,4162.70,2,4162.60,4,4162.50,5,4162.40,4,4162.30,4,4162.20,2,4162.10,5,4162.00,5,4161.90,5,4162.90,4,4163.00,9,4163.10,4,4163.20,2,4163.30,2,4163.40,2,4163.50,5,4163.60,9,4163.70,9,4163.80,7,Sell,102,118,220,-16.00,11.00,-35.00,2.60,26.9,4162.40,4163.10,4160.50,4163.10,123,141,264,-18.00,11.00,-36.00,2.60,38.5,-51,453,1.0000,1.1875,-88.00,-219.00,4174.49,-0.9038,DOWN,222.05,1.1889,2.4897
20260619 110830 663,4163.20,1,4163.00,4163.30,0.30,4163.00,3,4162.90,4,4162.80,5,4162.70,3,4162.60,5,4162.50,5,4162.40,5,4162.30,5,4162.20,2,4162.10,5,4163.30,4,4163.40,2,4163.50,4,4163.60,4,4163.70,4,4163.80,2,4163.90,8,4164.00,10,4164.10,9,4164.20,7,Buy,103,118,221,-15.00,11.00,-35.00,2.70,29.6,4162.40,4163.20,4160.50,4163.20,123,141,264,-18.00,11.00,-36.00,2.60,38.5,-51,453,1.0000,1.3333,-87.00,-218.00,4174.50,-0.9006,DOWN,222.05,1.1889,2.4969
20260619 110830 663,4163.20,1,4163.00,4163.30,0.30,4163.00,3,4162.90,4,4162.80,5,4162.70,3,4162.60,5,4162.50,5,4162.40,5,4162.30,5,4162.20,2,4162.10,5,4163.30,4,4163.40,2,4163.50,4,4163.60,4,4163.70,4,4163.80,2,4163.90,8,4164.00,10,4164.10,9,4164.20,7,Buy,104,118,222,-14.00,11.00,-35.00,2.70,29.6,4162.40,4163.20,4160.50,4163.20,123,141,264,-18.00,11.00,-36.00,2.60,38.5,-51,453,1.0000,1.5000,-86.00,-217.00,4174.50,-0.9006,DOWN,222.05,1.1889,2.4969
20260619 110832 614,4162.80,1,4162.70,4162.90,0.20,4162.70,1,4162.60,3,4162.50,6,4162.40,4,4162.30,5,4162.20,3,4162.10,5,4162.00,3,4161.90,4,4161.80,13,4162.90,2,4163.00,3,4163.10,4,4163.20,3,4163.30,4,4163.40,3,4163.50,4,4163.60,5,4163.70,4,4163.80,7,Sell,104,119,223,-15.00,11.00,-35.00,2.70,14.8,4162.40,4163.20,4160.50,4162.80,123,141,264,-18.00,11.00,-36.00,2.60,38.5,-51,453,1.0000,1.3333,-87.00,-218.00,4174.46,-0.9133,DOWN,222.05,1.1889,2.4969
20260619 110833 475,4162.50,1,4162.50,4162.80,0.30,4162.50,3,4162.40,4,4162.30,4,4162.20,3,4162.10,5,4162.00,3,4161.90,4,4161.80,5,4161.70,12,4161.60,9,4162.80,3,4162.90,4,4163.00,3,4163.10,5,4163.20,5,4163.30,4,4163.40,3,4163.50,4,4163.60,5,4163.70,9,Sell,104,120,224,-16.00,11.00,-35.00,2.70,3.7,4162.40,4163.20,4160.50,4162.50,123,141,264,-18.00,11.00,-36.00,2.60,38.5,-51,453,1.0000,1.1875,-88.00,-219.00,4174.43,-0.9228,DOWN,222.05,1.1889,2.4969
20260619 110834 631,4162.70,1,4162.60,4162.90,0.30,4162.60,3,4162.50,5,4162.40,4,4162.30,4,4162.20,2,4162.10,5,4162.00,3,4161.90,4,4161.80,5,4161.70,12,4162.90,3,4163.00,4,4163.10,5,4163.20,5,4163.30,4,4163.40,3,4163.50,4,4163.60,5,4163.70,9,4163.80,7,Sell,104,121,225,-17.00,11.00,-35.00,2.70,11.1,4162.40,4163.20,4160.50,4162.70,123,141,264,-18.00,11.00,-36.00,2.60,38.5,-51,453,1.0000,1.0588,-89.00,-220.00,4174.45,-0.9165,DOWN,222.05,1.1889,2.4969
20260619 110834 837,4162.60,1,4162.80,4162.90,0.10,4162.90,1,4162.80,3,4162.70,2,4162.60,6,4162.50,4,4162.40,4,4162.30,4,4162.20,2,4162.10,5,4162.00,3,4163.00,1,4163.10,5,4163.20,3,4163.30,4,4163.40,2,4163.50,4,4163.60,5,4163.70,4,4163.80,7,4163.90,8,Sell,104,122,226,-18.00,11.00,-35.00,2.70,7.4,4162.40,4163.20,4160.50,4162.60,123,141,264,-18.00,11.00,-36.00,2.60,38.5,-51,453,1.0000,0.9444,-90.00,-221.00,4174.44,-0.9197,DOWN,222.05,1.1889,2.4969
20260619 110834 840,4162.80,1,4162.80,4162.90,0.10,4162.90,1,4162.80,3,4162.70,2,4162.60,6,4162.50,4,4162.40,4,4162.30,4,4162.20,2,4162.10,5,4162.00,3,4163.00,1,4163.10,5,4163.20,3,4163.30,4,4163.40,2,4163.50,4,4163.60,5,4163.70,4,4163.80,7,4163.90,8,Buy,105,122,227,-17.00,11.00,-35.00,2.70,14.8,4162.40,4163.20,4160.50,4162.80,123,141,264,-18.00,11.00,-36.00,2.60,38.5,-51,453,1.0000,1.0588,-89.00,-220.00,4174.46,-0.9133,DOWN,222.05,1.1889,2.4969
20260619 110834 840,4162.80,1,4162.80,4162.90,0.10,4162.90,1,4162.80,3,4162.70,2,4162.60,6,4162.50,4,4162.40,4,4162.30,4,4162.20,2,4162.10,5,4162.00,3,4163.00,1,4163.10,5,4163.20,3,4163.30,4,4163.40,2,4163.50,4,4163.60,5,4163.70,4,4163.80,7,4163.90,8,Buy,106,122,228,-16.00,11.00,-35.00,2.70,14.8,4162.40,4163.20,4160.50,4162.80,123,141,264,-18.00,11.00,-36.00,2.60,38.5,-51,453,1.0000,1.1875,-88.00,-219.00,4174.46,-0.9133,DOWN,222.05,1.1889,2.4969
20260619 110834 853,4162.80,1,4162.80,4162.90,0.10,4162.90,1,4162.80,3,4162.70,2,4162.60,6,4162.50,4,4162.40,4,4162.30,4,4162.20,2,4162.10,5,4162.00,3,4163.00,1,4163.10,5,4163.20,3,4163.30,4,4163.40,2,4163.50,4,4163.60,5,4163.70,4,4163.80,7,4163.90,8,Buy,107,122,229,-15.00,11.00,-35.00,2.70,14.8,4162.40,4163.20,4160.50,4162.80,123,141,264,-18.00,11.00,-36.00,2.60,38.5,-51,453,1.0000,1.3333,-87.00,-218.00,4174.46,-0.9133,DOWN,222.05,1.1889,2.4969
20260619 110834 853,4162.90,1,4162.80,4162.90,0.10,4162.90,1,4162.80,3,4162.70,2,4162.60,6,4162.50,4,4162.40,4,4162.30,4,4162.20,2,4162.10,5,4162.00,3,4163.00,1,4163.10,5,4163.20,3,4163.30,4,4163.40,2,4163.50,4,4163.60,5,4163.70,4,4163.80,7,4163.90,8,Buy,108,122,230,-14.00,11.00,-35.00,2.70,18.5,4162.40,4163.20,4160.50,4162.90,123,141,264,-18.00,11.00,-36.00,2.60,38.5,-51,453,1.0000,1.5000,-86.00,-217.00,4174.47,-0.9101,DOWN,222.05,1.1889,2.4969
20260619 110834 853,4162.90,1,4162.80,4162.90,0.10,4162.90,1,4162.80,3,4162.70,2,4162.60,6,4162.50,4,4162.40,4,4162.30,4,4162.20,2,4162.10,5,4162.00,3,4163.00,1,4163.10,5,4163.20,3,4163.30,4,4163.40,2,4163.50,4,4163.60,5,4163.70,4,4163.80,7,4163.90,8,Buy,109,122,231,-13.00,11.00,-35.00,2.70,18.5,4162.40,4163.20,4160.50,4162.90,123,141,264,-18.00,11.00,-36.00,2.60,38.5,-51,453,1.0000,1.6923,-85.00,-216.00,4174.47,-0.9101,DOWN,222.05,1.1889,2.4969
20260619 110834 855,4162.90,1,4162.80,4162.90,0.10,4162.90,1,4162.80,3,4162.70,2,4162.60,6,4162.50,4,4162.40,4,4162.30,4,4162.20,2,4162.10,5,4162.00,3,4163.00,1,4163.10,5,4163.20,3,4163.30,4,4163.40,2,4163.50,4,4163.60,5,4163.70,4,4163.80,7,4163.90,8,Buy,110,122,232,-12.00,11.00,-35.00,2.70,18.5,4162.40,4163.20,4160.50,4162.90,123,141,264,-18.00,11.00,-36.00,2.60,38.5,-51,453,1.0000,1.9167,-84.00,-215.00,4174.47,-0.9101,DOWN,222.05,1.1889,2.4969
20260619 110835 043,4163.00,1,4162.90,4163.10,0.20,4162.90,2,4162.80,3,4162.70,2,4162.60,7,4162.50,4,4162.40,4,4162.30,4,4162.20,2,4162.10,5,4162.00,3,4163.10,2,4163.20,3,4163.30,4,4163.40,2,4163.50,4,4163.60,5,4163.70,4,4163.80,2,4163.90,8,4164.00,10,Buy,111,122,233,-11.00,11.00,-35.00,2.70,22.2,4162.40,4163.20,4160.50,4163.00,123,141,264,-18.00,11.00,-36.00,2.60,38.5,-51,453,1.0000,2.1818,-83.00,-214.00,4174.48,-0.9070,DOWN,222.05,1.1889,2.4969
20260619 110835 114,4163.10,1,4162.90,4163.10,0.20,4162.90,2,4162.80,3,4162.70,3,4162.60,7,4162.50,4,4162.40,4,4162.30,4,4162.20,2,4162.10,5,4162.00,11,4163.10,2,4163.20,3,4163.30,4,4163.40,2,4163.50,4,4163.60,5,4163.70,4,4163.80,2,4163.90,8,4164.00,10,Buy,112,122,234,-10.00,11.00,-35.00,2.70,25.9,4162.40,4163.20,4160.50,4163.10,123,141,264,-18.00,11.00,-36.00,2.60,38.5,-51,453,1.0000,2.5000,-82.00,-213.00,4174.49,-0.9038,DOWN,222.05,1.1889,2.4969
20260619 110835 186,4163.00,1,4162.90,4163.10,0.20,4162.90,2,4162.80,3,4162.70,3,4162.60,7,4162.50,4,4162.40,4,4162.30,4,4162.20,2,4162.10,5,4162.00,11,4163.10,3,4163.20,3,4163.30,4,4163.40,2,4163.50,4,4163.60,5,4163.70,4,4163.80,2,4163.90,8,4164.00,10,Sell,112,123,235,-11.00,11.00,-35.00,2.70,22.2,4162.40,4163.20,4160.50,4163.00,123,141,264,-18.00,11.00,-36.00,2.60,38.5,-51,453,1.0000,2.1818,-83.00,-214.00,4174.48,-0.9070,DOWN,222.05,1.1889,2.4969
20260619 110835 186,4163.00,1,4162.90,4163.10,0.20,4162.90,2,4162.80,3,4162.70,3,4162.60,7,4162.50,4,4162.40,4,4162.30,4,4162.20,2,4162.10,5,4162.00,11,4163.10,3,4163.20,3,4163.30,4,4163.40,2,4163.50,4,4163.60,5,4163.70,4,4163.80,2,4163.90,8,4164.00,10,Sell,112,124,236,-12.00,11.00,-35.00,2.70,22.2,4162.40,4163.20,4160.50,4163.00,123,141,264,-18.00,11.00,-36.00,2.60,38.5,-51,453,1.0000,1.9167,-84.00,-215.00,4174.48,-0.9070,DOWN,222.05,1.1889,2.4969
20260619 110835 873,4163.20,1,4163.00,4163.30,0.30,4163.00,3,4162.90,3,4162.80,3,4162.70,3,4162.60,7,4162.50,4,4162.40,4,4162.30,5,4162.20,10,4162.10,13,4163.30,3,4163.40,2,4163.50,4,4163.60,5,4163.70,4,4163.80,2,4163.90,8,4164.00,10,4164.10,9,4164.20,7,Buy,113,124,237,-11.00,11.00,-35.00,2.70,29.6,4162.40,4163.20,4160.50,4163.20,123,141,264,-18.00,11.00,-36.00,2.60,38.5,-51,453,1.0000,2.1818,-83.00,-214.00,4174.50,-0.9006,DOWN,222.05,1.1889,2.4969
20260619 110835 873,4163.30,1,4163.00,4163.30,0.30,4163.00,3,4162.90,3,4162.80,3,4162.70,3,4162.60,7,4162.50,4,4162.40,4,4162.30,5,4162.20,10,4162.10,13,4163.30,3,4163.40,2,4163.50,4,4163.60,5,4163.70,4,4163.80,2,4163.90,8,4164.00,10,4164.10,9,4164.20,7,Buy,114,124,238,-10.00,11.00,-35.00,2.80,32.1,4162.40,4163.30,4160.50,4163.30,123,141,264,-18.00,11.00,-36.00,2.60,38.5,-51,453,1.0000,2.5000,-82.00,-213.00,4174.51,-0.8974,DOWN,222.05,1.1889,2.5040
20260619 110836 146,4163.10,1,4163.00,4163.20,0.20,4163.00,1,4162.90,3,4162.80,4,4162.70,3,4162.60,7,4162.50,5,4162.40,5,4162.30,6,4162.20,1,4162.10,13,4163.20,2,4163.30,6,4163.40,3,4163.50,3,4163.60,3,4163.70,4,4163.80,2,4163.90,3,4164.00,5,4164.10,9,Sell,114,125,239,-11.00,11.00,-35.00,2.80,25.0,4162.40,4163.30,4160.50,4163.10,123,141,264,-18.00,11.00,-36.00,2.60,38.5,-51,453,1.0000,2.1818,-83.00,-214.00,4174.49,-0.9038,DOWN,222.05,1.1889,2.5040
20260619 110836 146,4163.10,1,4163.00,4163.20,0.20,4163.00,1,4162.90,3,4162.80,4,4162.70,3,4162.60,7,4162.50,5,4162.40,5,4162.30,6,4162.20,1,4162.10,13,4163.20,2,4163.30,6,4163.40,3,4163.50,3,4163.60,3,4163.70,4,4163.80,2,4163.90,3,4164.00,5,4164.10,9,Sell,114,126,240,-12.00,11.00,-35.00,2.80,25.0,4162.40,4163.30,4160.50,4163.10,123,141,264,-18.00,11.00,-36.00,2.60,38.5,-51,453,1.0000,1.9167,-84.00,-215.00,4174.49,-0.9038,DOWN,222.05,1.1889,2.5040
20260619 110836 146,4163.10,1,4163.00,4163.20,0.20,4163.00,1,4162.90,3,4162.80,4,4162.70,3,4162.60,7,4162.50,5,4162.40,5,4162.30,6,4162.20,1,4162.10,13,4163.20,2,4163.30,6,4163.40,3,4163.50,3,4163.60,3,4163.70,4,4163.80,2,4163.90,3,4164.00,5,4164.10,9,Sell,114,127,241,-13.00,11.00,-35.00,2.80,25.0,4162.40,4163.30,4160.50,4163.10,123,141,264,-18.00,11.00,-36.00,2.60,38.5,-51,453,1.0000,1.6923,-85.00,-216.00,4174.49,-0.9038,DOWN,222.05,1.1889,2.5040
20260619 110836 482,4162.90,1,4162.60,4162.90,0.30,4162.60,6,4162.50,4,4162.40,5,4162.30,6,4162.20,2,4162.10,5,4162.00,3,4161.90,4,4161.80,13,4161.70,12,4162.90,3,4163.00,4,4163.10,4,4163.20,2,4163.30,4,4163.40,3,4163.50,4,4163.60,4,4163.70,4,4163.80,2,Sell,114,128,242,-14.00,11.00,-35.00,2.80,17.9,4162.40,4163.30,4160.50,4162.90,123,141,264,-18.00,11.00,-36.00,2.60,38.5,-51,453,1.0000,1.5000,-86.00,-217.00,4174.47,-0.9101,DOWN,222.05,1.1889,2.5040
20260619 110837 306,4162.80,1,4162.70,4162.90,0.20,4162.70,3,4162.60,5,4162.50,4,4162.40,4,4162.30,6,4162.20,2,4162.10,5,4162.00,3,4161.90,4,4161.80,13,4162.90,1,4163.00,4,4163.10,4,4163.20,2,4163.30,4,4163.40,4,4163.50,4,4163.60,4,4163.70,4,4163.80,2,Buy,115,128,243,-13.00,11.00,-35.00,2.80,14.3,4162.40,4163.30,4160.50,4162.80,123,141,264,-18.00,11.00,-36.00,2.60,38.5,-51,453,1.0000,1.6923,-85.00,-216.00,4174.46,-0.9133,DOWN,222.05,1.1889,2.5040
20260619 110837 594,4162.70,1,4162.60,4162.90,0.30,4162.60,5,4162.50,4,4162.40,4,4162.30,6,4162.20,2,4162.10,5,4162.00,3,4161.90,4,4161.80,13,4161.70,12,4162.90,5,4163.00,4,4163.10,4,4163.20,2,4163.30,4,4163.40,4,4163.50,4,4163.60,4,4163.70,4,4163.80,2,Sell,115,129,244,-14.00,11.00,-35.00,2.80,10.7,4162.40,4163.30,4160.50,4162.70,123,141,264,-18.00,11.00,-36.00,2.60,38.5,-51,453,1.0000,1.5000,-86.00,-217.00,4174.45,-0.9165,DOWN,222.05,1.1889,2.5040
20260619 110837 594,4162.70,1,4162.60,4162.90,0.30,4162.60,5,4162.50,4,4162.40,4,4162.30,6,4162.20,2,4162.10,5,4162.00,3,4161.90,4,4161.80,13,4161.70,12,4162.90,5,4163.00,4,4163.10,4,4163.20,2,4163.30,4,4163.40,4,4163.50,4,4163.60,4,4163.70,4,4163.80,2,Sell,115,130,245,-15.00,11.00,-35.00,2.80,10.7,4162.40,4163.30,4160.50,4162.70,123,141,264,-18.00,11.00,-36.00,2.60,38.5,-51,453,1.0000,1.3333,-87.00,-218.00,4174.45,-0.9165,DOWN,222.05,1.1889,2.5040
20260619 110837 594,4162.70,1,4162.60,4162.90,0.30,4162.60,5,4162.50,4,4162.40,4,4162.30,6,4162.20,2,4162.10,5,4162.00,3,4161.90,4,4161.80,13,4161.70,12,4162.90,5,4163.00,4,4163.10,4,4163.20,2,4163.30,4,4163.40,4,4163.50,4,4163.60,4,4163.70,4,4163.80,2,Sell,115,131,246,-16.00,11.00,-35.00,2.80,10.7,4162.40,4163.30,4160.50,4162.70,123,141,264,-18.00,11.00,-36.00,2.60,38.5,-51,453,1.0000,1.1875,-88.00,-219.00,4174.45,-0.9165,DOWN,222.05,1.1889,2.5040
20260619 110838 130,4162.90,1,4162.70,4163.00,0.30,4162.70,4,4162.60,6,4162.50,4,4162.40,4,4162.30,6,4162.20,2,4162.10,5,4162.00,3,4161.90,12,4161.80,13,4163.00,2,4163.10,3,4163.20,2,4163.30,5,4163.40,3,4163.50,4,4163.60,4,4163.70,4,4163.80,7,4163.90,8,Buy,116,131,247,-15.00,11.00,-35.00,2.80,17.9,4162.40,4163.30,4160.50,4162.90,123,141,264,-18.00,11.00,-36.00,2.60,38.5,-51,453,1.0000,1.3333,-87.00,-218.00,4174.47,-0.9101,DOWN,222.05,1.1889,2.5040
20260619 110838 130,4162.90,1,4162.70,4163.00,0.30,4162.70,4,4162.60,6,4162.50,4,4162.40,4,4162.30,6,4162.20,2,4162.10,5,4162.00,3,4161.90,12,4161.80,13,4163.00,2,4163.10,3,4163.20,2,4163.30,5,4163.40,3,4163.50,4,4163.60,4,4163.70,4,4163.80,7,4163.90,8,Buy,117,131,248,-14.00,11.00,-35.00,2.80,17.9,4162.40,4163.30,4160.50,4162.90,123,141,264,-18.00,11.00,-36.00,2.60,38.5,-51,453,1.0000,1.5000,-86.00,-217.00,4174.47,-0.9101,DOWN,222.05,1.1889,2.5040
20260619 110838 130,4162.90,1,4162.70,4163.00,0.30,4162.70,4,4162.60,6,4162.50,4,4162.40,4,4162.30,6,4162.20,2,4162.10,5,4162.00,3,4161.90,12,4161.80,13,4163.00,2,4163.10,3,4163.20,2,4163.30,5,4163.40,3,4163.50,4,4163.60,4,4163.70,4,4163.80,7,4163.90,8,Buy,118,131,249,-13.00,11.00,-35.00,2.80,17.9,4162.40,4163.30,4160.50,4162.90,123,141,264,-18.00,11.00,-36.00,2.60,38.5,-51,453,1.0000,1.6923,-85.00,-216.00,4174.47,-0.9101,DOWN,222.05,1.1889,2.5040
20260619 110838 131,4163.00,1,4162.70,4163.00,0.30,4162.70,4,4162.60,6,4162.50,4,4162.40,4,4162.30,6,4162.20,2,4162.10,5,4162.00,3,4161.90,12,4161.80,13,4163.00,2,4163.10,3,4163.20,2,4163.30,5,4163.40,3,4163.50,4,4163.60,4,4163.70,4,4163.80,7,4163.90,8,Buy,119,131,250,-12.00,11.00,-35.00,2.80,21.4,4162.40,4163.30,4160.50,4163.00,123,141,264,-18.00,11.00,-36.00,2.60,38.5,-51,453,1.0000,1.9167,-84.00,-215.00,4174.48,-0.9070,DOWN,222.05,1.1889,2.5040
20260619 110838 131,4163.00,1,4162.70,4163.00,0.30,4162.70,4,4162.60,6,4162.50,4,4162.40,4,4162.30,6,4162.20,2,4162.10,5,4162.00,3,4161.90,12,4161.80,13,4163.00,2,4163.10,3,4163.20,2,4163.30,5,4163.40,3,4163.50,4,4163.60,4,4163.70,4,4163.80,7,4163.90,8,Buy,120,131,251,-11.00,11.00,-35.00,2.80,21.4,4162.40,4163.30,4160.50,4163.00,123,141,264,-18.00,11.00,-36.00,2.60,38.5,-51,453,1.0000,2.1818,-83.00,-214.00,4174.48,-0.9070,DOWN,222.05,1.1889,2.5040
20260619 110838 204,4162.70,1,4162.70,4162.90,0.20,4162.70,2,4162.60,6,4162.50,4,4162.40,4,4162.30,6,4162.20,2,4162.10,5,4162.00,3,4161.90,12,4161.80,13,4162.90,2,4163.00,3,4163.10,3,4163.20,2,4163.30,5,4163.40,3,4163.50,4,4163.60,4,4163.70,4,4163.80,7,Sell,120,132,252,-12.00,11.00,-35.00,2.80,10.7,4162.40,4163.30,4160.50,4162.70,123,141,264,-18.00,11.00,-36.00,2.60,38.5,-51,453,1.0000,1.9167,-84.00,-215.00,4174.45,-0.9165,DOWN,222.05,1.1889,2.5040
20260619 110839 107,4163.00,1,4163.00,4163.20,0.20,4163.00,2,4162.90,4,4162.80,4,4162.70,2,4162.60,8,4162.50,5,4162.40,4,4162.30,5,4162.20,2,4162.10,13,4163.20,3,4163.30,5,4163.40,2,4163.50,3,4163.60,4,4163.70,4,4163.80,2,4163.90,8,4164.00,10,4164.10,9,Buy,121,132,253,-11.00,11.00,-35.00,2.80,21.4,4162.40,4163.30,4160.50,4163.00,123,141,264,-18.00,11.00,-36.00,2.60,38.5,-51,453,1.0000,2.1818,-83.00,-214.00,4174.48,-0.9070,DOWN,222.05,1.1889,2.5040
20260619 110839 116,4163.10,1,4163.00,4163.20,0.20,4163.00,2,4162.90,4,4162.80,4,4162.70,2,4162.60,8,4162.50,5,4162.40,4,4162.30,5,4162.20,2,4162.10,13,4163.20,3,4163.30,5,4163.40,2,4163.50,3,4163.60,4,4163.70,4,4163.80,2,4163.90,8,4164.00,10,4164.10,9,Buy,122,132,254,-10.00,11.00,-35.00,2.80,25.0,4162.40,4163.30,4160.50,4163.10,123,141,264,-18.00,11.00,-36.00,2.60,38.5,-51,453,1.0000,2.5000,-82.00,-213.00,4174.49,-0.9038,DOWN,222.05,1.1889,2.5040
20260619 110839 116,4163.10,1,4163.00,4163.20,0.20,4163.00,2,4162.90,4,4162.80,4,4162.70,2,4162.60,8,4162.50,5,4162.40,4,4162.30,5,4162.20,2,4162.10,13,4163.20,3,4163.30,5,4163.40,2,4163.50,3,4163.60,4,4163.70,4,4163.80,2,4163.90,8,4164.00,10,4164.10,9,Buy,123,132,255,-9.00,11.00,-35.00,2.80,25.0,4162.40,4163.30,4160.50,4163.10,123,141,264,-18.00,11.00,-36.00,2.60,38.5,-51,453,1.0000,2.8889,-81.00,-212.00,4174.49,-0.9038,DOWN,222.05,1.1889,2.5040
20260619 110839 730,4163.40,1,4163.30,4163.50,0.20,4163.20,1,4163.10,3,4163.00,4,4162.90,4,4162.80,4,4162.70,2,4162.60,8,4162.50,5,4162.40,5,4162.30,5,4163.40,1,4163.50,2,4163.60,4,4163.70,5,4163.80,2,4163.90,3,4164.00,5,4164.10,9,4164.20,7,4164.30,10,Buy,124,132,256,-8.00,11.00,-35.00,2.90,34.5,4162.40,4163.40,4160.50,4163.40,123,141,264,-18.00,11.00,-36.00,2.60,38.5,-51,453,1.0000,3.3750,-80.00,-211.00,4174.52,-0.8943,DOWN,222.05,1.1889,2.5112
20260619 110839 731,4163.50,1,4163.30,4163.50,0.20,4163.20,1,4163.10,3,4163.00,4,4162.90,4,4162.80,4,4162.70,2,4162.60,8,4162.50,5,4162.40,5,4162.30,5,4163.40,1,4163.50,2,4163.60,4,4163.70,5,4163.80,2,4163.90,3,4164.00,5,4164.10,9,4164.20,7,4164.30,10,Buy,125,132,257,-7.00,11.00,-35.00,3.00,36.7,4162.40,4163.50,4160.50,4163.50,123,141,264,-18.00,11.00,-36.00,2.60,38.5,-51,453,1.0000,4.0000,-79.00,-210.00,4174.53,-0.8911,DOWN,222.05,1.1889,2.5183
20260619 110839 731,4163.50,1,4163.30,4163.50,0.20,4163.20,1,4163.10,3,4163.00,4,4162.90,4,4162.80,4,4162.70,2,4162.60,8,4162.50,5,4162.40,5,4162.30,5,4163.40,1,4163.50,2,4163.60,4,4163.70,5,4163.80,2,4163.90,3,4164.00,5,4164.10,9,4164.20,7,4164.30,10,Buy,126,132,258,-6.00,11.00,-35.00,3.00,36.7,4162.40,4163.50,4160.50,4163.50,123,141,264,-18.00,11.00,-36.00,2.60,38.5,-51,453,1.0000,4.8333,-78.00,-209.00,4174.53,-0.8911,DOWN,222.05,1.1889,2.5183
20260619 110839 734,4163.60,1,4163.90,4164.00,0.10,4163.90,1,4163.80,3,4163.70,4,4163.60,3,4163.50,2,4163.40,3,4163.30,4,4163.20,4,4163.10,3,4163.00,5,4164.00,1,4164.10,2,4164.20,2,4164.30,5,4164.40,7,4164.50,7,4164.60,11,4164.70,9,4164.80,10,4164.90,11,Buy,127,132,259,-5.00,11.00,-35.00,3.10,38.7,4162.40,4163.60,4160.50,4163.60,123,141,264,-18.00,11.00,-36.00,2.60,38.5,-51,453,1.0000,6.0000,-77.00,-208.00,4174.54,-0.8879,DOWN,222.05,1.1889,2.5255
20260619 110839 734,4163.60,1,4163.90,4164.00,0.10,4163.90,1,4163.80,3,4163.70,4,4163.60,3,4163.50,2,4163.40,3,4163.30,4,4163.20,4,4163.10,3,4163.00,5,4164.00,1,4164.10,2,4164.20,2,4164.30,5,4164.40,7,4164.50,7,4164.60,11,4164.70,9,4164.80,10,4164.90,11,Buy,128,132,260,-4.00,11.00,-35.00,3.10,38.7,4162.40,4163.60,4160.50,4163.60,123,141,264,-18.00,11.00,-36.00,2.60,38.5,-51,453,1.0000,7.7500,-76.00,-207.00,4174.54,-0.8879,DOWN,222.05,1.1889,2.5255
20260619 110839 762,4163.80,1,4163.90,4164.00,0.10,4163.90,1,4163.80,3,4163.70,4,4163.60,3,4163.50,2,4163.40,3,4163.30,4,4163.20,4,4163.10,3,4163.00,5,4164.00,1,4164.10,2,4164.20,2,4164.30,5,4164.40,7,4164.50,7,4164.60,11,4164.70,9,4164.80,10,4164.90,11,Buy,129,132,261,-3.00,11.00,-35.00,3.30,42.4,4162.40,4163.80,4160.50,4163.80,123,141,264,-18.00,11.00,-36.00,2.60,38.5,-51,453,1.0000,10.6667,-75.00,-206.00,4174.56,-0.8816,DOWN,222.05,1.1889,2.5397
20260619 110840 572,4163.80,1,4163.50,4163.70,0.20,4163.50,2,4163.40,3,4163.30,4,4163.20,4,4163.10,3,4163.00,5,4162.90,4,4162.80,4,4162.70,3,4162.60,16,4163.70,2,4163.80,2,4164.00,3,4164.10,2,4164.20,3,4164.30,6,4164.40,7,4164.50,7,4164.60,11,4164.70,9,Sell,129,133,262,-4.00,11.00,-35.00,3.30,42.4,4162.40,4163.80,4160.50,4163.80,123,141,264,-18.00,11.00,-36.00,2.60,38.5,-51,453,1.0000,7.7500,-76.00,-207.00,4174.56,-0.8816,DOWN,222.05,1.1889,2.5397
20260619 110841 019,4163.60,1,4163.40,4163.60,0.20,4163.50,1,4163.40,2,4163.30,4,4163.20,4,4163.10,3,4163.00,5,4162.90,4,4162.80,4,4162.70,3,4162.60,16,4163.60,1,4163.70,2,4163.80,1,4163.90,1,4164.00,3,4164.10,2,4164.20,3,4164.30,6,4164.40,7,4164.50,7,Buy,130,133,263,-3.00,11.00,-35.00,3.30,36.4,4162.40,4163.80,4160.50,4163.60,123,141,264,-18.00,11.00,-36.00,2.60,38.5,-51,453,1.0000,10.6667,-75.00,-206.00,4174.54,-0.8879,DOWN,222.05,1.1889,2.5397
20260619 110841 222,4163.60,1,4163.50,4163.60,0.10,4163.50,3,4163.40,2,4163.30,4,4163.20,4,4163.10,3,4163.00,5,4162.90,4,4162.80,4,4162.70,3,4162.60,16,4163.80,4,4163.90,5,4164.00,3,4164.10,3,4164.20,4,4164.30,6,4164.40,7,4164.50,7,4164.60,11,4164.70,9,Buy,131,133,264,-2.00,11.00,-35.00,3.30,36.4,4162.40,4163.80,4160.50,4163.60,123,141,264,-18.00,11.00,-36.00,2.60,38.5,-51,453,1.0000,16.5000,-74.00,-205.00,4174.54,-0.8879,DOWN,222.05,1.1889,2.5397
20260619 110841 748,4163.50,1,4163.50,4163.70,0.20,4163.50,1,4163.40,2,4163.30,4,4163.20,4,4163.10,3,4163.00,5,4162.90,4,4162.80,4,4162.70,3,4162.60,16,4163.70,3,4163.80,3,4163.90,5,4164.00,3,4164.10,3,4164.20,4,4164.30,6,4164.40,7,4164.50,5,4164.60,11,Sell,131,134,265,-3.00,11.00,-35.00,3.30,33.3,4162.40,4163.80,4160.50,4163.50,123,141,264,-18.00,11.00,-36.00,2.60,38.5,-51,453,1.0000,10.6667,-75.00,-206.00,4174.53,-0.8911,DOWN,222.05,1.1889,2.5397
20260619 110842 513,4163.90,1,4163.70,4164.00,0.30,4163.70,4,4163.60,3,4163.50,2,4163.40,2,4163.30,4,4163.20,4,4163.10,3,4163.00,5,4162.90,4,4162.80,4,4164.00,3,4164.10,2,4164.20,4,4164.30,6,4164.40,7,4164.50,5,4164.60,11,4164.70,9,4164.80,10,4164.90,11,Buy,132,134,266,-2.00,11.00,-35.00,3.40,44.1,4162.40,4163.90,4160.50,4163.90,123,141,264,-18.00,11.00,-36.00,2.60,38.5,-51,453,1.0000,16.5000,-74.00,-205.00,4174.57,-0.8784,DOWN,222.05,1.1889,2.5469
20260619 110842 513,4163.90,1,4163.70,4164.00,0.30,4163.70,4,4163.60,3,4163.50,2,4163.40,2,4163.30,4,4163.20,4,4163.10,3,4163.00,5,4162.90,4,4162.80,4,4164.00,3,4164.10,2,4164.20,4,4164.30,6,4164.40,7,4164.50,5,4164.60,11,4164.70,9,4164.80,10,4164.90,11,Buy,133,134,267,-1.00,11.00,-35.00,3.40,44.1,4162.40,4163.90,4160.50,4163.90,123,141,264,-18.00,11.00,-36.00,2.60,38.5,-51,453,1.0000,34.0000,-73.00,-204.00,4174.57,-0.8784,DOWN,222.05,1.1889,2.5469
20260619 110842 513,4163.90,1,4163.70,4164.00,0.30,4163.70,4,4163.60,3,4163.50,2,4163.40,2,4163.30,4,4163.20,4,4163.10,3,4163.00,5,4162.90,4,4162.80,4,4164.00,3,4164.10,2,4164.20,4,4164.30,6,4164.40,7,4164.50,5,4164.60,11,4164.70,9,4164.80,10,4164.90,11,Buy,134,134,268,0.00,11.00,-35.00,3.40,44.1,4162.40,4163.90,4160.50,4163.90,123,141,264,-18.00,11.00,-36.00,2.60,38.5,-51,453,1.0000,11.0000,-72.00,-203.00,4174.57,-0.8784,DOWN,222.05,1.1889,2.5469
